#include "loading_image_3ds.h"

alignas(4) const uint16_t kMk64LoadingImageRgb565[400 * 240] = {
    0x620A, 0x620A, 0x620A, 0x620A, 0x622A, 0x6A2B, 0x6A4B, 0x6A4B, 0x6A4B, 0x6A4B, 0x6A4B, 0x6A4B,
    0x6A4B, 0x6A4B, 0x6A6B, 0x6A4B, 0x6A4B, 0x6A4B, 0x6A4B, 0x622B, 0x622B, 0x5A2A, 0x5A0A, 0x5A0A,
    0x5A0A, 0x59E9, 0x51E9, 0x51E9, 0x51E9, 0x51E9, 0x49C8, 0x49A8, 0x51A8, 0x51C8, 0x49C8, 0x49A8,
    0x49A8, 0x4987, 0x4187, 0x4187, 0x4187, 0x4167, 0x4187, 0x4187, 0x4187, 0x4187, 0x4187, 0x4987,
    0x4987, 0x4987, 0x4987, 0x49A8, 0x51C8, 0x51C8, 0x51E9, 0x5A09, 0x5A0A, 0x5A0A, 0x622A, 0x622A,
    0x622A, 0x622A, 0x5A2A, 0x5A09, 0x5A09, 0x5A09, 0x59E9, 0x59E9, 0x51E9, 0x51C9, 0x51C9, 0x51C9,
    0x51E9, 0x51E9, 0x51E9, 0x51C9, 0x51C8, 0x49A8, 0x49A8, 0x49A8, 0x41A8, 0x4187, 0x49A7, 0x49A8,
    0x49A8, 0x49C8, 0x51E9, 0x59E9, 0x5A0A, 0x622A, 0x6A4B, 0x6A4B, 0x622A, 0x622A, 0x5A0A, 0x5A09,
    0x5A09, 0x5A0A, 0x5A0A, 0x5A0A, 0x5A2A, 0x622A, 0x5A2A, 0x5A2A, 0x5A2A, 0x5A09, 0x51E9, 0x51E9,
    0x51E9, 0x51E9, 0x51E9, 0x51E9, 0x51E9, 0x51E9, 0x5A0A, 0x5A0A, 0x622A, 0x622A, 0x622A, 0x5A2A,
    0x5A0A, 0x5A0A, 0x51E9, 0x51C9, 0x51E9, 0x51E9, 0x51E9, 0x51E9, 0x59E9, 0x51E9, 0x51E9, 0x51C9,
    0x51C9, 0x51E9, 0x5A09, 0x5A0A, 0x620A, 0x622A, 0x6A2B, 0x6A4B, 0x6A4B, 0x6A4B, 0x6A6B, 0x6A6B,
    0x6A6B, 0x6A6B, 0x6A6B, 0x6A6B, 0x6A6B, 0x6A4B, 0x622A, 0x622A, 0x622A, 0x622A, 0x622A, 0x622A,
    0x622A, 0x620A, 0x5A0A, 0x5A0A, 0x5A0A, 0x5A0A, 0x5A09, 0x5A09, 0x51E9, 0x51C8, 0x49A8, 0x4987,
    0x4987, 0x4187, 0x4187, 0x4988, 0x49A8, 0x49A8, 0x49A8, 0x49C8, 0x51C9, 0x5A09, 0x5A0A, 0x5A0A,
    0x5A0A, 0x620A, 0x620A, 0x620A, 0x6A4B, 0x6A4B, 0x6A4B, 0x6A2B, 0x6A2B, 0x622A, 0x5A0A, 0x622A,
    0x5A2A, 0x5A0A, 0x5A0A, 0x5A09, 0x51E9, 0x51E9, 0x51E9, 0x51E9, 0x5A09, 0x5A09, 0x5A09, 0x59E9,
    0x5A0A, 0x5A0A, 0x5A0A, 0x5A09, 0x59E9, 0x5A09, 0x51E9, 0x51C9, 0x49A8, 0x4988, 0x49A8, 0x49A8,
    0x51C8, 0x51C9, 0x51E9, 0x51C9, 0x51C8, 0x49A8, 0x4987, 0x4187, 0x49A8, 0x49A8, 0x4988, 0x4988,
    0x4187, 0x4167, 0x3946, 0x3146, 0x3146, 0x3146, 0x3146, 0x3146, 0x3126, 0x3126, 0x3126, 0x3126,
    0x3126, 0x3126, 0x3126, 0x3126, 0x3126, 0x3126, 0x3126, 0x3126, 0x3126, 0x3126, 0x3126, 0x3126,
    0x3126, 0x3126, 0x3126, 0x3126, 0x3126, 0x3126, 0x3126, 0x3126, 0x3126, 0x3126, 0x3126, 0x3126,
    0x3126, 0x3126, 0x3126, 0x3946, 0x3967, 0x4187, 0x4187, 0x4188, 0x49A8, 0x49A8, 0x49A8, 0x4988,
    0x4988, 0x49A8, 0x49C8, 0x51C8, 0x51C9, 0x59E9, 0x620A, 0x624A, 0x6A4B, 0x6A4B, 0x6A6B, 0x6A6B,
    0x6A6B, 0x6A6B, 0x6A4B, 0x6A4B, 0x6A4B, 0x6A4B, 0x6A6B, 0x6A6B, 0x6A6B, 0x6A4B, 0x6A4B, 0x6A4B,
    0x6A2B, 0x6A4B, 0x6A4B, 0x6A4B, 0x6A2B, 0x6A4B, 0x6A4B, 0x6A4B, 0x6A4B, 0x6A4B, 0x6A4B, 0x6A4B,
    0x6A4B, 0x6A4B, 0x6A6B, 0x6A6B, 0x6A6B, 0x6A6B, 0x6A6B, 0x6A4B, 0x6A4B, 0x6A4B, 0x6A4B, 0x6A4B,
    0x6A4B, 0x6A4B, 0x6A4B, 0x6A4B, 0x6A4B, 0x6A2B, 0x724B, 0x726C, 0x6A6B, 0x6A6B, 0x6A4B, 0x6A4B,
    0x6A4B, 0x6A4B, 0x6A2B, 0x6A2B, 0x6A4B, 0x6A4B, 0x6A4B, 0x6A4B, 0x6A4B, 0x6A4B, 0x6A4B, 0x6A4B,
    0x6A6B, 0x6A6C, 0x6A6C, 0x6A6B, 0x6A6B, 0x6A4B, 0x620A, 0x620A, 0x59E9, 0x5A09, 0x5A09, 0x51C8,
    0x4988, 0x4167, 0x4187, 0x3967, 0x3966, 0x3966, 0x4187, 0x4187, 0x4187, 0x4167, 0x4167, 0x4167,
    0x4167, 0x4187, 0x3966, 0x3146, 0x3966, 0x3967, 0x3947, 0x4167, 0x4187, 0x4988, 0x4187, 0x4187,
    0x4187, 0x4187, 0x4188, 0x4188, 0x4187, 0x3987, 0x3946, 0x3146, 0x3946, 0x3946, 0x3926, 0x3946,
    0x3946, 0x3946, 0x3946, 0x3946, 0x5A0A, 0x59E9, 0x5A09, 0x5A09, 0x5A0A, 0x622A, 0x622B, 0x622A,
    0x6A4B, 0x6A4B, 0x6A4B, 0x6A4B, 0x6A4B, 0x6A6B, 0x726B, 0x726C, 0x726C, 0x726B, 0x6A6B, 0x6A4B,
    0x622A, 0x622A, 0x622A, 0x5A2A, 0x5A09, 0x5A0A, 0x59E9, 0x51E9, 0x51E9, 0x51E9, 0x51C8, 0x49A8,
    0x4987, 0x49A8, 0x4187, 0x4187, 0x4187, 0x4167, 0x4167, 0x4167, 0x3946, 0x3926, 0x3926, 0x3146,
    0x3946, 0x3946, 0x4167, 0x4167, 0x4167, 0x4167, 0x4167, 0x4187, 0x41A8, 0x49A8, 0x49E8, 0x51E9,
    0x59E9, 0x5A0A, 0x622A, 0x624A, 0x622B, 0x622A, 0x622A, 0x5A0A, 0x5A09, 0x5A09, 0x5A09, 0x5A09,
    0x59E9, 0x59E9, 0x51E9, 0x51C9, 0x51C9, 0x51E9, 0x51C9, 0x51C9, 0x51C8, 0x49A8, 0x49A8, 0x49A8,
    0x49A8, 0x49A8, 0x49A8, 0x49A8, 0x49C8, 0x51C9, 0x51E9, 0x51E9, 0x5A09, 0x620A, 0x622A, 0x6A4B,
    0x6A4B, 0x622A, 0x622A, 0x5A2A, 0x5A09, 0x5A09, 0x5A09, 0x5A09, 0x5A09, 0x5A0A, 0x5A0A, 0x5A0A,
    0x5A0A, 0x5209, 0x51E9, 0x51E9, 0x51E9, 0x51C9, 0x51E9, 0x51E9, 0x51E9, 0x51E9, 0x51E9, 0x51E9,
    0x59E9, 0x59E9, 0x5A09, 0x51E9, 0x51C8, 0x49A8, 0x49A8, 0x4187, 0x4187, 0x4988, 0x49C8, 0x51C9,
    0x51C9, 0x51C9, 0x51C9, 0x51C8, 0x49C8, 0x51C9, 0x51E9, 0x51E9, 0x59E9, 0x622A, 0x6A4B, 0x6A4B,
    0x6A4B, 0x6A4B, 0x6A6B, 0x6A6C, 0x6A6B, 0x6A6B, 0x6A6B, 0x6A6B, 0x6A6B, 0x6A4B, 0x622B, 0x622B,
    0x622A, 0x622A, 0x622A, 0x622A, 0x622A, 0x620A, 0x5A09, 0x5A09, 0x5A09, 0x59E9, 0x5A09, 0x5A09,
    0x51E9, 0x49C8, 0x49A8, 0x4167, 0x3946, 0x3946, 0x3946, 0x3946, 0x4167, 0x4167, 0x4187, 0x49A8,
    0x51C8, 0x51E9, 0x51E9, 0x5A09, 0x59E9, 0x59E9, 0x59E9, 0x620A, 0x622A, 0x622A, 0x622A, 0x622A,
    0x6A2A, 0x622A, 0x622A, 0x622A, 0x622A, 0x622A, 0x5A0A, 0x5A0A, 0x5A0A, 0x5A0A, 0x5A0A, 0x5A0A,
    0x5A0A, 0x5A0A, 0x5A0A, 0x5A0A, 0x5A0A, 0x5A0A, 0x5A0A, 0x5A0A, 0x5A0A, 0x5A0A, 0x5A0A, 0x51C9,
    0x49A8, 0x49A8, 0x51C8, 0x51C9, 0x51C9, 0x51E9, 0x51C9, 0x51C8, 0x49A8, 0x4988, 0x49A8, 0x49A8,
    0x49A8, 0x49A8, 0x49A8, 0x49A8, 0x49A8, 0x4187, 0x3967, 0x3146, 0x3146, 0x3126, 0x3126, 0x3146,
    0x3146, 0x3146, 0x3146, 0x3146, 0x3146, 0x3146, 0x3126, 0x3126, 0x3126, 0x3126, 0x3126, 0x3126,
    0x3126, 0x3126, 0x3126, 0x3126, 0x3126, 0x3126, 0x3126, 0x3126, 0x3126, 0x3126, 0x3126, 0x3126,
    0x3126, 0x3126, 0x3146, 0x3146, 0x3146, 0x3126, 0x3126, 0x3967, 0x4187, 0x49C8, 0x49C8, 0x49A8,
    0x49A8, 0x49A8, 0x49A8, 0x4988, 0x49A8, 0x49A8, 0x51C9, 0x51E9, 0x5A09, 0x622A, 0x622A, 0x6A4B,
    0x6A6B, 0x6A6B, 0x6A6B, 0x6A6B, 0x6A6B, 0x6A6B, 0x6A4B, 0x6A4B, 0x6A4B, 0x6A4B, 0x6A6B, 0x6A6B,
    0x6A6B, 0x6A4B, 0x6A4B, 0x6A2B, 0x622A, 0x622A, 0x622A, 0x622A, 0x620A, 0x622A, 0x6A4B, 0x6A6B,
    0x6A6B, 0x6A6B, 0x6A4B, 0x6A4B, 0x6A4B, 0x6A4B, 0x6A4B, 0x6A6B, 0x6A6B, 0x6A6B, 0x6A6B, 0x6A4B,
    0x6A4B, 0x6A4B, 0x6A4B, 0x6A4B, 0x6A4B, 0x6A4B, 0x6A4B, 0x6A4B, 0x6A4B, 0x6A4B, 0x6A4B, 0x6A4B,
    0x6A4B, 0x6A4B, 0x6A4B, 0x6A4B, 0x622B, 0x622A, 0x622A, 0x622A, 0x6A4B, 0x6A4B, 0x6A2B, 0x6A4B,
    0x6A4B, 0x6A4B, 0x6A6B, 0x6A6B, 0x6A6B, 0x6A6B, 0x6A6B, 0x6A6B, 0x6A6B, 0x6A4B, 0x622A, 0x620A,
    0x59C9, 0x59E9, 0x51E9, 0x49A8, 0x4167, 0x3946, 0x3926, 0x3126, 0x3146, 0x3146, 0x3967, 0x3967,
    0x3967, 0x3946, 0x3946, 0x3946, 0x3946, 0x3967, 0x3967, 0x3967, 0x3987, 0x3987, 0x4167, 0x4187,
    0x41A8, 0x49A8, 0x4187, 0x4167, 0x4167, 0x4167, 0x4187, 0x4167, 0x3967, 0x3966, 0x3126, 0x3126,
    0x3126, 0x3126, 0x3126, 0x3126, 0x3146, 0x3946, 0x3946, 0x3967, 0x5A0A, 0x5A09, 0x5A0A, 0x5A0A,
    0x5A0A, 0x5A0A, 0x622A, 0x622A, 0x622A, 0x6A4B, 0x6A4B, 0x6A4B, 0x6A4B, 0x6A4B, 0x6A6B, 0x726B,
    0x726B, 0x726B, 0x6A6B, 0x6A4B, 0x622A, 0x622A, 0x622A, 0x5A0A, 0x5A0A, 0x5A0A, 0x5A09, 0x51E9,
    0x51E9, 0x51C9, 0x51E9, 0x49A8, 0x4187, 0x4187, 0x3967, 0x3946, 0x3966, 0x3966, 0x3946, 0x3946,
    0x3926, 0x3926, 0x3126, 0x3126, 0x3126, 0x3126, 0x3946, 0x3966, 0x3966, 0x3946, 0x3966, 0x3966,
    0x3967, 0x4167, 0x4187, 0x49A8, 0x51C8, 0x51C9, 0x59E9, 0x620A, 0x622A, 0x622A, 0x622A, 0x620A,
    0x5A0A, 0x5A0A, 0x5A0A, 0x620A, 0x620A, 0x620A, 0x620A, 0x5A0A, 0x59E9, 0x51E9, 0x51C9, 0x51C9,
    0x51C8, 0x49A8, 0x49A8, 0x49A8, 0x49A8, 0x49C8, 0x49C8, 0x49C8, 0x49C8, 0x51C8, 0x51E9, 0x51E9,
    0x5209, 0x5A0A, 0x622A, 0x622A, 0x6A2A, 0x622A, 0x622A, 0x622A, 0x5A0A, 0x5A09, 0x5A09, 0x5A09,
    0x59E9, 0x59E9, 0x51E9, 0x51E9, 0x51E9, 0x51E9, 0x51E9, 0x51E9, 0x51E9, 0x51C9, 0x51E9, 0x51E9,
    0x51C8, 0x49C8, 0x49C8, 0x49A8, 0x49A7, 0x49A8, 0x49A8, 0x4187, 0x4187, 0x4167, 0x4167, 0x4167,
    0x3966, 0x4167, 0x4187, 0x4187, 0x41A8, 0x49A8, 0x49A8, 0x49A8, 0x49A8, 0x49A8, 0x51C8, 0x51A8,
    0x51C9, 0x5A09, 0x622A, 0x622A, 0x6A4B, 0x6A4B, 0x6A4B, 0x6A6B, 0x6A6B, 0x6A4B, 0x6A6B, 0x6A6B,
    0x6A6B, 0x622B, 0x622B, 0x622B, 0x622A, 0x622A, 0x620A, 0x5A0A, 0x620A, 0x5A09, 0x51E9, 0x51E9,
    0x51E9, 0x51E9, 0x59E9, 0x51E9, 0x51C8, 0x49C8, 0x49C8, 0x4187, 0x3946, 0x3946, 0x3946, 0x3946,
    0x4167, 0x4187, 0x4187, 0x49A8, 0x49C8, 0x49C8, 0x51C8, 0x51E9, 0x59E9, 0x59E9, 0x5A09, 0x5A0A,
    0x622A, 0x622A, 0x622A, 0x622A, 0x622A, 0x622A, 0x622A, 0x622A, 0x622A, 0x622A, 0x620A, 0x620A,
    0x620A, 0x620A, 0x620A, 0x620A, 0x5A0A, 0x5A0A, 0x5A0A, 0x5A0A, 0x5A2A, 0x5A2A, 0x5A0A, 0x5A0A,
    0x5A0A, 0x5A0A, 0x620A, 0x59EA, 0x51C9, 0x51C9, 0x51C9, 0x51E9, 0x51C9, 0x51C9, 0x51C9, 0x51A8,
    0x51A8, 0x49A8, 0x51C8, 0x49A8, 0x51C9, 0x51C9, 0x49A8, 0x49C8, 0x49A8, 0x4187, 0x4187, 0x4167,
    0x3967, 0x3967, 0x3966, 0x3146, 0x3146, 0x3126, 0x3146, 0x3146, 0x3146, 0x3146, 0x3126, 0x3126,
    0x3126, 0x3126, 0x3126, 0x3126, 0x3126, 0x3126, 0x3126, 0x3126, 0x3126, 0x3126, 0x3126, 0x3126,
    0x3126, 0x3126, 0x3126, 0x3126, 0x3126, 0x3146, 0x3146, 0x3146, 0x3146, 0x3146, 0x3967, 0x4187,
    0x49A8, 0x51C8, 0x51C8, 0x51C8, 0x51C9, 0x51C8, 0x51C8, 0x49A8, 0x51C9, 0x51C8, 0x51E9, 0x5A09,
    0x5A0A, 0x622B, 0x6A2B, 0x6A4B, 0x6A6B, 0x6A6B, 0x6A6B, 0x6A4B, 0x6A4B, 0x6A4B, 0x6A4B, 0x6A4B,
    0x6A4B, 0x6A4B, 0x6A6B, 0x6A6B, 0x6A4B, 0x6A4B, 0x624B, 0x622A, 0x622A, 0x622A, 0x622A, 0x620A,
    0x620A, 0x622A, 0x6A4B, 0x6A4B, 0x6A4B, 0x6A4B, 0x6A4B, 0x6A4B, 0x6A4B, 0x6A4B, 0x6A4B, 0x6A6B,
    0x6A6B, 0x6A6B, 0x6A4B, 0x6A4B, 0x6A4B, 0x6A4B, 0x6A4B, 0x6A4B, 0x6A4B, 0x6A4B, 0x6A4B, 0x6A4B,
    0x6A4B, 0x6A4B, 0x6A4B, 0x6A4B, 0x624B, 0x6A4B, 0x624B, 0x624B, 0x622A, 0x622A, 0x622A, 0x622A,
    0x6A4B, 0x6A2B, 0x6A2B, 0x6A4B, 0x6A4B, 0x6A4B, 0x6A6B, 0x6A6B, 0x6A6B, 0x6A6B, 0x6A6B, 0x6A6B,
    0x6A4B, 0x6A4B, 0x622A, 0x5A09, 0x51C9, 0x51C8, 0x49C8, 0x4987, 0x4167, 0x3946, 0x3946, 0x3146,
    0x3146, 0x3146, 0x3967, 0x3967, 0x4187, 0x4187, 0x4167, 0x4167, 0x3967, 0x3967, 0x4167, 0x4167,
    0x4187, 0x4167, 0x4167, 0x4187, 0x4187, 0x4187, 0x4187, 0x4167, 0x4167, 0x4167, 0x4167, 0x4167,
    0x4167, 0x3967, 0x3946, 0x3946, 0x3946, 0x3946, 0x3946, 0x3946, 0x3946, 0x3946, 0x3967, 0x4167,
    0x5A09, 0x5A0A, 0x5A0A, 0x5A0A, 0x5A0A, 0x5A0A, 0x5A0A, 0x5A0A, 0x620A, 0x6A4B, 0x6A4B, 0x6A4B,
    0x6A4B, 0x6A4B, 0x6A6B, 0x726B, 0x726B, 0x726B, 0x6A6B, 0x6A6B, 0x6A4B, 0x6A4B, 0x622A, 0x622A,
    0x622A, 0x622A, 0x5A0A, 0x59E9, 0x59E9, 0x51E9, 0x51E9, 0x49A8, 0x4187, 0x3967, 0x3126, 0x3126,
    0x3146, 0x3146, 0x3126, 0x3126, 0x3146, 0x3126, 0x3126, 0x3126, 0x3126, 0x3126, 0x3126, 0x3946,
    0x3946, 0x3926, 0x3146, 0x3126, 0x3146, 0x3126, 0x3126, 0x4167, 0x4188, 0x49A8, 0x51C9, 0x5A0A,
    0x622A, 0x6A2A, 0x6A4B, 0x6A4B, 0x622A, 0x622A, 0x620A, 0x622A, 0x6A4B, 0x6A4B, 0x6A4B, 0x624B,
    0x622A, 0x5A0A, 0x51E9, 0x51C9, 0x51C8, 0x49A8, 0x49A8, 0x49C8, 0x49C8, 0x51C8, 0x51C8, 0x51C8,
    0x49C8, 0x51C8, 0x51E9, 0x51E9, 0x5209, 0x5A09, 0x5A0A, 0x622A, 0x6A4B, 0x6A4B, 0x6A2A, 0x622A,
    0x622A, 0x5A2A, 0x5A09, 0x59E9, 0x51E9, 0x51E9, 0x51C8, 0x51C8, 0x51C8, 0x51C8, 0x51E9, 0x5A09,
    0x51E9, 0x49C8, 0x49C8, 0x49C8, 0x49A8, 0x4187, 0x4187, 0x3967, 0x3946, 0x3146, 0x3946, 0x3126,
    0x3126, 0x3946, 0x3126, 0x3946, 0x3146, 0x3126, 0x3926, 0x3926, 0x3946, 0x3967, 0x4187, 0x49A8,
    0x49A8, 0x49A8, 0x49A8, 0x4988, 0x51C8, 0x51E9, 0x620A, 0x622A, 0x622A, 0x6A4B, 0x6A4B, 0x6A4B,
    0x6A4B, 0x6A4B, 0x6A6B, 0x6A6B, 0x6A4B, 0x622B, 0x622A, 0x622A, 0x620A, 0x620A, 0x5A0A, 0x5A09,
    0x5A0A, 0x5A09, 0x51C9, 0x51E9, 0x51E9, 0x51C9, 0x51C9, 0x51C9, 0x51C8, 0x49C8, 0x49C8, 0x4187,
    0x3946, 0x3966, 0x3946, 0x3946, 0x4187, 0x49A8, 0x4187, 0x4187, 0x41A8, 0x49A8, 0x49A8, 0x49A8,
    0x51E9, 0x59E9, 0x59E9, 0x5A0A, 0x622A, 0x620A, 0x620A, 0x620A, 0x622A, 0x620A, 0x620A, 0x620A,
    0x622A, 0x622A, 0x622B, 0x622A, 0x622A, 0x622B, 0x622B, 0x622A, 0x622A, 0x622A, 0x622A, 0x622A,
    0x622A, 0x622A, 0x622A, 0x622B, 0x622A, 0x622A, 0x622B, 0x620A, 0x5A0A, 0x59E9, 0x59E9, 0x59E9,
    0x51C9, 0x51C9, 0x51C9, 0x51C8, 0x51C9, 0x51C9, 0x51E9, 0x51C9, 0x51E9, 0x51E9, 0x51C9, 0x51E9,
    0x49C8, 0x49A8, 0x49A8, 0x49A8, 0x4187, 0x41A7, 0x4187, 0x3946, 0x3126, 0x3126, 0x3126, 0x3126,
    0x3146, 0x3146, 0x3126, 0x3126, 0x3126, 0x3126, 0x3126, 0x3126, 0x3126, 0x3126, 0x3126, 0x3126,
    0x3126, 0x3126, 0x3126, 0x3126, 0x3126, 0x3126, 0x3126, 0x3126, 0x3146, 0x3146, 0x3146, 0x3126,
    0x3146, 0x3946, 0x4187, 0x49A8, 0x49C8, 0x51C8, 0x51C9, 0x51E9, 0x59E9, 0x59E9, 0x59E9, 0x59E9,
    0x5A0A, 0x5A0A, 0x620A, 0x622A, 0x624B, 0x6A4B, 0x6A4B, 0x6A4B, 0x6A4B, 0x6A4B, 0x6A4B, 0x6A4B,
    0x6A4B, 0x6A4B, 0x6A4B, 0x6A4B, 0x6A4B, 0x6A6B, 0x6A4B, 0x6A4B, 0x622A, 0x620A, 0x620A, 0x622A,
    0x622A, 0x622A, 0x620A, 0x620A, 0x622A, 0x622A, 0x624B, 0x6A4B, 0x6A4B, 0x6A4B, 0x6A6B, 0x6A6B,
    0x6A4B, 0x6A4B, 0x6A4B, 0x624B, 0x624B, 0x6A4B, 0x6A6B, 0x6A4B, 0x6A4B, 0x622B, 0x6A2B, 0x6A4B,
    0x6A4B, 0x6A4B, 0x6A4B, 0x6A4B, 0x6A4B, 0x6A4B, 0x6A4B, 0x6A2B, 0x622A, 0x622A, 0x622A, 0x622A,
    0x622A, 0x622A, 0x622A, 0x622A, 0x622A, 0x622A, 0x6A4B, 0x6A4B, 0x6A4B, 0x6A4B, 0x6A6B, 0x6A4B,
    0x6A6B, 0x6A6B, 0x6A6B, 0x6A6B, 0x6A4B, 0x6A4B, 0x5A0A, 0x51E9, 0x49A8, 0x49A8, 0x4988, 0x4187,
    0x4166, 0x3946, 0x3946, 0x3946, 0x3126, 0x3946, 0x3967, 0x4167, 0x4988, 0x49A8, 0x49A8, 0x4187,
    0x4187, 0x4167, 0x4187, 0x4187, 0x4167, 0x4167, 0x4167, 0x4167, 0x4167, 0x4167, 0x4167, 0x4167,
    0x4167, 0x4167, 0x4167, 0x4167, 0x4167, 0x4167, 0x4167, 0x4167, 0x4167, 0x4167, 0x4167, 0x3967,
    0x4167, 0x4187, 0x4188, 0x4187, 0x5A09, 0x5A09, 0x5A0A, 0x5A0A, 0x5A0A, 0x5A0A, 0x5A09, 0x5A0A,
    0x5A0A, 0x622A, 0x6A4B, 0x6A4B, 0x624B, 0x6A4B, 0x6A4B, 0x6A4B, 0x6A6B, 0x726B, 0x6A6B, 0x6A6B,
    0x6A6B, 0x6A6B, 0x6A2B, 0x6A2A, 0x622A, 0x622A, 0x622A, 0x5A0A, 0x5A0A, 0x5A09, 0x51E9, 0x49C8,
    0x4187, 0x4167, 0x3946, 0x3926, 0x3146, 0x3126, 0x3126, 0x3126, 0x3146, 0x3146, 0x3126, 0x3126,
    0x3126, 0x3126, 0x3126, 0x3126, 0x3946, 0x3126, 0x3126, 0x3146, 0x3146, 0x3126, 0x3126, 0x3126,
    0x3967, 0x4187, 0x49A8, 0x51C9, 0x59EA, 0x622A, 0x622A, 0x622A, 0x622A, 0x620A, 0x620A, 0x620A,
    0x6A2A, 0x6A4B, 0x6A4B, 0x6A4B, 0x6A2B, 0x622A, 0x59E9, 0x51E9, 0x51E9, 0x51C9, 0x51C8, 0x51C8,
    0x49C8, 0x51C8, 0x49C8, 0x49C8, 0x49C8, 0x49C8, 0x51C8, 0x51E9, 0x51E9, 0x51E9, 0x59E9, 0x5A0A,
    0x622A, 0x622A, 0x622A, 0x622A, 0x622A, 0x5A0A, 0x5A09, 0x59E9, 0x51E9, 0x51C9, 0x49A8, 0x49A8,
    0x49A8, 0x49A8, 0x51C9, 0x51C9, 0x49A8, 0x49A8, 0x4188, 0x4187, 0x4167, 0x3967, 0x3946, 0x3146,
    0x3146, 0x3126, 0x3126, 0x3126, 0x3126, 0x3126, 0x3126, 0x3126, 0x3126, 0x3126, 0x3126, 0x3126,
    0x3126, 0x3946, 0x3967, 0x4187, 0x49A8, 0x49A8, 0x49A8, 0x49A8, 0x49A8, 0x51C8, 0x59E9, 0x5A0A,
    0x5A0A, 0x622A, 0x622A, 0x6A4B, 0x6A2B, 0x6A4B, 0x6A4B, 0x6A6B, 0x6A4B, 0x622B, 0x620A, 0x5A0A,
    0x59E9, 0x59E9, 0x59E9, 0x59E9, 0x59E9, 0x51E9, 0x49A8, 0x49A8, 0x49A8, 0x49A8, 0x49A8, 0x4988,
    0x49A8, 0x49A8, 0x49A8, 0x4167, 0x3946, 0x3967, 0x3946, 0x3946, 0x3967, 0x4187, 0x4187, 0x4167,
    0x4187, 0x49A8, 0x49A8, 0x49A8, 0x51E9, 0x51E9, 0x51E9, 0x5A09, 0x5A0A, 0x5A0A, 0x620A, 0x620A,
    0x622A, 0x622A, 0x620A, 0x620A, 0x620A, 0x622A, 0x624B, 0x622B, 0x622B, 0x622A, 0x622A, 0x622A,
    0x622A, 0x622A, 0x622A, 0x622A, 0x622A, 0x622A, 0x622A, 0x622B, 0x622B, 0x622B, 0x622B, 0x622B,
    0x5A0A, 0x5A0A, 0x59E9, 0x59E9, 0x51C9, 0x51C9, 0x51C9, 0x51C9, 0x51C9, 0x51E9, 0x51E9, 0x51E9,
    0x5A09, 0x51E9, 0x51E9, 0x51E9, 0x51C8, 0x49C8, 0x49A8, 0x49A8, 0x49A8, 0x49A8, 0x4987, 0x4167,
    0x3946, 0x3946, 0x3926, 0x3126, 0x3126, 0x3146, 0x3126, 0x3126, 0x3126, 0x3126, 0x3126, 0x3126,
    0x3126, 0x3126, 0x3126, 0x3126, 0x3126, 0x3126, 0x3126, 0x3126, 0x3126, 0x3126, 0x3126, 0x3126,
    0x3146, 0x3126, 0x3946, 0x3946, 0x3966, 0x4167, 0x49A8, 0x49C8, 0x51E9, 0x51E9, 0x59E9, 0x5A0A,
    0x5A0A, 0x620A, 0x620A, 0x620A, 0x622A, 0x622B, 0x622B, 0x622B, 0x6A4B, 0x6A4B, 0x6A4B, 0x6A4B,
    0x6A4B, 0x6A4B, 0x6A4B, 0x6A4B, 0x6A4B, 0x6A4B, 0x6A4B, 0x6A4B, 0x6A4B, 0x6A4B, 0x6A4B, 0x6A4B,
    0x622A, 0x620A, 0x5A0A, 0x622A, 0x5A2A, 0x5A0A, 0x5A0A, 0x620A, 0x622A, 0x622A, 0x622A, 0x624B,
    0x6A4B, 0x6A4B, 0x6A4B, 0x6A4B, 0x6A4B, 0x6A2B, 0x622B, 0x622B, 0x624B, 0x6A4B, 0x6A6B, 0x6A4B,
    0x6A4B, 0x622B, 0x622B, 0x6A2B, 0x6A4B, 0x6A4B, 0x6A4B, 0x6A4B, 0x6A4B, 0x6A4B, 0x624B, 0x622A,
    0x622A, 0x5A0A, 0x5A2A, 0x5A0A, 0x5A0A, 0x622A, 0x622A, 0x622A, 0x622A, 0x622A, 0x6A4B, 0x6A4B,
    0x6A6B, 0x6A6B, 0x6A6B, 0x6A4B, 0x6A6B, 0x6A6B, 0x6A6B, 0x6A4B, 0x6A4B, 0x622A, 0x59E9, 0x51E9,
    0x49A8, 0x49A8, 0x49A8, 0x4987, 0x4167, 0x3946, 0x4167, 0x4167, 0x4167, 0x4167, 0x4987, 0x49A8,
    0x49A8, 0x49A8, 0x49C8, 0x4987, 0x4187, 0x4187, 0x4187, 0x4187, 0x4167, 0x4167, 0x4167, 0x4167,
    0x4147, 0x4147, 0x4167, 0x4167, 0x4167, 0x4167, 0x4167, 0x4187, 0x4187, 0x4187, 0x4187, 0x4187,
    0x4187, 0x4187, 0x4187, 0x4187, 0x4988, 0x49A8, 0x49A8, 0x49A8, 0x5A09, 0x51E9, 0x5A09, 0x5A09,
    0x5A09, 0x5A0A, 0x5209, 0x5A0A, 0x622A, 0x620A, 0x6A4A, 0x6A4B, 0x6A4B, 0x6A4B, 0x6A4B, 0x6A4B,
    0x6A4B, 0x6A6B, 0x726C, 0x6A6B, 0x6A6B, 0x6A6B, 0x6A6B, 0x6A4B, 0x6A2B, 0x622A, 0x622A, 0x620A,
    0x622A, 0x5A0A, 0x51E9, 0x51C9, 0x49A8, 0x4187, 0x4167, 0x3946, 0x3946, 0x3126, 0x3126, 0x3126,
    0x3126, 0x3146, 0x3146, 0x3126, 0x3126, 0x3126, 0x3126, 0x3126, 0x3126, 0x3126, 0x3126, 0x3146,
    0x3146, 0x3126, 0x3126, 0x3126, 0x3146, 0x3146, 0x3967, 0x4988, 0x51A8, 0x59E9, 0x5A0A, 0x620A,
    0x622A, 0x622A, 0x6A2A, 0x622A, 0x620A, 0x622A, 0x622A, 0x622A, 0x6A2B, 0x622A, 0x620A, 0x5A0A,
    0x59E9, 0x51E9, 0x51C9, 0x51E9, 0x51C8, 0x49C8, 0x49A8, 0x49A8, 0x49A8, 0x49A8, 0x49C8, 0x49C8,
    0x51C9, 0x51C9, 0x51E9, 0x5A09, 0x5A0A, 0x620A, 0x620A, 0x620A, 0x5A2A, 0x5A0A, 0x59E9, 0x5209,
    0x5A09, 0x51C9, 0x49A8, 0x4187, 0x4167, 0x4187, 0x4187, 0x4187, 0x4167, 0x3967, 0x3946, 0x3946,
    0x3946, 0x3946, 0x3146, 0x3146, 0x3146, 0x3146, 0x3146, 0x3146, 0x3146, 0x3146, 0x3146, 0x3146,
    0x3146, 0x3146, 0x3146, 0x3126, 0x3126, 0x3146, 0x3946, 0x3967, 0x4187, 0x4187, 0x49A8, 0x49A8,
    0x49A8, 0x49A8, 0x51C9, 0x51E9, 0x51E9, 0x59E9, 0x5A0A, 0x622A, 0x6A2B, 0x6A4B, 0x6A4B, 0x6A4B,
    0x6A4B, 0x622A, 0x5A09, 0x51E9, 0x51A8, 0x49A8, 0x51C9, 0x51C9, 0x49C8, 0x49A8, 0x4187, 0x4167,
    0x3966, 0x3966, 0x3967, 0x4167, 0x4167, 0x4167, 0x4187, 0x3967, 0x3946, 0x3146, 0x3946, 0x3146,
    0x3126, 0x3946, 0x3946, 0x3946, 0x4167, 0x4187, 0x49A8, 0x49A8, 0x49C8, 0x51C8, 0x51E9, 0x51E9,
    0x5A0A, 0x5A0A, 0x622A, 0x622A, 0x5A2A, 0x622A, 0x622A, 0x620A, 0x620A, 0x622A, 0x622B, 0x622B,
    0x622B, 0x622A, 0x622A, 0x622A, 0x620A, 0x622A, 0x622B, 0x622A, 0x622A, 0x622B, 0x622A, 0x622A,
    0x622A, 0x622B, 0x622A, 0x622B, 0x5A0A, 0x5A0A, 0x59E9, 0x51E9, 0x59E9, 0x51E9, 0x51C9, 0x51C9,
    0x51C9, 0x51E9, 0x51E9, 0x51E9, 0x5A0A, 0x5A09, 0x51E9, 0x51E9, 0x51E9, 0x51E9, 0x51C9, 0x51C9,
    0x51C9, 0x51C9, 0x51C8, 0x49A8, 0x4187, 0x4167, 0x3946, 0x3126, 0x3126, 0x3146, 0x3146, 0x3146,
    0x3126, 0x3126, 0x3126, 0x3126, 0x3126, 0x3126, 0x3126, 0x3126, 0x3126, 0x3126, 0x3126, 0x3126,
    0x3126, 0x3126, 0x3126, 0x3126, 0x3126, 0x3126, 0x3946, 0x4167, 0x4987, 0x49A8, 0x49C8, 0x51C8,
    0x51E9, 0x5A0A, 0x5A0A, 0x620A, 0x622B, 0x622B, 0x622B, 0x622B, 0x6A2B, 0x6A4B, 0x6A4B, 0x6A4B,
    0x6A4B, 0x6A4B, 0x6A4B, 0x6A4B, 0x6A4B, 0x6A4B, 0x6A2B, 0x6A4B, 0x6A4B, 0x6A4B, 0x6A2B, 0x6A4B,
    0x6A4B, 0x6A4B, 0x622A, 0x622A, 0x620A, 0x620A, 0x620A, 0x620A, 0x622A, 0x620A, 0x620A, 0x620A,
    0x622A, 0x622A, 0x622A, 0x624B, 0x6A4B, 0x6A4B, 0x624B, 0x622A, 0x620A, 0x622A, 0x622B, 0x622B,
    0x624B, 0x6A4B, 0x6A4B, 0x6A4B, 0x6A4B, 0x6A4B, 0x622A, 0x622A, 0x6A2A, 0x6A2B, 0x624B, 0x624B,
    0x622B, 0x622B, 0x622B, 0x620A, 0x5A0A, 0x59E9, 0x5A09, 0x59E9, 0x5A09, 0x622A, 0x622A, 0x622A,
    0x622A, 0x6A4B, 0x6A4B, 0x6A6B, 0x6A6B, 0x6A6B, 0x6A6B, 0x6A6B, 0x6A6B, 0x6A6B, 0x6A4B, 0x6A2B,
    0x622A, 0x5A0A, 0x59E9, 0x51E8, 0x49A8, 0x49A8, 0x49A8, 0x49A8, 0x4987, 0x4987, 0x49A8, 0x49A8,
    0x49A8, 0x49A8, 0x51C8, 0x51E9, 0x51C8, 0x49A8, 0x49C8, 0x49A8, 0x4187, 0x4187, 0x4167, 0x4167,
    0x4167, 0x4167, 0x4167, 0x4167, 0x4167, 0x4167, 0x4187, 0x4187, 0x4187, 0x4187, 0x4187, 0x4987,
    0x4988, 0x49A8, 0x4988, 0x49A8, 0x49A8, 0x49A8, 0x49A8, 0x49A8, 0x49A8, 0x49A8, 0x49A8, 0x51C8,
    0x51C9, 0x51C9, 0x51E9, 0x51E9, 0x51E9, 0x51E9, 0x5209, 0x5A09, 0x5A0A, 0x5A0A, 0x622A, 0x622A,
    0x622A, 0x622A, 0x6A4B, 0x6A4B, 0x6A2B, 0x6A4B, 0x6A6B, 0x6A6B, 0x6A6B, 0x6A6B, 0x6A6B, 0x6A4B,
    0x6A4B, 0x6A2B, 0x622A, 0x622A, 0x622A, 0x620A, 0x59E9, 0x59E9, 0x51C9, 0x49A8, 0x4987, 0x4167,
    0x4167, 0x3946, 0x3946, 0x3926, 0x3926, 0x3926, 0x3146, 0x3926, 0x3126, 0x3126, 0x3126, 0x3126,
    0x3126, 0x3126, 0x3126, 0x3146, 0x3126, 0x3126, 0x3126, 0x3125, 0x3125, 0x3126, 0x3126, 0x3946,
    0x4167, 0x4988, 0x49C8, 0x51E9, 0x59E9, 0x59E9, 0x620A, 0x620A, 0x59EA, 0x620A, 0x620A, 0x620A,
    0x622A, 0x622A, 0x622A, 0x622A, 0x5A0A, 0x59E9, 0x51E9, 0x51E9, 0x51E9, 0x49C8, 0x49A8, 0x41A7,
    0x49A7, 0x49A7, 0x49A8, 0x49A8, 0x49C8, 0x49C8, 0x51C8, 0x51C9, 0x51C9, 0x51C9, 0x59E9, 0x51E9,
    0x51E9, 0x51E9, 0x51E9, 0x51E9, 0x51E9, 0x49C8, 0x4988, 0x4167, 0x4167, 0x4167, 0x4167, 0x4167,
    0x4167, 0x3966, 0x3926, 0x3126, 0x3146, 0x3146, 0x3126, 0x3126, 0x3126, 0x3146, 0x3146, 0x3146,
    0x3146, 0x3146, 0x3126, 0x3126, 0x3126, 0x3146, 0x3146, 0x3126, 0x3126, 0x3126, 0x3926, 0x3946,
    0x3967, 0x4167, 0x4187, 0x49A8, 0x4187, 0x49A8, 0x49A8, 0x49C8, 0x51C8, 0x51C9, 0x59E9, 0x5A0A,
    0x622B, 0x622A, 0x622B, 0x622B, 0x622A, 0x5A0A, 0x51C9, 0x49A8, 0x4988, 0x4988, 0x4188, 0x4188,
    0x4188, 0x4187, 0x4187, 0x3946, 0x3926, 0x3126, 0x3146, 0x3946, 0x3966, 0x3966, 0x3966, 0x3946,
    0x3126, 0x3126, 0x3126, 0x3126, 0x3126, 0x3126, 0x3126, 0x3946, 0x3946, 0x3946, 0x4187, 0x4988,
    0x49A8, 0x49C8, 0x51E9, 0x51C9, 0x59E9, 0x5A0A, 0x5A0A, 0x5A0A, 0x5A2A, 0x5A2A, 0x620A, 0x620A,
    0x620A, 0x622A, 0x622B, 0x622B, 0x622B, 0x622B, 0x622B, 0x622A, 0x622B, 0x622A, 0x622A, 0x622A,
    0x622A, 0x622B, 0x622B, 0x622A, 0x622A, 0x622B, 0x622A, 0x622A, 0x59E9, 0x5A0A, 0x51C9, 0x51C9,
    0x59E9, 0x59E9, 0x51C9, 0x51C9, 0x51C9, 0x51E9, 0x51E9, 0x51E9, 0x5A09, 0x5A09, 0x5209, 0x51E9,
    0x51E9, 0x51E9, 0x51E9, 0x51E9, 0x51C9, 0x51E9, 0x51C9, 0x49A8, 0x4988, 0x4187, 0x3967, 0x3926,
    0x3946, 0x3146, 0x3146, 0x3146, 0x3146, 0x3146, 0x3146, 0x3146, 0x3146, 0x3146, 0x3146, 0x3146,
    0x3146, 0x3146, 0x3146, 0x3146, 0x3126, 0x3146, 0x3146, 0x3146, 0x3146, 0x3146, 0x3967, 0x4187,
    0x49A8, 0x49A8, 0x51C8, 0x51C9, 0x51E9, 0x5A0A, 0x620A, 0x622A, 0x622B, 0x6A4B, 0x6A2B, 0x6A4B,
    0x6A4B, 0x6A4B, 0x6A4B, 0x624B, 0x624B, 0x624B, 0x6A4B, 0x6A4B, 0x624B, 0x622B, 0x622B, 0x622A,
    0x622B, 0x622A, 0x622A, 0x622A, 0x622B, 0x622A, 0x5A0A, 0x5A0A, 0x620A, 0x620A, 0x620A, 0x620A,
    0x622A, 0x622A, 0x622A, 0x622A, 0x622A, 0x6A2B, 0x6A4B, 0x6A4B, 0x6A4B, 0x624B, 0x622A, 0x620A,
    0x622A, 0x6A2B, 0x6A4B, 0x624B, 0x624B, 0x6A6B, 0x6A4B, 0x6A4B, 0x6A4B, 0x6A4B, 0x622A, 0x622A,
    0x622A, 0x622A, 0x622A, 0x622A, 0x622A, 0x622B, 0x622A, 0x5A0A, 0x5A09, 0x51E9, 0x59E9, 0x59E9,
    0x59E9, 0x5A2A, 0x622A, 0x622A, 0x622A, 0x6A4B, 0x6A4B, 0x6A6B, 0x6A6B, 0x6A6B, 0x6A4B, 0x6A4B,
    0x6A4B, 0x6A4B, 0x6A4B, 0x622A, 0x5A0A, 0x59E9, 0x51C9, 0x51C8, 0x49A8, 0x49C8, 0x51C8, 0x49A8,
    0x49A8, 0x51C8, 0x51C9, 0x51C9, 0x51C9, 0x51C9, 0x51E9, 0x51E9, 0x51C9, 0x49A8, 0x49A8, 0x4187,
    0x4187, 0x4187, 0x4167, 0x4167, 0x4167, 0x4167, 0x4167, 0x4167, 0x4187, 0x4187, 0x4987, 0x4987,
    0x4987, 0x4988, 0x49A8, 0x49A8, 0x49A8, 0x49A8, 0x49A8, 0x49A8, 0x49C8, 0x49C8, 0x49C8, 0x49C8,
    0x49C8, 0x49C8, 0x51C8, 0x51E9, 0x4987, 0x4988, 0x49A8, 0x49A8, 0x49A8, 0x49A8, 0x51C9, 0x51C9,
    0x51C9, 0x51C9, 0x59E9, 0x59E9, 0x59EA, 0x620A, 0x622A, 0x622A, 0x622A, 0x622A, 0x622B, 0x6A4B,
    0x6A6B, 0x6A4B, 0x6A6B, 0x6A6B, 0x6A4B, 0x6A4B, 0x6A4B, 0x6A4B, 0x6A4B, 0x622A, 0x622B, 0x622A,
    0x5A09, 0x51E9, 0x51C8, 0x49A8, 0x4988, 0x4187, 0x4146, 0x3926, 0x3926, 0x3126, 0x3126, 0x3926,
    0x3126, 0x3126, 0x3126, 0x3126, 0x3126, 0x3126, 0x3126, 0x3146, 0x3146, 0x3146, 0x3126, 0x3126,
    0x3126, 0x3146, 0x3126, 0x3126, 0x3946, 0x3946, 0x3967, 0x4187, 0x4167, 0x4988, 0x51C8, 0x51C9,
    0x51C9, 0x59E9, 0x59C9, 0x59E9, 0x5A0A, 0x622A, 0x622A, 0x622A, 0x620A, 0x5A0A, 0x59E9, 0x51C9,
    0x51C9, 0x49C8, 0x49A8, 0x4187, 0x4167, 0x4187, 0x4187, 0x4187, 0x4187, 0x4987, 0x4987, 0x4987,
    0x4988, 0x4987, 0x4987, 0x4987, 0x49A8, 0x49A8, 0x49C8, 0x49C8, 0x49C8, 0x49A8, 0x4987, 0x4167,
    0x4167, 0x4167, 0x4167, 0x4167, 0x4187, 0x4167, 0x3946, 0x3126, 0x3126, 0x3146, 0x3126, 0x3126,
    0x3126, 0x3126, 0x3126, 0x3126, 0x3126, 0x3126, 0x3126, 0x3126, 0x3126, 0x3126, 0x3126, 0x3126,
    0x3126, 0x3126, 0x3126, 0x3146, 0x3926, 0x3947, 0x4187, 0x4187, 0x4187, 0x4188, 0x4187, 0x4187,
    0x49A8, 0x49A8, 0x51C9, 0x51E9, 0x59EA, 0x59EA, 0x5A0A, 0x59EA, 0x59E9, 0x51C9, 0x49C8, 0x49A8,
    0x4167, 0x4147, 0x3926, 0x3946, 0x3967, 0x4187, 0x4167, 0x3946, 0x3126, 0x3146, 0x3126, 0x3146,
    0x3146, 0x3146, 0x3146, 0x3146, 0x3126, 0x3126, 0x3126, 0x3126, 0x3146, 0x3126, 0x3126, 0x3146,
    0x3126, 0x3926, 0x4167, 0x4188, 0x49A8, 0x51C8, 0x51C8, 0x51C8, 0x51C9, 0x59E9, 0x59E9, 0x5A0A,
    0x5A0A, 0x5A0A, 0x620A, 0x622A, 0x622A, 0x622A, 0x622B, 0x622B, 0x622B, 0x622A, 0x622B, 0x622A,
    0x6A4B, 0x6A4B, 0x622B, 0x622A, 0x622A, 0x622B, 0x622A, 0x620A, 0x620A, 0x622A, 0x620A, 0x620A,
    0x59E9, 0x5A09, 0x51C9, 0x51C9, 0x59E9, 0x59E9, 0x51E9, 0x59E9, 0x59E9, 0x51E9, 0x51E9, 0x51E9,
    0x51E9, 0x5209, 0x5209, 0x51E9, 0x5209, 0x59E9, 0x59E9, 0x51C9, 0x51C9, 0x51C9, 0x51C9, 0x49A8,
    0x49A8, 0x4187, 0x4167, 0x3947, 0x3926, 0x3126, 0x3146, 0x3146, 0x3146, 0x3146, 0x3146, 0x3146,
    0x3146, 0x3146, 0x3146, 0x3146, 0x3146, 0x3146, 0x3146, 0x3146, 0x3146, 0x3146, 0x3146, 0x3146,
    0x3146, 0x3946, 0x4187, 0x49A8, 0x51A8, 0x4988, 0x51A8, 0x51E9, 0x59E9, 0x5A0A, 0x620A, 0x622A,
    0x6A2B, 0x6A4B, 0x6A4B, 0x6A4B, 0x6A4B, 0x622B, 0x622A, 0x622A, 0x622A, 0x622A, 0x622A, 0x622B,
    0x622A, 0x622A, 0x620A, 0x5A0A, 0x5A0A, 0x59EA, 0x59E9, 0x59E9, 0x51C9, 0x51E9, 0x59E9, 0x5A09,
    0x5A0A, 0x622A, 0x622A, 0x6A2B, 0x6A4B, 0x6A4B, 0x6A4B, 0x6A4B, 0x6A4B, 0x6A4B, 0x6A4B, 0x6A4B,
    0x622A, 0x622A, 0x620A, 0x620A, 0x6A2B, 0x6A4B, 0x6A4B, 0x6A6B, 0x6A4B, 0x6A6B, 0x6A6B, 0x6A4B,
    0x6A4B, 0x6A4B, 0x622A, 0x622A, 0x620A, 0x620A, 0x620A, 0x620A, 0x620A, 0x622A, 0x622A, 0x5A0A,
    0x5A0A, 0x5A09, 0x5A09, 0x51E9, 0x59E9, 0x5A2A, 0x622A, 0x622A, 0x6A4A, 0x6A4B, 0x6A4B, 0x6A6B,
    0x6A6B, 0x6A4B, 0x6A4B, 0x6A2B, 0x622A, 0x622A, 0x622A, 0x5A0A, 0x59E9, 0x51C9, 0x51C9, 0x51C8,
    0x51C8, 0x51C8, 0x51E9, 0x51C8, 0x51C8, 0x51E9, 0x51E9, 0x51E9, 0x51C9, 0x51E9, 0x51C9, 0x51C8,
    0x49A8, 0x4988, 0x3967, 0x4167, 0x4167, 0x4187, 0x4167, 0x4167, 0x4987, 0x4987, 0x4987, 0x4987,
    0x4988, 0x4988, 0x49A8, 0x49A8, 0x49A8, 0x49A8, 0x49A8, 0x49A8, 0x49A8, 0x49A8, 0x49A8, 0x49A8,
    0x4988, 0x4987, 0x4987, 0x49A8, 0x49C8, 0x51C9, 0x51C9, 0x51E9, 0x4167, 0x4167, 0x4187, 0x4187,
    0x4187, 0x4187, 0x49A8, 0x49A8, 0x49A8, 0x49A8, 0x51C9, 0x51C9, 0x51E9, 0x59E9, 0x5A09, 0x5A09,
    0x620A, 0x620A, 0x622A, 0x622A, 0x6A4B, 0x6A4B, 0x6A4B, 0x6A4B, 0x6A6B, 0x6A6B, 0x6A4B, 0x6A4B,
    0x6A4B, 0x6A4B, 0x6A4B, 0x6A4B, 0x622A, 0x620A, 0x59E9, 0x51C9, 0x51C8, 0x49A8, 0x4187, 0x4167,
    0x3946, 0x3926, 0x3926, 0x3146, 0x3126, 0x3126, 0x3126, 0x3126, 0x3126, 0x3126, 0x3126, 0x3146,
    0x3146, 0x3146, 0x3146, 0x3146, 0x3126, 0x3146, 0x3146, 0x3126, 0x3126, 0x3125, 0x3126, 0x3126,
    0x3926, 0x4167, 0x4187, 0x49A8, 0x49C8, 0x51C9, 0x51C8, 0x51C9, 0x59E9, 0x5A0A, 0x620A, 0x620A,
    0x622A, 0x622A, 0x5A0A, 0x51E9, 0x51C8, 0x49C8, 0x4988, 0x4167, 0x3967, 0x3966, 0x4167, 0x4167,
    0x3967, 0x4167, 0x4167, 0x3947, 0x3947, 0x3946, 0x3946, 0x3946, 0x3967, 0x4167, 0x4187, 0x4187,
    0x4187, 0x4188, 0x4187, 0x4167, 0x4167, 0x4167, 0x4167, 0x4167, 0x4187, 0x4167, 0x4167, 0x3946,
    0x3126, 0x3146, 0x3126, 0x3126, 0x3126, 0x3126, 0x3126, 0x3126, 0x3126, 0x3126, 0x3126, 0x3126,
    0x3126, 0x3126, 0x3126, 0x3126, 0x3126, 0x3126, 0x3146, 0x3146, 0x3146, 0x3946, 0x3967, 0x4167,
    0x4167, 0x4167, 0x3967, 0x3967, 0x4167, 0x4167, 0x4187, 0x49A8, 0x49A8, 0x49A8, 0x49A8, 0x49A8,
    0x51C8, 0x51C8, 0x49A8, 0x4988, 0x4147, 0x3926, 0x3106, 0x3126, 0x3947, 0x3967, 0x3947, 0x3946,
    0x3126, 0x3146, 0x3126, 0x3126, 0x3126, 0x3126, 0x3126, 0x3126, 0x3126, 0x3126, 0x3126, 0x3126,
    0x3146, 0x3126, 0x3126, 0x3126, 0x3126, 0x3926, 0x3947, 0x4187, 0x49C8, 0x51C8, 0x49C8, 0x49C8,
    0x51C8, 0x51C9, 0x51E9, 0x59E9, 0x5A0A, 0x5A0A, 0x5A2A, 0x622A, 0x622A, 0x622A, 0x622B, 0x622A,
    0x622A, 0x622A, 0x622A, 0x622A, 0x6A4B, 0x6A4B, 0x6A4B, 0x622A, 0x622A, 0x622A, 0x620A, 0x620A,
    0x620A, 0x622A, 0x622A, 0x622A, 0x59E9, 0x59E9, 0x59E9, 0x59E9, 0x59E9, 0x59E9, 0x59E9, 0x59E9,
    0x59E9, 0x51E9, 0x51E9, 0x51E9, 0x51E9, 0x5209, 0x5209, 0x51E9, 0x5A09, 0x59E9, 0x59C9, 0x51C9,
    0x51C8, 0x51C8, 0x51C8, 0x49A8, 0x49A8, 0x4987, 0x4167, 0x4167, 0x3926, 0x3126, 0x3126, 0x3126,
    0x3126, 0x3146, 0x3146, 0x3146, 0x3146, 0x3146, 0x3146, 0x3146, 0x3146, 0x3146, 0x3146, 0x3146,
    0x3146, 0x3146, 0x3146, 0x3946, 0x3946, 0x4167, 0x51A8, 0x51C9, 0x51C9, 0x51A8, 0x51C9, 0x5A09,
    0x5A0A, 0x620A, 0x622A, 0x624B, 0x6A4B, 0x6A4B, 0x6A4B, 0x6A4B, 0x624B, 0x622B, 0x622A, 0x5A2A,
    0x622A, 0x622A, 0x622A, 0x622A, 0x5A2A, 0x5A2A, 0x5A0A, 0x5A0A, 0x59E9, 0x51E9, 0x51C9, 0x51C9,
    0x49A8, 0x51C8, 0x51E9, 0x59E9, 0x5A09, 0x622A, 0x6A2B, 0x6A2B, 0x6A4B, 0x6A4B, 0x6A4B, 0x6A4B,
    0x6A4B, 0x6A4B, 0x6A6B, 0x624B, 0x622A, 0x622A, 0x620A, 0x620A, 0x6A4B, 0x6A6B, 0x6A6C, 0x6A6B,
    0x6A6B, 0x6A6B, 0x6A6B, 0x6A4B, 0x6A4B, 0x6A4B, 0x622B, 0x622B, 0x620A, 0x620A, 0x620A, 0x5A0A,
    0x5A0A, 0x622A, 0x622A, 0x622A, 0x5A0A, 0x5A0A, 0x5A09, 0x59E9, 0x5A09, 0x5A2A, 0x622A, 0x622A,
    0x6A2A, 0x6A4B, 0x6A4B, 0x6A4B, 0x6A4B, 0x6A2A, 0x622A, 0x620A, 0x59E9, 0x59E9, 0x59E9, 0x51C9,
    0x51C9, 0x51C9, 0x51C8, 0x51C8, 0x51C9, 0x51C9, 0x51C9, 0x51C9, 0x51E9, 0x5A09, 0x5A09, 0x51E9,
    0x51E9, 0x51C9, 0x51C8, 0x49A8, 0x4988, 0x4187, 0x3946, 0x4146, 0x4167, 0x4167, 0x4187, 0x4187,
    0x4988, 0x49A8, 0x49A8, 0x49A8, 0x49A8, 0x4988, 0x49A8, 0x49A8, 0x49A8, 0x49A8, 0x49A8, 0x49A8,
    0x49A8, 0x49A8, 0x49A8, 0x4988, 0x4187, 0x4187, 0x4987, 0x49A8, 0x51C8, 0x51E9, 0x51C9, 0x51E9,
    0x3946, 0x3946, 0x3966, 0x4167, 0x4167, 0x4167, 0x4988, 0x4988, 0x4988, 0x4988, 0x4987, 0x4988,
    0x49A8, 0x49A8, 0x51C8, 0x51C8, 0x59E9, 0x59E9, 0x5A09, 0x5A0A, 0x622A, 0x622A, 0x6A2A, 0x622A,
    0x6A4B, 0x6A4B, 0x6A4B, 0x6A4B, 0x6A4B, 0x6A4B, 0x6A4B, 0x6A4B, 0x6A4B, 0x6A2B, 0x622A, 0x620A,
    0x59E9, 0x51E9, 0x51E9, 0x51C8, 0x4188, 0x4167, 0x3967, 0x3946, 0x3146, 0x3126, 0x3126, 0x3126,
    0x3126, 0x3146, 0x3146, 0x3146, 0x3946, 0x3146, 0x3146, 0x3946, 0x3126, 0x3126, 0x3146, 0x3126,
    0x3126, 0x3125, 0x3126, 0x3125, 0x3926, 0x4167, 0x4187, 0x4187, 0x4988, 0x49A8, 0x51C9, 0x51C9,
    0x51C9, 0x51E9, 0x5A0A, 0x620A, 0x620A, 0x622A, 0x5A0A, 0x51E9, 0x51C8, 0x49A8, 0x4987, 0x4167,
    0x4167, 0x3967, 0x3967, 0x3946, 0x3946, 0x3946, 0x3947, 0x3946, 0x3126, 0x3126, 0x3146, 0x3146,
    0x3946, 0x3946, 0x3946, 0x3966, 0x3946, 0x3967, 0x4167, 0x4167, 0x4167, 0x4167, 0x4167, 0x4167,
    0x4167, 0x4187, 0x4988, 0x4187, 0x3967, 0x3146, 0x3126, 0x3146, 0x3146, 0x3126, 0x3126, 0x3126,
    0x3126, 0x3126, 0x3126, 0x3126, 0x3126, 0x3126, 0x3126, 0x3126, 0x3126, 0x3126, 0x3146, 0x3146,
    0x3146, 0x3146, 0x3946, 0x3946, 0x3946, 0x3946, 0x3946, 0x3946, 0x3926, 0x3946, 0x3946, 0x3946,
    0x3946, 0x3946, 0x3946, 0x4167, 0x4987, 0x49A8, 0x49A8, 0x4988, 0x4167, 0x3946, 0x3126, 0x3126,
    0x3146, 0x3146, 0x3146, 0x3126, 0x3126, 0x3126, 0x3126, 0x3126, 0x3126, 0x3126, 0x3126, 0x3126,
    0x3126, 0x3126, 0x3126, 0x3126, 0x3126, 0x3126, 0x3126, 0x3126, 0x3126, 0x3926, 0x3946, 0x4187,
    0x49C8, 0x49C8, 0x49C8, 0x49C8, 0x49A8, 0x49A8, 0x51C9, 0x51E9, 0x59E9, 0x59E9, 0x5A0A, 0x5A0A,
    0x622A, 0x622A, 0x622A, 0x622A, 0x622A, 0x622A, 0x622A, 0x622A, 0x622B, 0x6A2B, 0x622B, 0x622A,
    0x620A, 0x5A0A, 0x59E9, 0x620A, 0x622A, 0x622A, 0x622A, 0x622A, 0x5A0A, 0x5A09, 0x59E9, 0x59E9,
    0x59E9, 0x59E9, 0x59E9, 0x51E9, 0x51E9, 0x51E9, 0x51E9, 0x51E9, 0x51E9, 0x5209, 0x5209, 0x51E9,
    0x59E9, 0x59E9, 0x59E9, 0x51E9, 0x51E9, 0x49C8, 0x49C8, 0x49A8, 0x49A8, 0x49A8, 0x4987, 0x4187,
    0x4146, 0x3946, 0x3926, 0x3126, 0x3126, 0x3126, 0x3146, 0x3146, 0x3146, 0x3146, 0x3146, 0x3146,
    0x3146, 0x3126, 0x3146, 0x3126, 0x3146, 0x3126, 0x3146, 0x3946, 0x4167, 0x4988, 0x51C9, 0x5A0A,
    0x620A, 0x59E9, 0x620A, 0x622A, 0x622A, 0x622B, 0x624B, 0x6A4B, 0x6A4B, 0x6A4B, 0x6A4B, 0x6A4B,
    0x624B, 0x622B, 0x622A, 0x622A, 0x622A, 0x622A, 0x622A, 0x622A, 0x622A, 0x5A2A, 0x5A0A, 0x5A09,
    0x5209, 0x51E9, 0x51E9, 0x51C9, 0x51C8, 0x51C9, 0x51E9, 0x51E9, 0x59E9, 0x620A, 0x622A, 0x6A2B,
    0x6A2B, 0x6A2B, 0x6A2B, 0x622B, 0x622B, 0x622B, 0x622B, 0x622A, 0x622A, 0x624A, 0x624B, 0x6A4B,
    0x6A4B, 0x6A6B, 0x6A6B, 0x6A6B, 0x6A6B, 0x6A4B, 0x6A4B, 0x6A4B, 0x6A4B, 0x6A4B, 0x6A2B, 0x622B,
    0x622B, 0x622A, 0x622A, 0x5A0A, 0x5A0A, 0x622A, 0x622A, 0x622A, 0x5A2A, 0x5A0A, 0x5A09, 0x5A09,
    0x5A2A, 0x622A, 0x620A, 0x620A, 0x622A, 0x622A, 0x622A, 0x620A, 0x620A, 0x61E9, 0x59E9, 0x59E9,
    0x51C9, 0x51C9, 0x51C8, 0x51C8, 0x51C9, 0x51C9, 0x51C8, 0x51C8, 0x51C9, 0x51C8, 0x51C9, 0x51C9,
    0x51E9, 0x51E9, 0x51E9, 0x51E9, 0x51C9, 0x49A8, 0x4988, 0x49A8, 0x4187, 0x4167, 0x4167, 0x4167,
    0x4187, 0x4187, 0x4987, 0x4987, 0x4988, 0x49A8, 0x49A8, 0x49A8, 0x49A8, 0x4988, 0x49A8, 0x49A8,
    0x49A8, 0x49A8, 0x49A8, 0x4988, 0x4988, 0x4988, 0x49A8, 0x4988, 0x49A8, 0x49A8, 0x49A8, 0x51C9,
    0x51E9, 0x51E9, 0x51C9, 0x51E9, 0x3126, 0x3926, 0x3926, 0x3946, 0x3946, 0x4167, 0x4167, 0x4167,
    0x4167, 0x4167, 0x4146, 0x3946, 0x3966, 0x3966, 0x4187, 0x49A8, 0x49C8, 0x51C8, 0x51C9, 0x51E9,
    0x5A09, 0x5A0A, 0x622A, 0x622A, 0x622A, 0x622A, 0x622A, 0x6A2B, 0x6A2B, 0x6A4B, 0x6A2B, 0x6A4B,
    0x6A4B, 0x6A6B, 0x6A4B, 0x6A4B, 0x622A, 0x622A, 0x5A0A, 0x5A09, 0x51C8, 0x49A8, 0x4187, 0x3946,
    0x3946, 0x3926, 0x3926, 0x3126, 0x3126, 0x3946, 0x3946, 0x3126, 0x3946, 0x3946, 0x3946, 0x3926,
    0x3946, 0x3926, 0x3126, 0x3126, 0x3126, 0x3126, 0x3126, 0x3125, 0x3926, 0x3966, 0x4187, 0x4187,
    0x4167, 0x4988, 0x51C8, 0x51C9, 0x51C9, 0x51C9, 0x51E9, 0x5A09, 0x620A, 0x622A, 0x5A0A, 0x51E9,
    0x51A8, 0x49A8, 0x4988, 0x4187, 0x4187, 0x4167, 0x3967, 0x3946, 0x3126, 0x3126, 0x3126, 0x3126,
    0x3126, 0x3126, 0x3126, 0x3126, 0x3126, 0x3125, 0x3126, 0x3126, 0x3126, 0x3946, 0x3947, 0x4167,
    0x4167, 0x4167, 0x4167, 0x4167, 0x4167, 0x4987, 0x49A8, 0x49A8, 0x4187, 0x3946, 0x3126, 0x3146,
    0x3146, 0x3126, 0x3126, 0x3126, 0x3126, 0x3126, 0x3126, 0x3126, 0x3126, 0x3126, 0x3126, 0x3126,
    0x3126, 0x3126, 0x3126, 0x3126, 0x3126, 0x3126, 0x3126, 0x3126, 0x3126, 0x3126, 0x3126, 0x3126,
    0x3126, 0x3126, 0x3126, 0x3126, 0x3126, 0x3126, 0x3105, 0x3926, 0x3966, 0x4167, 0x4188, 0x4188,
    0x3967, 0x3946, 0x3126, 0x3126, 0x3126, 0x3126, 0x3126, 0x3126, 0x3126, 0x3126, 0x3126, 0x3126,
    0x3126, 0x3126, 0x3126, 0x3126, 0x3126, 0x3126, 0x3126, 0x3126, 0x3126, 0x3126, 0x3126, 0x3126,
    0x3126, 0x3126, 0x3946, 0x4167, 0x49A8, 0x49C8, 0x51C8, 0x51C8, 0x49A8, 0x49A8, 0x51C8, 0x51C9,
    0x51C9, 0x51E9, 0x5A09, 0x5A0A, 0x620A, 0x620A, 0x622A, 0x622A, 0x622A, 0x622A, 0x622A, 0x622A,
    0x622B, 0x622B, 0x622A, 0x622A, 0x620A, 0x5A0A, 0x59E9, 0x620A, 0x622A, 0x622A, 0x622A, 0x622A,
    0x620A, 0x5A0A, 0x5A09, 0x59E9, 0x59E9, 0x59E9, 0x59E9, 0x59E9, 0x51E9, 0x59E9, 0x51E9, 0x51E9,
    0x51E9, 0x5209, 0x5209, 0x51E9, 0x51E9, 0x59E9, 0x59E9, 0x59E9, 0x51E9, 0x49C8, 0x49A8, 0x49A8,
    0x4988, 0x49A8, 0x4988, 0x49A8, 0x4187, 0x3967, 0x3946, 0x3126, 0x3126, 0x3146, 0x3146, 0x3146,
    0x3146, 0x3146, 0x3146, 0x3146, 0x3146, 0x3126, 0x3126, 0x3126, 0x3126, 0x3146, 0x3946, 0x4167,
    0x49A8, 0x51C9, 0x59E9, 0x622A, 0x622B, 0x622A, 0x622B, 0x6A4B, 0x6A4B, 0x6A4B, 0x6A4B, 0x6A4B,
    0x6A4B, 0x6A4B, 0x6A4B, 0x6A4B, 0x622B, 0x622A, 0x622A, 0x622A, 0x622A, 0x620A, 0x622A, 0x622A,
    0x622A, 0x5A2A, 0x5A09, 0x51E9, 0x5209, 0x51E9, 0x51E9, 0x51C9, 0x51C9, 0x51E9, 0x51E9, 0x51C9,
    0x59E9, 0x5A0A, 0x622A, 0x622A, 0x622A, 0x622A, 0x622A, 0x622A, 0x622A, 0x622A, 0x622A, 0x622A,
    0x624B, 0x624B, 0x6A4B, 0x6A6C, 0x6A6B, 0x6A6B, 0x6A4B, 0x6A6B, 0x6A6B, 0x6A4B, 0x6A4B, 0x6A4B,
    0x6A4B, 0x6A4B, 0x6A2B, 0x622B, 0x6A2B, 0x6A4B, 0x622A, 0x622A, 0x620A, 0x620A, 0x620A, 0x622A,
    0x622A, 0x5A0A, 0x5A09, 0x620A, 0x622A, 0x620A, 0x620A, 0x620A, 0x620A, 0x620A, 0x5A0A, 0x59E9,
    0x59C9, 0x51C9, 0x51C9, 0x51C8, 0x51C9, 0x51C8, 0x49C8, 0x49A8, 0x51C8, 0x51C8, 0x49A8, 0x51C8,
    0x51C8, 0x51C8, 0x51C9, 0x51C9, 0x51C9, 0x51C9, 0x51C9, 0x51C9, 0x49A8, 0x4988, 0x4187, 0x49A8,
    0x4187, 0x4167, 0x4187, 0x4167, 0x4987, 0x49A8, 0x4988, 0x49A8, 0x4988, 0x49A8, 0x49A8, 0x49A8,
    0x49A8, 0x4988, 0x49A8, 0x4988, 0x49A8, 0x49A8, 0x4988, 0x4988, 0x4988, 0x4988, 0x4988, 0x4988,
    0x49A8, 0x51C8, 0x51C9, 0x51C9, 0x51E9, 0x51E9, 0x51E9, 0x51E9, 0x3926, 0x3926, 0x3926, 0x3926,
    0x3946, 0x3946, 0x3946, 0x3946, 0x3946, 0x3946, 0x3946, 0x3946, 0x3946, 0x3946, 0x3966, 0x4187,
    0x4187, 0x4187, 0x49A8, 0x49A8, 0x51C8, 0x51E9, 0x5A0A, 0x5A0A, 0x5A09, 0x59E9, 0x5A0A, 0x620A,
    0x620A, 0x620A, 0x622A, 0x622A, 0x6A4A, 0x6A4B, 0x6A4B, 0x6A2B, 0x622A, 0x622B, 0x622A, 0x59E9,
    0x51C9, 0x51A8, 0x4988, 0x4167, 0x3946, 0x3946, 0x3926, 0x3926, 0x3946, 0x3946, 0x3946, 0x3146,
    0x3946, 0x3946, 0x3946, 0x3946, 0x3946, 0x3946, 0x3126, 0x3126, 0x3126, 0x3146, 0x3946, 0x3946,
    0x3946, 0x4167, 0x4987, 0x49A8, 0x49A8, 0x1041, 0x0020, 0x0000, 0x0000, 0x0000, 0x0000, 0x0020,
    0x0000, 0x0000, 0x0000, 0x0000, 0x0000, 0x0000, 0x0000, 0x0000, 0x0000, 0x0000, 0x0000, 0x0000,
    0x0820, 0x0820, 0x0000, 0x0000, 0x0000, 0x0000, 0x0000, 0x0000, 0x0000, 0x0000, 0x0000, 0x0000,
    0x0000, 0x0000, 0x0000, 0x0000, 0x0000, 0x0000, 0x0000, 0x0000, 0x0000, 0x0000, 0x0000, 0x0000,
    0x0000, 0x0000, 0x0000, 0x0000, 0x0000, 0x0000, 0x0000, 0x0000, 0x0000, 0x0000, 0x0000, 0x0000,
    0x0000, 0x0000, 0x0000, 0x0000, 0x0020, 0x0020, 0x0020, 0x0020, 0x0020, 0x0820, 0x0020, 0x0800,
    0x0000, 0x0000, 0x0000, 0x0000, 0x0000, 0x0000, 0x0020, 0x0000, 0x0000, 0x0000, 0x0000, 0x0000,
    0x0000, 0x0000, 0x0000, 0x0000, 0x0000, 0x0000, 0x0000, 0x0000, 0x0000, 0x0000, 0x0000, 0x0000,
    0x0000, 0x0000, 0x0000, 0x0000, 0x0000, 0x0000, 0x0000, 0x0000, 0x0000, 0x0000, 0x0000, 0x0000,
    0x0000, 0x0000, 0x0000, 0x0000, 0x0000, 0x0000, 0x0000, 0x0000, 0x0000, 0x0000, 0x0000, 0x0000,
    0x0000, 0x0000, 0x0000, 0x0000, 0x0000, 0x0000, 0x0000, 0x0000, 0x0000, 0x0000, 0x0000, 0x0000,
    0x0000, 0x0000, 0x0000, 0x0000, 0x0000, 0x0000, 0x0000, 0x0000, 0x0000, 0x0000, 0x0000, 0x0000,
    0x0000, 0x0000, 0x0000, 0x0000, 0x0000, 0x0000, 0x0000, 0x0000, 0x0000, 0x0000, 0x0000, 0x0000,
    0x0000, 0x0000, 0x0000, 0x0000, 0x0000, 0x0000, 0x0000, 0x0000, 0x0020, 0x0000, 0x0020, 0x0020,
    0x0020, 0x0000, 0x0000, 0x0000, 0x0000, 0x0000, 0x0000, 0x0000, 0x0000, 0x0000, 0x0000, 0x0000,
    0x0000, 0x0000, 0x0000, 0x0000, 0x0820, 0x0820, 0x0020, 0x0000, 0x0020, 0x0020, 0x0800, 0x0000,
    0x0000, 0x0000, 0x0000, 0x0000, 0x0000, 0x0000, 0x0000, 0x0000, 0x0000, 0x0000, 0x0000, 0x0000,
    0x0000, 0x0000, 0x0000, 0x0000, 0x0000, 0x0000, 0x0000, 0x0000, 0x0000, 0x0020, 0x0820, 0x0820,
    0x0000, 0x0000, 0x0020, 0x0020, 0x0000, 0x0000, 0x0000, 0x0000, 0x0000, 0x0000, 0x0000, 0x0000,
    0x0000, 0x0000, 0x0000, 0x0000, 0x0000, 0x0000, 0x0000, 0x0000, 0x0020, 0x0020, 0x0000, 0x0000,
    0x0020, 0x0820, 0x0820, 0x0020, 0x0000, 0x0000, 0x0000, 0x0000, 0x0000, 0x0000, 0x0000, 0x0000,
    0x0000, 0x0000, 0x0000, 0x0000, 0x0000, 0x0000, 0x0000, 0x0000, 0x0000, 0x0000, 0x0000, 0x0000,
    0x0000, 0x0820, 0x2924, 0x622A, 0x622A, 0x620A, 0x620A, 0x620A, 0x59E9, 0x59E9, 0x5A09, 0x51E9,
    0x51C8, 0x51E9, 0x51C9, 0x51C9, 0x51C8, 0x51C8, 0x49A8, 0x49C8, 0x51C8, 0x49C8, 0x49A8, 0x4988,
    0x4987, 0x4187, 0x4187, 0x4987, 0x4988, 0x49A8, 0x49A8, 0x49A8, 0x51C8, 0x51C9, 0x51C8, 0x49A8,
    0x49A8, 0x49A8, 0x49A8, 0x49A8, 0x4987, 0x4187, 0x4187, 0x4187, 0x4987, 0x4988, 0x49A8, 0x49A8,
    0x4988, 0x49A8, 0x49A8, 0x49A8, 0x49A8, 0x4988, 0x49A8, 0x49A8, 0x49A8, 0x49A8, 0x4988, 0x4988,
    0x4988, 0x4988, 0x49A8, 0x51C8, 0x49A8, 0x51C8, 0x51C9, 0x49C8, 0x49C8, 0x49C8, 0x49C8, 0x51C9,
    0x3126, 0x3126, 0x3126, 0x3126, 0x3126, 0x3126, 0x3126, 0x3126, 0x3126, 0x3126, 0x3126, 0x3146,
    0x3146, 0x3146, 0x3126, 0x3126, 0x3126, 0x3926, 0x3946, 0x3946, 0x4187, 0x49A8, 0x49C9, 0x51E9,
    0x51E9, 0x59E9, 0x5A09, 0x5A09, 0x59E9, 0x5A09, 0x620A, 0x622A, 0x622A, 0x622A, 0x622A, 0x622A,
    0x622A, 0x6A4B, 0x622A, 0x59E9, 0x59E9, 0x51C9, 0x51C8, 0x49A8, 0x4146, 0x3926, 0x3125, 0x3126,
    0x3126, 0x3926, 0x3926, 0x3926, 0x3946, 0x3967, 0x3967, 0x3946, 0x3126, 0x3926, 0x3126, 0x3126,
    0x3126, 0x3946, 0x3967, 0x3946, 0x4167, 0x4187, 0x4988, 0x49C8, 0x51C9, 0x0820, 0x0000, 0x0000,
    0x0000, 0x0000, 0x0000, 0x0000, 0x0000, 0x0000, 0x0000, 0x0000, 0x0000, 0x0000, 0x0000, 0x0000,
    0x0000, 0x0000, 0x0000, 0x0000, 0x0000, 0x0000, 0x0000, 0x0000, 0x0000, 0x0000, 0x0000, 0x0000,
    0x0000, 0x0000, 0x0000, 0x0000, 0x0000, 0x0000, 0x0000, 0x0000, 0x0000, 0x0000, 0x0000, 0x0000,
    0x0000, 0x0000, 0x0000, 0x0000, 0x0000, 0x0000, 0x0000, 0x0000, 0x0000, 0x0000, 0x0000, 0x0000,
    0x0000, 0x0000, 0x0000, 0x0000, 0x0000, 0x0000, 0x0000, 0x0000, 0x0000, 0x0000, 0x0000, 0x0000,
    0x0000, 0x0000, 0x0000, 0x0000, 0x0000, 0x0000, 0x0000, 0x0000, 0x0000, 0x0000, 0x0000, 0x0000,
    0x0000, 0x0000, 0x0000, 0x0000, 0x0000, 0x0000, 0x0000, 0x0000, 0x0000, 0x0000, 0x0000, 0x0000,
    0x0000, 0x0000, 0x0000, 0x0000, 0x0000, 0x0000, 0x0000, 0x0000, 0x0000, 0x0000, 0x0000, 0x0000,
    0x0000, 0x0000, 0x0000, 0x0000, 0x0000, 0x0000, 0x0000, 0x0000, 0x0000, 0x0000, 0x0000, 0x0000,
    0x0000, 0x0000, 0x0000, 0x0000, 0x0000, 0x0000, 0x0000, 0x0000, 0x0000, 0x0000, 0x0000, 0x0000,
    0x0000, 0x0000, 0x0000, 0x0000, 0x0000, 0x0000, 0x0000, 0x0000, 0x0000, 0x0000, 0x0000, 0x0000,
    0x0000, 0x0000, 0x0000, 0x0000, 0x0000, 0x0000, 0x0000, 0x0000, 0x0000, 0x0000, 0x0000, 0x0000,
    0x0000, 0x0000, 0x0000, 0x0000, 0x0000, 0x0000, 0x0000, 0x0000, 0x0000, 0x0000, 0x0000, 0x0000,
    0x0000, 0x0000, 0x0000, 0x0000, 0x0000, 0x0000, 0x0000, 0x0000, 0x0000, 0x0000, 0x0000, 0x0000,
    0x0000, 0x0000, 0x0000, 0x0000, 0x0000, 0x0000, 0x0000, 0x0000, 0x0000, 0x0000, 0x0000, 0x0000,
    0x0000, 0x0000, 0x0000, 0x0000, 0x0000, 0x0000, 0x0000, 0x0000, 0x0000, 0x0000, 0x0000, 0x0000,
    0x0000, 0x0000, 0x0000, 0x0000, 0x0000, 0x0000, 0x0000, 0x0000, 0x0000, 0x0000, 0x0000, 0x0000,
    0x0000, 0x0000, 0x0000, 0x0000, 0x0000, 0x0000, 0x0000, 0x0000, 0x0000, 0x0000, 0x0000, 0x0000,
    0x0000, 0x0000, 0x0000, 0x0000, 0x0000, 0x0000, 0x0000, 0x0000, 0x0000, 0x0000, 0x0000, 0x0000,
    0x0000, 0x0000, 0x0000, 0x0000, 0x0000, 0x0000, 0x0000, 0x0000, 0x0000, 0x0000, 0x0000, 0x0000,
    0x0000, 0x0000, 0x0000, 0x0000, 0x0000, 0x0000, 0x0000, 0x0000, 0x0000, 0x0000, 0x0000, 0x0000,
    0x0000, 0x0000, 0x0000, 0x0000, 0x0000, 0x0000, 0x4228, 0x622A, 0x622A, 0x622A, 0x622A, 0x620A,
    0x59E9, 0x51C9, 0x51E9, 0x49A8, 0x4988, 0x49A8, 0x49A8, 0x49A8, 0x49A8, 0x49A8, 0x49A8, 0x49A8,
    0x49A8, 0x49A8, 0x4988, 0x4167, 0x4167, 0x4147, 0x4167, 0x4167, 0x4167, 0x4167, 0x4987, 0x4988,
    0x49A8, 0x51C9, 0x51C8, 0x49A8, 0x49A8, 0x51C8, 0x49A8, 0x49A8, 0x49A8, 0x49A8, 0x49A8, 0x49A8,
    0x4988, 0x49A8, 0x49A8, 0x4988, 0x49A8, 0x49A8, 0x49A8, 0x49A8, 0x49A8, 0x49A8, 0x49A8, 0x49A8,
    0x49A8, 0x4988, 0x4988, 0x4988, 0x49A8, 0x49A8, 0x51C9, 0x51E9, 0x51C9, 0x49A8, 0x49C8, 0x49A8,
    0x49A8, 0x49A8, 0x49A8, 0x51C8, 0x3126, 0x3126, 0x3126, 0x3126, 0x3126, 0x3126, 0x3126, 0x3126,
    0x3126, 0x3126, 0x3146, 0x3946, 0x3946, 0x3946, 0x3126, 0x3126, 0x3126, 0x3126, 0x3125, 0x3126,
    0x3966, 0x4167, 0x4187, 0x4988, 0x49A8, 0x49C8, 0x51C8, 0x51C8, 0x49C8, 0x51E9, 0x59E9, 0x5A0A,
    0x5A09, 0x5A0A, 0x620A, 0x620A, 0x620A, 0x622A, 0x622A, 0x5A09, 0x59E9, 0x51C9, 0x51C8, 0x49A8,
    0x4167, 0x3946, 0x3946, 0x3946, 0x3946, 0x3946, 0x3946, 0x3946, 0x3946, 0x3967, 0x3967, 0x3946,
    0x3926, 0x3926, 0x3926, 0x3926, 0x3926, 0x3946, 0x3946, 0x3946, 0x4146, 0x4167, 0x4187, 0x49C8,
    0x51E9, 0x0820, 0x0000, 0x0000, 0x0000, 0x0000, 0x0000, 0x0000, 0x0000, 0x0000, 0x0000, 0x0000,
    0x0000, 0x0000, 0x0000, 0x0000, 0x0000, 0x0000, 0x0000, 0x0000, 0x0000, 0x0000, 0x0000, 0x0000,
    0x0000, 0x0000, 0x0000, 0x0000, 0x0000, 0x0000, 0x0000, 0x0000, 0x0000, 0x0000, 0x0000, 0x0000,
    0x0000, 0x0000, 0x0000, 0x0000, 0x0000, 0x0000, 0x0000, 0x0000, 0x0000, 0x0000, 0x0000, 0x0000,
    0x0000, 0x0000, 0x0000, 0x0000, 0x0000, 0x0000, 0x0000, 0x0000, 0x0000, 0x0000, 0x0000, 0x0000,
    0x0000, 0x0000, 0x0000, 0x0000, 0x0000, 0x0000, 0x0000, 0x0000, 0x0000, 0x0000, 0x0000, 0x0000,
    0x0000, 0x0000, 0x0000, 0x0000, 0x0000, 0x0000, 0x0000, 0x0000, 0x0000, 0x0000, 0x0000, 0x0000,
    0x0000, 0x0000, 0x0000, 0x0000, 0x0000, 0x0000, 0x0000, 0x0000, 0x0000, 0x0000, 0x0000, 0x0000,
    0x0000, 0x0000, 0x0000, 0x0000, 0x0000, 0x0000, 0x0000, 0x0000, 0x0000, 0x0000, 0x0000, 0x0000,
    0x0000, 0x0000, 0x0000, 0x0000, 0x0000, 0x0000, 0x0000, 0x0000, 0x0000, 0x0000, 0x0000, 0x0000,
    0x0000, 0x0000, 0x0000, 0x0000, 0x0000, 0x0000, 0x0000, 0x0000, 0x0000, 0x0000, 0x0000, 0x0000,
    0x0000, 0x0000, 0x0000, 0x0000, 0x0000, 0x0000, 0x0000, 0x0000, 0x0000, 0x0000, 0x0000, 0x0000,
    0x0000, 0x0000, 0x0000, 0x0000, 0x0000, 0x0000, 0x0000, 0x0000, 0x0000, 0x0000, 0x0000, 0x0000,
    0x0000, 0x0000, 0x0000, 0x0000, 0x0000, 0x0000, 0x0000, 0x0000, 0x0000, 0x0000, 0x0000, 0x0000,
    0x0000, 0x0000, 0x0000, 0x0000, 0x0000, 0x0000, 0x0000, 0x0000, 0x0000, 0x0000, 0x0000, 0x0000,
    0x0000, 0x0000, 0x0000, 0x0000, 0x0000, 0x0000, 0x0000, 0x0000, 0x0000, 0x0000, 0x0000, 0x0000,
    0x0000, 0x0000, 0x0000, 0x0000, 0x0000, 0x0000, 0x0000, 0x0000, 0x0000, 0x0000, 0x0000, 0x0000,
    0x0000, 0x0000, 0x0000, 0x0000, 0x0000, 0x0000, 0x0000, 0x0000, 0x0000, 0x0000, 0x0000, 0x0000,
    0x0000, 0x0000, 0x0000, 0x0000, 0x0000, 0x0000, 0x0000, 0x0000, 0x0000, 0x0000, 0x0000, 0x0000,
    0x0000, 0x0000, 0x0000, 0x0000, 0x0000, 0x0000, 0x0000, 0x0000, 0x0000, 0x0000, 0x0000, 0x0000,
    0x0000, 0x0000, 0x0000, 0x0000, 0x0000, 0x0000, 0x0000, 0x0000, 0x0000, 0x0000, 0x0000, 0x0000,
    0x0000, 0x0000, 0x0000, 0x0000, 0x0000, 0x0000, 0x0000, 0x0000, 0x0000, 0x0000, 0x4208, 0x622A,
    0x622A, 0x620A, 0x59E9, 0x59E9, 0x51E9, 0x51A8, 0x49A8, 0x4987, 0x4167, 0x4167, 0x4187, 0x4167,
    0x4167, 0x4167, 0x4187, 0x4187, 0x4187, 0x4187, 0x4167, 0x4167, 0x4167, 0x4167, 0x4167, 0x4187,
    0x4187, 0x4988, 0x4988, 0x49A8, 0x49A8, 0x51C8, 0x51C8, 0x51C8, 0x51C8, 0x49A8, 0x49A8, 0x49A8,
    0x49A8, 0x49A8, 0x49A8, 0x49A8, 0x4988, 0x4988, 0x4988, 0x4988, 0x49A8, 0x49A8, 0x49A8, 0x49A8,
    0x49A8, 0x49A8, 0x49A8, 0x49A8, 0x49A8, 0x49A8, 0x49A8, 0x49A8, 0x49A8, 0x49C8, 0x49C8, 0x49C8,
    0x49A8, 0x4987, 0x49A8, 0x49A8, 0x49A8, 0x49A8, 0x49A8, 0x49C8, 0x3126, 0x3126, 0x3126, 0x3126,
    0x3926, 0x3126, 0x3126, 0x3126, 0x3126, 0x3126, 0x3946, 0x3946, 0x3946, 0x3946, 0x3926, 0x3926,
    0x3926, 0x3946, 0x3126, 0x3126, 0x3946, 0x3126, 0x3926, 0x3926, 0x3946, 0x3967, 0x4167, 0x4167,
    0x4167, 0x4187, 0x49A8, 0x49A8, 0x51C8, 0x59E9, 0x59E9, 0x59E9, 0x5A09, 0x5A09, 0x59E9, 0x5A09,
    0x59E9, 0x51E9, 0x51C9, 0x51C9, 0x49A8, 0x49A8, 0x4187, 0x4167, 0x3967, 0x3946, 0x3967, 0x3967,
    0x3967, 0x3946, 0x3946, 0x3946, 0x3926, 0x3926, 0x3926, 0x3926, 0x3926, 0x3126, 0x3126, 0x3126,
    0x3926, 0x3946, 0x4187, 0x49A8, 0x51E9, 0x0820, 0x0000, 0x0000, 0x0000, 0x0000, 0x0000, 0x0000,
    0x0000, 0x0000, 0x0000, 0x0000, 0x0000, 0x0000, 0x0000, 0x0000, 0x0000, 0x0000, 0x0000, 0x0000,
    0x0000, 0x0000, 0x0000, 0x0000, 0x0000, 0x0000, 0x0000, 0x0000, 0x0000, 0x0000, 0x0000, 0x0000,
    0x0000, 0x0000, 0x0000, 0x0000, 0x0000, 0x0000, 0x0000, 0x0000, 0x0000, 0x0000, 0x0000, 0x0000,
    0x0000, 0x0000, 0x0000, 0x0000, 0x0000, 0x0000, 0x0000, 0x0000, 0x0000, 0x0000, 0x0000, 0x0000,
    0x0000, 0x0000, 0x0000, 0x0000, 0x0000, 0x0000, 0x0000, 0x0000, 0x0000, 0x0000, 0x0000, 0x0000,
    0x0000, 0x0000, 0x0000, 0x0000, 0x0000, 0x0000, 0x0000, 0x0000, 0x0000, 0x0000, 0x0000, 0x0000,
    0x0000, 0x0000, 0x0000, 0x0000, 0x0000, 0x0000, 0x0000, 0x0000, 0x0000, 0x0000, 0x0000, 0x0000,
    0x0000, 0x0000, 0x0000, 0x0000, 0x0000, 0x0000, 0x0000, 0x0000, 0x0000, 0x0000, 0x0000, 0x0000,
    0x0000, 0x0000, 0x0000, 0x0000, 0x0000, 0x0000, 0x0000, 0x0000, 0x0000, 0x0000, 0x0000, 0x0000,
    0x0000, 0x0000, 0x0000, 0x0000, 0x0000, 0x0000, 0x0000, 0x0000, 0x0000, 0x0000, 0x0000, 0x0000,
    0x0000, 0x0001, 0x0001, 0x0001, 0x0001, 0x0001, 0x0000, 0x0000, 0x0000, 0x0000, 0x0000, 0x0000,
    0x0000, 0x0000, 0x0000, 0x0000, 0x0000, 0x0000, 0x0000, 0x0000, 0x0000, 0x0000, 0x0000, 0x0000,
    0x0000, 0x0000, 0x0000, 0x0000, 0x0000, 0x0000, 0x0000, 0x0000, 0x0000, 0x0000, 0x0000, 0x0000,
    0x0000, 0x0000, 0x0000, 0x0000, 0x0000, 0x0000, 0x0000, 0x0000, 0x0000, 0x0000, 0x0000, 0x0000,
    0x0000, 0x0000, 0x0000, 0x0000, 0x0000, 0x0000, 0x0000, 0x0000, 0x0000, 0x0000, 0x0000, 0x0000,
    0x0000, 0x0000, 0x0000, 0x0000, 0x0000, 0x0000, 0x0000, 0x0000, 0x0000, 0x0000, 0x0000, 0x0000,
    0x0000, 0x0000, 0x0000, 0x0000, 0x0000, 0x0000, 0x0000, 0x0000, 0x0000, 0x0000, 0x0000, 0x0000,
    0x0000, 0x0000, 0x0000, 0x0000, 0x0000, 0x0000, 0x0000, 0x0000, 0x0000, 0x0000, 0x0000, 0x0000,
    0x0000, 0x0000, 0x0000, 0x0000, 0x0000, 0x0000, 0x0000, 0x0000, 0x0000, 0x0000, 0x0000, 0x0000,
    0x0000, 0x0000, 0x0000, 0x0000, 0x0000, 0x0000, 0x0000, 0x0000, 0x0000, 0x0000, 0x0000, 0x0000,
    0x0000, 0x0000, 0x0000, 0x0000, 0x0000, 0x0000, 0x0000, 0x0000, 0x0000, 0x0000, 0x0000, 0x0000,
    0x0000, 0x0000, 0x3A08, 0x622B, 0x622A, 0x5A0A, 0x59E9, 0x51C9, 0x51C9, 0x4987, 0x4147, 0x3946,
    0x3926, 0x3126, 0x3126, 0x3126, 0x3126, 0x3126, 0x3946, 0x3967, 0x3966, 0x4146, 0x3946, 0x4167,
    0x4187, 0x49A8, 0x4988, 0x4988, 0x49A8, 0x49A8, 0x51C8, 0x51C9, 0x51C9, 0x51E9, 0x51C9, 0x51C9,
    0x51C8, 0x49A8, 0x49A8, 0x49A8, 0x49C8, 0x49A8, 0x49A8, 0x49A8, 0x4988, 0x4988, 0x4988, 0x4988,
    0x49A8, 0x49A8, 0x4988, 0x49A8, 0x49A8, 0x49A8, 0x49A8, 0x4987, 0x49A8, 0x49C8, 0x49C8, 0x49C8,
    0x49C8, 0x49A8, 0x49A8, 0x4987, 0x4167, 0x4167, 0x4187, 0x49A8, 0x49A8, 0x49A8, 0x49A8, 0x49A8,
    0x3946, 0x3926, 0x3926, 0x3926, 0x3926, 0x3126, 0x3146, 0x3146, 0x3126, 0x3126, 0x3126, 0x3926,
    0x3926, 0x3926, 0x3926, 0x3926, 0x3926, 0x3926, 0x3926, 0x3926, 0x3926, 0x3926, 0x3926, 0x3926,
    0x3926, 0x3946, 0x3946, 0x3946, 0x3946, 0x3946, 0x4167, 0x4187, 0x4987, 0x49A8, 0x49C8, 0x51E9,
    0x51E9, 0x51C9, 0x51E9, 0x59E9, 0x51E9, 0x51E9, 0x51E9, 0x51C9, 0x51C8, 0x49A8, 0x4988, 0x4988,
    0x4187, 0x4147, 0x4167, 0x3967, 0x3946, 0x3946, 0x3946, 0x3946, 0x3126, 0x3126, 0x3126, 0x3126,
    0x3126, 0x3126, 0x3126, 0x3126, 0x3126, 0x3946, 0x4167, 0x49A8, 0x51C9, 0x0841, 0x0000, 0x0000,
    0x0000, 0x0000, 0x0000, 0x0000, 0x0000, 0x0000, 0x0000, 0x0000, 0x0000, 0x0000, 0x0000, 0x0000,
    0x0000, 0x0000, 0x0000, 0x0000, 0x0000, 0x0000, 0x0001, 0x0044, 0x0087, 0x0066, 0x0000, 0x0000,
    0x0000, 0x0000, 0x0001, 0x00A9, 0x01F3, 0x00E9, 0x0000, 0x0000, 0x0000, 0x0000, 0x0065, 0x0970,
    0x00EA, 0x0044, 0x0000, 0x0000, 0x0000, 0x0022, 0x0044, 0x0045, 0x0066, 0x00A8, 0x00EA, 0x012C,
    0x016E, 0x0190, 0x01D2, 0x0215, 0x0236, 0x0216, 0x0216, 0x0215, 0x01F4, 0x01D3, 0x01B0, 0x012C,
    0x0001, 0x0000, 0x0023, 0x0087, 0x012B, 0x018F, 0x01F4, 0x0217, 0x0217, 0x01D4, 0x016F, 0x00C7,
    0x0043, 0x0000, 0x0000, 0x0000, 0x0000, 0x0000, 0x0000, 0x0000, 0x0000, 0x0000, 0x0000, 0x0000,
    0x0000, 0x0022, 0x0023, 0x0045, 0x0087, 0x00EA, 0x014E, 0x010C, 0x0021, 0x0000, 0x0000, 0x0000,
    0x0000, 0x0000, 0x0000, 0x0000, 0x0000, 0x0000, 0x0000, 0x0000, 0x0000, 0x00A7, 0x014D, 0x01D2,
    0x01F4, 0x014E, 0x00C8, 0x0022, 0x0000, 0x0000, 0x0000, 0x0021, 0x0044, 0x0065, 0x00A7, 0x00E9,
    0x012C, 0x014E, 0x01B1, 0x01F4, 0x0237, 0x0258, 0x0259, 0x0239, 0x0238, 0x0237, 0x0214, 0x01F3,
    0x01D2, 0x01B0, 0x00E9, 0x0000, 0x0000, 0x0000, 0x0000, 0x0000, 0x0000, 0x0001, 0x0043, 0x0022,
    0x0000, 0x0000, 0x0000, 0x0001, 0x0064, 0x00CA, 0x012D, 0x0085, 0x0000, 0x0000, 0x0000, 0x0000,
    0x0022, 0x0086, 0x00C9, 0x010B, 0x014E, 0x0192, 0x0216, 0x0970, 0x0043, 0x0000, 0x0000, 0x0000,
    0x0000, 0x0000, 0x0000, 0x0043, 0x00E9, 0x018F, 0x0215, 0x0299, 0x0279, 0x0216, 0x018F, 0x00C7,
    0x0021, 0x0000, 0x0000, 0x0000, 0x0000, 0x0000, 0x0000, 0x0000, 0x0000, 0x0000, 0x0000, 0x0000,
    0x0000, 0x0000, 0x0043, 0x00A7, 0x012B, 0x0190, 0x01D4, 0x0216, 0x0217, 0x01F5, 0x018F, 0x010A,
    0x0085, 0x0001, 0x0000, 0x0000, 0x0000, 0x0000, 0x0000, 0x0000, 0x0000, 0x0000, 0x0000, 0x0000,
    0x0000, 0x0000, 0x0000, 0x0000, 0x0000, 0x0000, 0x0000, 0x0000, 0x0000, 0x0000, 0x0000, 0x0000,
    0x0000, 0x0000, 0x0000, 0x0000, 0x0000, 0x0000, 0x0000, 0x0000, 0x0000, 0x0000, 0x0023, 0x00A8,
    0x00C8, 0x0021, 0x0000, 0x0000, 0x0000, 0x0001, 0x0001, 0x0000, 0x0000, 0x0001, 0x0022, 0x0044,
    0x0022, 0x0000, 0x0000, 0x0000, 0x0000, 0x0000, 0x4208, 0x622A, 0x622A, 0x5A09, 0x51E9, 0x51C8,
    0x49C8, 0x4987, 0x4167, 0x3946, 0x3926, 0x3125, 0x3125, 0x3146, 0x3146, 0x3125, 0x3946, 0x3946,
    0x3966, 0x4166, 0x4167, 0x4167, 0x4988, 0x49A8, 0x49A8, 0x49A8, 0x49A8, 0x51C8, 0x51C8, 0x51C9,
    0x51C8, 0x51C8, 0x51C8, 0x51C8, 0x49A8, 0x4987, 0x4988, 0x49A8, 0x49A8, 0x49A8, 0x49A8, 0x49A8,
    0x49A8, 0x49A8, 0x49A8, 0x4988, 0x4988, 0x4988, 0x4988, 0x4988, 0x4988, 0x4988, 0x4988, 0x4987,
    0x49A8, 0x49A8, 0x49A8, 0x49A8, 0x49A7, 0x4187, 0x4187, 0x4187, 0x4167, 0x4167, 0x4187, 0x49A8,
    0x49A8, 0x49A8, 0x49A8, 0x49A8, 0x3946, 0x3926, 0x3926, 0x3926, 0x3946, 0x3146, 0x3126, 0x3126,
    0x3126, 0x3126, 0x3126, 0x3926, 0x3926, 0x3926, 0x3926, 0x3926, 0x3926, 0x3926, 0x3926, 0x3926,
    0x3926, 0x3126, 0x3926, 0x3926, 0x3926, 0x3926, 0x3926, 0x3926, 0x3946, 0x3926, 0x3946, 0x3946,
    0x3946, 0x3946, 0x4167, 0x4987, 0x49A8, 0x49A8, 0x51C8, 0x51C8, 0x51E9, 0x51E9, 0x51E9, 0x51E9,
    0x51C9, 0x49A8, 0x4988, 0x4988, 0x4187, 0x4167, 0x4167, 0x3946, 0x3126, 0x3126, 0x3126, 0x3126,
    0x3126, 0x3126, 0x3126, 0x3126, 0x3126, 0x3126, 0x3946, 0x3126, 0x3126, 0x3926, 0x3967, 0x4187,
    0x49C8, 0x0841, 0x0000, 0x0000, 0x0000, 0x0000, 0x0000, 0x0000, 0x0000, 0x0000, 0x0000, 0x0000,
    0x0000, 0x0000, 0x0000, 0x0000, 0x0000, 0x0044, 0x00C9, 0x014D, 0x01B0, 0x0A55, 0x0AD8, 0x0B5C,
    0x02BA, 0x010E, 0x0000, 0x0000, 0x0000, 0x00C9, 0x0A76, 0x0BBE, 0x143F, 0x0A78, 0x00A7, 0x0000,
    0x0000, 0x0021, 0x09F3, 0x0BBF, 0x0B9F, 0x0A99, 0x016E, 0x0063, 0x0045, 0x09F7, 0x131B, 0x0B3C,
    0x0B5E, 0x0B9F, 0x0BBF, 0x0BBF, 0x0BBF, 0x0BDF, 0x0BDF, 0x0BBF, 0x0BDF, 0x0BDF, 0x0BDF, 0x0BDF,
    0x0BFF, 0x0BFF, 0x141F, 0x0AFC, 0x0192, 0x0A76, 0x0AFB, 0x0B5E, 0x0BBF, 0x0BDF, 0x0BBF, 0x0B9F,
    0x0B9F, 0x0BBF, 0x0BBF, 0x0B9F, 0x0B3D, 0x0A35, 0x012C, 0x0021, 0x0000, 0x0000, 0x0000, 0x0000,
    0x0000, 0x0000, 0x0000, 0x0000, 0x0109, 0x0A97, 0x0A77, 0x0ADA, 0x0B3D, 0x0B9F, 0x13DF, 0x0AD9,
    0x00A7, 0x0000, 0x0000, 0x0000, 0x0000, 0x0000, 0x0000, 0x0000, 0x0000, 0x0000, 0x0002, 0x00EE,
    0x0A57, 0x0B7D, 0x0BBF, 0x0BBF, 0x0BBF, 0x13BF, 0x0B5E, 0x0256, 0x00EA, 0x0022, 0x0001, 0x0150,
    0x0AFC, 0x0B5E, 0x0B5F, 0x0B7F, 0x0B9F, 0x0B7F, 0x0BBF, 0x0BBF, 0x0BBF, 0x0BBF, 0x0BBF, 0x0BDF,
    0x0BDF, 0x0BDF, 0x0BDF, 0x0BDF, 0x0BFF, 0x0BFF, 0x0A35, 0x0064, 0x00A8, 0x00EC, 0x0171, 0x09D4,
    0x0A37, 0x02BA, 0x0ABC, 0x09D4, 0x00CA, 0x094E, 0x09F3, 0x0A98, 0x0ABB, 0x0B1F, 0x0B5F, 0x09B2,
    0x0063, 0x0000, 0x0000, 0x00EC, 0x0258, 0x033E, 0x035F, 0x037F, 0x039F, 0x039F, 0x0BFF, 0x0ABB,
    0x0065, 0x0000, 0x0000, 0x0000, 0x0000, 0x00CA, 0x01F3, 0x0ADA, 0x0B9F, 0x0BBF, 0x0B9F, 0x0B9F,
    0x0B9F, 0x0BBF, 0x0BBF, 0x0B7E, 0x0298, 0x010B, 0x0000, 0x0000, 0x0000, 0x0000, 0x0000, 0x0000,
    0x0000, 0x0000, 0x0000, 0x0021, 0x010A, 0x0234, 0x0AFA, 0x0B7E, 0x0BBF, 0x0BDF, 0x0BDF, 0x0BDF,
    0x0BBF, 0x0BDF, 0x0BDF, 0x0BFF, 0x0B9D, 0x12D6, 0x01AF, 0x0044, 0x0000, 0x0000, 0x0000, 0x0000,
    0x0000, 0x0000, 0x0000, 0x0000, 0x0000, 0x0043, 0x010B, 0x01F2, 0x02B8, 0x02D9, 0x0276, 0x01AF,
    0x00C7, 0x0000, 0x0000, 0x0000, 0x0000, 0x0000, 0x0000, 0x0000, 0x0000, 0x0021, 0x0044, 0x00A7,
    0x014C, 0x01F1, 0x0A97, 0x0B7D, 0x031C, 0x00CA, 0x0000, 0x0000, 0x0065, 0x0A54, 0x0AD7, 0x0295,
    0x0294, 0x0AB5, 0x0B18, 0x0B1A, 0x0192, 0x0001, 0x0000, 0x0000, 0x0000, 0x0000, 0x4208, 0x622A,
    0x5A0A, 0x51E9, 0x51C9, 0x49C8, 0x4987, 0x4987, 0x4167, 0x3946, 0x3926, 0x3126, 0x3146, 0x3146,
    0x3146, 0x3146, 0x3146, 0x3946, 0x3946, 0x4167, 0x4187, 0x4987, 0x49A8, 0x51C8, 0x51C9, 0x51C9,
    0x51C9, 0x51E9, 0x51C8, 0x49A8, 0x49A8, 0x49A8, 0x49A8, 0x4987, 0x4987, 0x4187, 0x4187, 0x4187,
    0x4988, 0x49A8, 0x49A8, 0x49A8, 0x49A8, 0x49A8, 0x49A8, 0x49A8, 0x4988, 0x4988, 0x4988, 0x49A8,
    0x4988, 0x4988, 0x49A8, 0x4987, 0x4187, 0x4167, 0x4167, 0x4167, 0x4167, 0x4167, 0x4167, 0x4167,
    0x4167, 0x4167, 0x4167, 0x49A8, 0x49A8, 0x49A8, 0x49A8, 0x49C8, 0x4187, 0x3947, 0x3946, 0x3946,
    0x3946, 0x3946, 0x3946, 0x3946, 0x3926, 0x3926, 0x3126, 0x3926, 0x3926, 0x3926, 0x3926, 0x3126,
    0x3926, 0x3926, 0x3926, 0x3926, 0x3926, 0x3126, 0x3926, 0x3926, 0x3926, 0x3926, 0x3926, 0x3926,
    0x3926, 0x3926, 0x3126, 0x3126, 0x3126, 0x3146, 0x3946, 0x3966, 0x4167, 0x4187, 0x49A7, 0x49A8,
    0x51C8, 0x51C8, 0x51C9, 0x51E9, 0x51C9, 0x49A8, 0x49A8, 0x49A8, 0x4187, 0x4167, 0x4167, 0x3946,
    0x3946, 0x3946, 0x3126, 0x3126, 0x3126, 0x3126, 0x3126, 0x3126, 0x3126, 0x3946, 0x3946, 0x3126,
    0x3126, 0x3926, 0x3946, 0x4167, 0x49A8, 0x1041, 0x0000, 0x0000, 0x0000, 0x0000, 0x0000, 0x0000,
    0x0000, 0x0000, 0x0000, 0x0000, 0x0063, 0x0109, 0x016D, 0x01F1, 0x0A96, 0x0B3A, 0x0B9D, 0x0BFF,
    0x0C3F, 0x0C3F, 0x0C3F, 0x047F, 0x033B, 0x00ED, 0x0064, 0x012A, 0x0A75, 0x0BBE, 0x0C5F, 0x0C3F,
    0x0C1F, 0x0BFF, 0x0190, 0x0000, 0x0000, 0x0086, 0x0B5C, 0x0BFF, 0x0BDF, 0x0BFF, 0x0BDF, 0x0AF8,
    0x09F5, 0x0AFD, 0x145F, 0x0C3F, 0x0C1F, 0x0C1F, 0x0BFF, 0x0BFF, 0x0C1F, 0x0C1F, 0x0C1F, 0x0C1F,
    0x0C1F, 0x0BFF, 0x0C1F, 0x0C1F, 0x0C1F, 0x0C1F, 0x0C3F, 0x0ADA, 0x0AB9, 0x0C5F, 0x0BFF, 0x0BFF,
    0x0BDF, 0x0BDF, 0x0BDF, 0x0BDF, 0x0BDF, 0x0BDF, 0x0BDF, 0x0C1F, 0x0C3F, 0x0C3F, 0x0B3D, 0x094C,
    0x0022, 0x0000, 0x0000, 0x0000, 0x0000, 0x0000, 0x0000, 0x0043, 0x0212, 0x145F, 0x0C1F, 0x0BFF,
    0x0BFF, 0x0BFF, 0x0BFF, 0x0B5D, 0x014C, 0x0000, 0x0000, 0x0000, 0x0000, 0x0000, 0x0000, 0x0000,
    0x0000, 0x0022, 0x012F, 0x0AFE, 0x0C1F, 0x0C1F, 0x0BDF, 0x0BDF, 0x0BDF, 0x0BDF, 0x0BDF, 0x0C3F,
    0x0C1F, 0x0213, 0x0067, 0x01D5, 0x0BFF, 0x0BFF, 0x0BDF, 0x0BBF, 0x0BBF, 0x0BBF, 0x0BFF, 0x0BFF,
    0x0BFF, 0x0BFF, 0x0BFF, 0x0BFF, 0x0BFF, 0x0BFF, 0x0BFF, 0x0BFF, 0x0BFF, 0x0C1F, 0x0A57, 0x094F,
    0x0A18, 0x0ABC, 0x0B1F, 0x0B9F, 0x0BBF, 0x0BFF, 0x0B9F, 0x0A39, 0x0A17, 0x13DF, 0x0BDF, 0x0BBF,
    0x0B7F, 0x0B5F, 0x0B7F, 0x0ABB, 0x0064, 0x0000, 0x0000, 0x0110, 0x0B3E, 0x0BFF, 0x0BDF, 0x0BDF,
    0x0BDF, 0x0BFF, 0x041F, 0x0A37, 0x0043, 0x0000, 0x0000, 0x0000, 0x00A8, 0x0A79, 0x0BDF, 0x0BFF,
    0x0BBF, 0x0BBF, 0x0BDF, 0x0BDF, 0x0BDF, 0x0BDF, 0x0BDF, 0x0BFF, 0x0C1F, 0x037E, 0x0190, 0x0042,
    0x0000, 0x0000, 0x0000, 0x0000, 0x0000, 0x0000, 0x0000, 0x0044, 0x0256, 0x0C5F, 0x0C1F, 0x0BFF,
    0x0BDF, 0x0BDF, 0x0BDF, 0x0BDF, 0x0BDF, 0x0BFF, 0x0BFF, 0x0C3F, 0x0C9F, 0x0CBF, 0x0BDF, 0x01F2,
    0x0084, 0x0000, 0x0000, 0x0000, 0x0000, 0x0000, 0x0000, 0x0022, 0x010A, 0x0AB8, 0x03BF, 0x03FF,
    0x03FF, 0x0C1F, 0x041F, 0x0C3F, 0x0B9E, 0x01D1, 0x0043, 0x0000, 0x0000, 0x0000, 0x0000, 0x0000,
    0x0000, 0x00A7, 0x0AD7, 0x0BDC, 0x0C5F, 0x0C7F, 0x0C7F, 0x0C9F, 0x039D, 0x00ED, 0x0000, 0x0001,
    0x010D, 0x0B9D, 0x0C5F, 0x043F, 0x043F, 0x0C5F, 0x0C9F, 0x0C7F, 0x01F5, 0x0001, 0x0000, 0x0000,
    0x0000, 0x0000, 0x4208, 0x622A, 0x5A0A, 0x59E9, 0x51E9, 0x49C8, 0x4988, 0x49A8, 0x4187, 0x4146,
    0x3946, 0x3946, 0x3146, 0x3146, 0x3146, 0x3146, 0x3126, 0x3126, 0x3946, 0x4167, 0x4187, 0x49A8,
    0x49A8, 0x51C8, 0x51C8, 0x51C8, 0x51C8, 0x49C8, 0x49A8, 0x41A7, 0x4187, 0x4187, 0x4187, 0x4167,
    0x4167, 0x4187, 0x4187, 0x4187, 0x4187, 0x49A8, 0x49A8, 0x49A8, 0x49A8, 0x49A8, 0x49A8, 0x49A8,
    0x49A8, 0x49A8, 0x4988, 0x4988, 0x4988, 0x4987, 0x4987, 0x4187, 0x4167, 0x4167, 0x3967, 0x3967,
    0x4167, 0x4167, 0x4167, 0x4167, 0x4167, 0x4167, 0x4187, 0x49A8, 0x49A8, 0x49C8, 0x49C8, 0x49C8,
    0x49C8, 0x49A8, 0x4167, 0x4167, 0x4167, 0x3946, 0x3946, 0x3946, 0x3946, 0x3946, 0x3126, 0x3126,
    0x3926, 0x3926, 0x3926, 0x3126, 0x3926, 0x3926, 0x3926, 0x3926, 0x3926, 0x3926, 0x3926, 0x3926,
    0x3126, 0x3126, 0x3126, 0x3926, 0x3926, 0x3926, 0x3146, 0x3146, 0x3146, 0x3146, 0x3926, 0x3946,
    0x3146, 0x3946, 0x3946, 0x3967, 0x4187, 0x49A8, 0x49A8, 0x49C8, 0x49C9, 0x51C9, 0x51C8, 0x49C8,
    0x49A8, 0x49A8, 0x4187, 0x4167, 0x3967, 0x3966, 0x3946, 0x3126, 0x3946, 0x3946, 0x3946, 0x3946,
    0x3946, 0x3946, 0x3946, 0x3946, 0x3926, 0x3926, 0x3926, 0x3946, 0x4167, 0x1041, 0x0000, 0x0000,
    0x0000, 0x0000, 0x0000, 0x0000, 0x0000, 0x0041, 0x016C, 0x0295, 0x039C, 0x03FF, 0x0C1F, 0x0C3F,
    0x045F, 0x0C5F, 0x0C5F, 0x0C5F, 0x0C7F, 0x0C7F, 0x0C5F, 0x049F, 0x0318, 0x00ED, 0x0297, 0x0C5F,
    0x0C7F, 0x0C5F, 0x0C5F, 0x0C5F, 0x0C5F, 0x149F, 0x0AD8, 0x0065, 0x0001, 0x0A34, 0x0C1F, 0x0C1F,
    0x0C1F, 0x0C3F, 0x0C3F, 0x0C5F, 0x0C5F, 0x0C3F, 0x145F, 0x0C5F, 0x0C5F, 0x0C5F, 0x0C5F, 0x0C5F,
    0x0C5F, 0x0C5F, 0x0C5F, 0x0C5F, 0x0C5F, 0x0C5F, 0x0C5F, 0x0C5F, 0x0C5F, 0x0C5F, 0x0C7F, 0x02FA,
    0x0AD9, 0x147F, 0x0C3F, 0x0C3F, 0x0C1F, 0x0C1F, 0x0C3F, 0x0C3F, 0x0C3F, 0x0C3F, 0x0C3F, 0x0C3F,
    0x0C3F, 0x0C3F, 0x0C5F, 0x0BFE, 0x09F2, 0x0021, 0x0000, 0x0000, 0x0000, 0x0000, 0x0000, 0x0087,
    0x035B, 0x0C7F, 0x0C3F, 0x0C3F, 0x0C3F, 0x0C3F, 0x0C3F, 0x0C1F, 0x01B0, 0x0000, 0x0000, 0x0000,
    0x0000, 0x0000, 0x0000, 0x0000, 0x0002, 0x01F4, 0x0C1F, 0x0C3F, 0x0C1F, 0x0C1F, 0x0C1F, 0x0C1F,
    0x0C1F, 0x0C1F, 0x0C3F, 0x0C5F, 0x0C7F, 0x0C5F, 0x0A99, 0x0A79, 0x0C7F, 0x0C5F, 0x0C3F, 0x0C3F,
    0x0C5F, 0x0C3F, 0x0C3F, 0x0C5F, 0x0C5F, 0x0C5F, 0x0C5F, 0x0C5F, 0x0C5F, 0x0C5F, 0x0C5F, 0x0C5F,
    0x0C5F, 0x0C5F, 0x0236, 0x0A97, 0x0C7F, 0x0C5F, 0x0C5F, 0x0C5F, 0x0C5F, 0x0C7F, 0x0BBE, 0x09D6,
    0x0236, 0x0C1F, 0x0C1F, 0x0C1F, 0x0BFF, 0x0BFF, 0x0BFF, 0x0BBF, 0x0109, 0x0000, 0x0000, 0x0130,
    0x0B9E, 0x0C5F, 0x0C3F, 0x0C3F, 0x0C3F, 0x047F, 0x045E, 0x0190, 0x0000, 0x0000, 0x0000, 0x010B,
    0x0B7C, 0x145F, 0x0C3F, 0x0C3F, 0x0C1F, 0x0C3F, 0x0C3F, 0x0C3F, 0x0C3F, 0x0C3F, 0x0C3F, 0x0C5F,
    0x0C5F, 0x0C7F, 0x0C3F, 0x01B0, 0x0001, 0x0000, 0x0000, 0x0000, 0x0000, 0x0000, 0x0000, 0x0066,
    0x0296, 0x0C5F, 0x0C3F, 0x0C3F, 0x0C3F, 0x0C3F, 0x0C3F, 0x0C3F, 0x0C3F, 0x0C3F, 0x0C5F, 0x0C7F,
    0x0C7F, 0x0C7F, 0x045F, 0x0C7F, 0x0B18, 0x0085, 0x0000, 0x0000, 0x0000, 0x0000, 0x0044, 0x0234,
    0x0BFF, 0x0C3F, 0x0C1F, 0x0BFF, 0x0BFF, 0x0C1F, 0x0C1F, 0x0C5F, 0x0C5F, 0x0C3F, 0x0AB6, 0x0084,
    0x0000, 0x0000, 0x0000, 0x0000, 0x0000, 0x014D, 0x0C7F, 0x0CBF, 0x0C7F, 0x0C7F, 0x047F, 0x0C9F,
    0x0BDE, 0x014F, 0x0000, 0x0022, 0x0190, 0x0C1E, 0x0C5F, 0x0C5F, 0x0C5F, 0x0C7F, 0x0C9F, 0x047F,
    0x0214, 0x0001, 0x0000, 0x0000, 0x0000, 0x0000, 0x4208, 0x622B, 0x5A0A, 0x59E9, 0x51E9, 0x51C8,
    0x51C8, 0x51C8, 0x49A8, 0x49A8, 0x4187, 0x3966, 0x3946, 0x3166, 0x3146, 0x3146, 0x3146, 0x3126,
    0x3946, 0x4167, 0x4187, 0x49A8, 0x49A8, 0x49C8, 0x49A8, 0x4987, 0x4987, 0x4167, 0x4167, 0x3966,
    0x3946, 0x3946, 0x3946, 0x3946, 0x3966, 0x4187, 0x4187, 0x4187, 0x4187, 0x49A8, 0x49A8, 0x49A8,
    0x49A8, 0x49A8, 0x49A8, 0x49A8, 0x49A8, 0x49A8, 0x4187, 0x4187, 0x4167, 0x4167, 0x4167, 0x4167,
    0x4166, 0x3967, 0x3967, 0x3967, 0x4167, 0x4167, 0x4146, 0x4167, 0x4187, 0x4187, 0x4987, 0x49A8,
    0x49C8, 0x51C9, 0x51C9, 0x51C9, 0x51E9, 0x51C8, 0x49A8, 0x4987, 0x4187, 0x4167, 0x4146, 0x3946,
    0x4167, 0x3967, 0x3946, 0x3926, 0x3926, 0x3926, 0x3926, 0x3926, 0x3926, 0x3926, 0x3926, 0x3926,
    0x3926, 0x3926, 0x3926, 0x3926, 0x3126, 0x3126, 0x3126, 0x3946, 0x3946, 0x3946, 0x3146, 0x3146,
    0x3146, 0x3946, 0x3126, 0x3126, 0x3126, 0x3125, 0x3125, 0x3126, 0x3966, 0x4187, 0x4187, 0x4187,
    0x49A8, 0x49C8, 0x49C8, 0x49A8, 0x49A8, 0x49A8, 0x4187, 0x4187, 0x3967, 0x3966, 0x3946, 0x3946,
    0x3946, 0x3946, 0x3946, 0x3946, 0x3946, 0x3946, 0x3946, 0x3946, 0x3946, 0x3926, 0x3126, 0x3926,
    0x4146, 0x1041, 0x0000, 0x0000, 0x0000, 0x0000, 0x0000, 0x0000, 0x0000, 0x012A, 0x041E, 0x047F,
    0x047F, 0x0C7F, 0x0C7F, 0x0C5F, 0x0C7F, 0x0C7F, 0x0C9F, 0x0CBF, 0x0CBF, 0x0CDF, 0x0CDF, 0x0CFF,
    0x0359, 0x00A9, 0x01B0, 0x045F, 0x0C9F, 0x0C9F, 0x0C9F, 0x0C9F, 0x0C9F, 0x0CBF, 0x0BBD, 0x010B,
    0x00C9, 0x03FD, 0x0C7F, 0x0C7F, 0x0C7F, 0x0C7F, 0x0C7F, 0x0C9F, 0x0BDD, 0x0C5F, 0x0C9F, 0x0C9F,
    0x0C9F, 0x0C9F, 0x0C9F, 0x0C9F, 0x0C7F, 0x0C9F, 0x0C9F, 0x0C9F, 0x0CBF, 0x0CBF, 0x0CBF, 0x0CBF,
    0x04BF, 0x04BF, 0x04DF, 0x033B, 0x0B19, 0x14DF, 0x0C9F, 0x0C7F, 0x0C7F, 0x0C7F, 0x0C7F, 0x0C7F,
    0x0C7F, 0x0C7F, 0x0C7F, 0x0C9F, 0x0C9F, 0x0C9F, 0x0C9F, 0x0C9F, 0x0C3E, 0x010A, 0x0000, 0x0000,
    0x0000, 0x0000, 0x0000, 0x014C, 0x0C3E, 0x0C9F, 0x0C7F, 0x0C7F, 0x0C7F, 0x0C7F, 0x0C7F, 0x14BF,
    0x0AB5, 0x0022, 0x0000, 0x0000, 0x0000, 0x0000, 0x0000, 0x0021, 0x0A11, 0x0C3E, 0x0C7F, 0x0C5F,
    0x0C7F, 0x0C5F, 0x0C5F, 0x0C5F, 0x0C7F, 0x0C7F, 0x0C9F, 0x0C9F, 0x0C7F, 0x0CBF, 0x0C5F, 0x0B1B,
    0x0CBF, 0x0C9F, 0x0C9F, 0x0C9F, 0x0C9F, 0x0C9F, 0x0C9F, 0x0C9F, 0x0C9F, 0x0C9F, 0x0CBF, 0x0CBF,
    0x0C9F, 0x0C9F, 0x0CBF, 0x0CBF, 0x0CBF, 0x049F, 0x0215, 0x0AB7, 0x0CDF, 0x0CBF, 0x0CBF, 0x0CBF,
    0x0CBF, 0x0CBF, 0x0BDE, 0x01D5, 0x0235, 0x0C5F, 0x0C5F, 0x0C5F, 0x0C5F, 0x0C5F, 0x0C5F, 0x0C5F,
    0x0212, 0x0021, 0x0000, 0x0171, 0x0C1F, 0x14BF, 0x0C9F, 0x0C9F, 0x0C7F, 0x04BF, 0x03FC, 0x010B,
    0x0000, 0x0000, 0x00E9, 0x0B9B, 0x049F, 0x0C7F, 0x0C7F, 0x0C7F, 0x0C7F, 0x0C7F, 0x0C7F, 0x0C9F,
    0x0C9F, 0x0C9F, 0x0C9F, 0x0C9F, 0x0C9F, 0x04BF, 0x0CBF, 0x0233, 0x0001, 0x0000, 0x0000, 0x0000,
    0x0000, 0x0000, 0x0000, 0x0066, 0x0AF8, 0x14BF, 0x0C9F, 0x0C9F, 0x0C7F, 0x0C7F, 0x0C9F, 0x0C9F,
    0x0C9F, 0x0CBF, 0x0CDF, 0x0CDF, 0x0CDF, 0x0CBF, 0x0CBF, 0x0CBF, 0x0CBF, 0x0211, 0x0000, 0x0000,
    0x0000, 0x0043, 0x02D6, 0x047F, 0x045F, 0x0C5F, 0x0C5F, 0x0C5F, 0x0C5F, 0x0C5F, 0x0C7F, 0x0C7F,
    0x0C7F, 0x0C7F, 0x045F, 0x0272, 0x0021, 0x0000, 0x0000, 0x0000, 0x0000, 0x01AF, 0x0CBF, 0x0CDF,
    0x0CBF, 0x0CBF, 0x0CBF, 0x0CDF, 0x043E, 0x0190, 0x0000, 0x0044, 0x0233, 0x049F, 0x0C9F, 0x0C9F,
    0x0CBF, 0x0CBF, 0x0CDF, 0x04BF, 0x0214, 0x0001, 0x0000, 0x0000, 0x0000, 0x0000, 0x4208, 0x6A4B,
    0x622A, 0x5A0A, 0x59EA, 0x59E9, 0x51E9, 0x51C9, 0x51C9, 0x51C8, 0x49A8, 0x3946, 0x3946, 0x3166,
    0x3146, 0x3146, 0x3146, 0x3146, 0x3967, 0x4187, 0x4187, 0x49A8, 0x49A8, 0x49A8, 0x4187, 0x4167,
    0x4167, 0x4146, 0x3946, 0x3946, 0x3946, 0x3946, 0x3946, 0x3966, 0x3967, 0x4187, 0x4187, 0x4187,
    0x4988, 0x49A8, 0x49A8, 0x49A8, 0x49A8, 0x49A8, 0x49A8, 0x49A8, 0x49A8, 0x49A8, 0x4187, 0x4167,
    0x4167, 0x4167, 0x4167, 0x4166, 0x4167, 0x4167, 0x4167, 0x4167, 0x4166, 0x4146, 0x4167, 0x4187,
    0x4987, 0x4987, 0x49A8, 0x49C8, 0x51C9, 0x51E9, 0x51C9, 0x51C9, 0x59E9, 0x59E9, 0x51C9, 0x49C8,
    0x49A8, 0x4987, 0x4187, 0x4187, 0x4187, 0x4167, 0x3966, 0x3946, 0x3946, 0x3946, 0x3946, 0x3946,
    0x3946, 0x3926, 0x3926, 0x3926, 0x3926, 0x3926, 0x3926, 0x3926, 0x3126, 0x3126, 0x3126, 0x3946,
    0x3946, 0x3946, 0x3146, 0x3126, 0x3946, 0x3126, 0x3126, 0x3926, 0x3126, 0x3926, 0x3926, 0x3926,
    0x3946, 0x3946, 0x3946, 0x3946, 0x3967, 0x4167, 0x4187, 0x4187, 0x4987, 0x4167, 0x4167, 0x3967,
    0x3946, 0x3946, 0x3126, 0x3946, 0x3946, 0x3946, 0x3946, 0x3946, 0x3946, 0x3946, 0x3946, 0x3946,
    0x3946, 0x3926, 0x3926, 0x3926, 0x3946, 0x1041, 0x0000, 0x0000, 0x0000, 0x0000, 0x0000, 0x0000,
    0x0000, 0x01CF, 0x04FF, 0x0D1F, 0x0CFF, 0x0CFF, 0x0CFF, 0x0CFF, 0x0CFF, 0x04FF, 0x04FF, 0x04FF,
    0x051F, 0x0D7F, 0x0D9F, 0x0DFF, 0x0BB9, 0x0067, 0x0085, 0x0AD6, 0x0D1F, 0x0D3F, 0x0D1F, 0x0D1F,
    0x0D1F, 0x0D3F, 0x0C9F, 0x01B2, 0x0A75, 0x0D3F, 0x0D3F, 0x0D1F, 0x0D1F, 0x0D1F, 0x0D3F, 0x0C7E,
    0x0235, 0x04DE, 0x0D5F, 0x0D5F, 0x0D3F, 0x0D3F, 0x0D3F, 0x0D3F, 0x0D3F, 0x0D3F, 0x0D3F, 0x0D5F,
    0x059F, 0x0D9F, 0x0D9F, 0x0DBF, 0x0DBF, 0x0DBF, 0x05FF, 0x03BA, 0x0B9A, 0x0D9F, 0x0D5F, 0x0D5F,
    0x0D5F, 0x0D7F, 0x055F, 0x0D7F, 0x0D9F, 0x0D7F, 0x0D7F, 0x0D7F, 0x0D7F, 0x0D7F, 0x0D7F, 0x0D5F,
    0x057F, 0x0398, 0x0064, 0x0000, 0x0000, 0x0000, 0x0023, 0x02B4, 0x0D7F, 0x0D3F, 0x0D3F, 0x0D5F,
    0x0D5F, 0x0D5F, 0x0D5F, 0x159F, 0x0B57, 0x0065, 0x0000, 0x0000, 0x0000, 0x0000, 0x0063, 0x02D3,
    0x0D5F, 0x0D3F, 0x0D1F, 0x0D1F, 0x0D3F, 0x0D3F, 0x0D3F, 0x0D3F, 0x0D5F, 0x0D5F, 0x0D5F, 0x0D5F,
    0x0D3F, 0x051F, 0x035A, 0x0B19, 0x0D7F, 0x0D5F, 0x0D5F, 0x0D5F, 0x0D3F, 0x0D3F, 0x0D5F, 0x0D5F,
    0x0D7F, 0x0D7F, 0x0D7F, 0x0D7F, 0x0D7F, 0x0D9F, 0x0DBF, 0x0DBF, 0x0DBF, 0x0D5E, 0x0215, 0x02F7,
    0x0D9F, 0x0D7F, 0x0D7F, 0x0D7F, 0x0D7F, 0x0D9F, 0x0C5D, 0x01D5, 0x0275, 0x0D3F, 0x0D1F, 0x051F,
    0x053F, 0x053F, 0x0D3F, 0x0D5F, 0x03BA, 0x00E9, 0x0000, 0x0191, 0x0CBF, 0x0D7F, 0x0D3F, 0x053F,
    0x0D3F, 0x0D9F, 0x03FA, 0x00C9, 0x0021, 0x01AC, 0x04BD, 0x055F, 0x0D1F, 0x0D3F, 0x0D3F, 0x0D5F,
    0x0D3F, 0x0D5F, 0x0D7F, 0x0D5F, 0x0D5F, 0x0D5F, 0x0D7F, 0x0D7F, 0x057F, 0x057F, 0x0379, 0x00A7,
    0x0000, 0x0000, 0x0000, 0x0000, 0x0000, 0x0000, 0x0000, 0x0086, 0x0BD9, 0x0DBF, 0x0D7F, 0x0D7F,
    0x0D7F, 0x0D7F, 0x0DBF, 0x0DBF, 0x0DBF, 0x0DBF, 0x0DBF, 0x0D9F, 0x059F, 0x059F, 0x059F, 0x059F,
    0x05DF, 0x03FA, 0x00C8, 0x0000, 0x00C6, 0x03D9, 0x055F, 0x053F, 0x0D1F, 0x0D1F, 0x0D3F, 0x053F,
    0x053F, 0x0D3F, 0x0D3F, 0x0D3F, 0x0D3F, 0x0D3F, 0x0D5F, 0x0D5F, 0x02F4, 0x0064, 0x0000, 0x0000,
    0x0022, 0x02D4, 0x05BF, 0x0D7F, 0x0D7F, 0x057F, 0x057F, 0x0D9F, 0x04DF, 0x01D2, 0x0000, 0x00A7,
    0x0359, 0x0D5F, 0x0D3F, 0x0D5F, 0x0D5F, 0x0D5F, 0x0DBF, 0x057F, 0x0213, 0x0001, 0x0000, 0x0000,
    0x0000, 0x0000, 0x4208, 0x6A4B, 0x6A4B, 0x6A2B, 0x622B, 0x622A, 0x5A0A, 0x59E9, 0x51C9, 0x51A8,
    0x4187, 0x3946, 0x3146, 0x3146, 0x3146, 0x3146, 0x3146, 0x3146, 0x3966, 0x4187, 0x4187, 0x4187,
    0x4187, 0x4187, 0x4166, 0x4146, 0x4146, 0x3966, 0x3966, 0x4166, 0x4166, 0x4166, 0x4167, 0x4187,
    0x4187, 0x4187, 0x4187, 0x4988, 0x4988, 0x49A8, 0x49A8, 0x49A8, 0x4988, 0x49A8, 0x49A8, 0x49A8,
    0x4987, 0x49A8, 0x4987, 0x4987, 0x4987, 0x4187, 0x4167, 0x4167, 0x4187, 0x4187, 0x4187, 0x4187,
    0x4167, 0x4167, 0x49A8, 0x49A8, 0x49C8, 0x49C8, 0x49C8, 0x51E9, 0x51E9, 0x51C9, 0x51C9, 0x51E9,
    0x59E9, 0x59E9, 0x51E9, 0x51C9, 0x51C8, 0x49A8, 0x4988, 0x49A7, 0x4987, 0x4167, 0x4167, 0x3967,
    0x3967, 0x3967, 0x3967, 0x3967, 0x3946, 0x3946, 0x3926, 0x3926, 0x3926, 0x3926, 0x3926, 0x3926,
    0x3126, 0x3126, 0x3126, 0x3946, 0x3946, 0x3946, 0x3126, 0x3126, 0x3926, 0x3126, 0x3126, 0x3926,
    0x3926, 0x3926, 0x3926, 0x3926, 0x3126, 0x3126, 0x3126, 0x3126, 0x3126, 0x3126, 0x3946, 0x4146,
    0x4167, 0x3946, 0x3946, 0x3946, 0x3146, 0x3946, 0x3126, 0x3946, 0x3946, 0x3946, 0x3946, 0x3946,
    0x3946, 0x3946, 0x3946, 0x3946, 0x3946, 0x3126, 0x3926, 0x3926, 0x3126, 0x1041, 0x0000, 0x0000,
    0x0000, 0x0000, 0x0000, 0x0000, 0x0000, 0x0293, 0x0D9F, 0x0D7F, 0x057F, 0x0D5F, 0x0D5F, 0x0D7F,
    0x055F, 0x055F, 0x057F, 0x057F, 0x059F, 0x05DF, 0x0E7F, 0x0EBF, 0x0B97, 0x0045, 0x0000, 0x014A,
    0x0D3F, 0x0DBF, 0x0DBF, 0x0D9F, 0x0D9F, 0x0D9F, 0x157F, 0x0B9B, 0x0CBE, 0x0DDF, 0x0DBF, 0x0D9F,
    0x0D9F, 0x0DBF, 0x0D9F, 0x0253, 0x01F1, 0x0DDF, 0x0E1F, 0x0DFF, 0x0DFF, 0x0DFF, 0x0DFF, 0x0DFF,
    0x05FF, 0x05FF, 0x05FF, 0x05FF, 0x05FF, 0x0E1F, 0x0E3F, 0x0E7F, 0x0E7F, 0x0E5F, 0x0E9F, 0x03B9,
    0x0C1A, 0x0E1F, 0x0DDF, 0x0DDF, 0x0DDF, 0x0E3F, 0x061F, 0x0E3F, 0x0E9F, 0x0E7F, 0x0E3F, 0x0E3F,
    0x0E3F, 0x0E3F, 0x0E1F, 0x0E1F, 0x063F, 0x057E, 0x016C, 0x0000, 0x0000, 0x0000, 0x010A, 0x03FB,
    0x0E1F, 0x0DDF, 0x0DDF, 0x0DDF, 0x0DFF, 0x0DDF, 0x0DDF, 0x0E1F, 0x0C3A, 0x00C8, 0x0000, 0x0000,
    0x0000, 0x0000, 0x0270, 0x0DFF, 0x0DBF, 0x0DBF, 0x0D9F, 0x0D9F, 0x0D9F, 0x0DDF, 0x0DFF, 0x0DDF,
    0x0DFF, 0x0DFF, 0x0DFF, 0x0DFF, 0x0DFF, 0x0C9D, 0x01B3, 0x0BBB, 0x161F, 0x0DFF, 0x0DFF, 0x0DFF,
    0x0DFF, 0x0DFF, 0x0DFF, 0x0E1F, 0x0E1F, 0x0E1F, 0x0DFF, 0x0E1F, 0x0E7F, 0x0E9F, 0x0E7F, 0x0E5F,
    0x065F, 0x05BE, 0x01D3, 0x0357, 0x163F, 0x15FF, 0x0DFF, 0x0DFF, 0x0DFF, 0x0E7F, 0x0CBC, 0x01B4,
    0x02D5, 0x0DDF, 0x0DBF, 0x0DDF, 0x05BF, 0x05DF, 0x0DDF, 0x0DDF, 0x0D9F, 0x01CE, 0x0000, 0x01F2,
    0x0D5F, 0x0DFF, 0x05DF, 0x05DF, 0x05FF, 0x0E5F, 0x03D7, 0x0087, 0x00E8, 0x0CFD, 0x0DFF, 0x05BF,
    0x0DBF, 0x0DBF, 0x0DDF, 0x0DDF, 0x0DFF, 0x0E3F, 0x0E5F, 0x0E3F, 0x0E3F, 0x0E1F, 0x0E1F, 0x0E1F,
    0x0E5F, 0x04BC, 0x012A, 0x0000, 0x0000, 0x0000, 0x0000, 0x0000, 0x0000, 0x0000, 0x0000, 0x00A7,
    0x0C79, 0x0E5F, 0x0E1F, 0x0E1F, 0x0E1F, 0x0E1F, 0x0E3F, 0x0E5F, 0x0E5F, 0x0E5F, 0x0E5F, 0x0E3F,
    0x063F, 0x063F, 0x063F, 0x063F, 0x063F, 0x063F, 0x0251, 0x0066, 0x03D8, 0x0E1F, 0x0DDF, 0x0DDF,
    0x0DDF, 0x0DDF, 0x05BF, 0x05DF, 0x05DF, 0x05DF, 0x061F, 0x061F, 0x061F, 0x0E1F, 0x0E1F, 0x0E1F,
    0x0DDF, 0x02D4, 0x0042, 0x0000, 0x0086, 0x0BB7, 0x065F, 0x05FF, 0x0DFF, 0x0E1F, 0x0E1F, 0x0E1F,
    0x0DDF, 0x02B4, 0x0000, 0x018C, 0x04FE, 0x0E1F, 0x0DFF, 0x0E1F, 0x0E1F, 0x0E1F, 0x0E7F, 0x063F,
    0x0232, 0x0001, 0x0000, 0x0000, 0x0000, 0x0000, 0x4208, 0x6A4B, 0x6A4B, 0x724B, 0x6A4B, 0x6A4B,
    0x622A, 0x5A0A, 0x51E9, 0x51C8, 0x4187, 0x3946, 0x3126, 0x3146, 0x3146, 0x3146, 0x3146, 0x3146,
    0x3966, 0x4167, 0x4167, 0x4167, 0x3967, 0x3967, 0x3946, 0x4147, 0x4167, 0x4167, 0x4167, 0x4187,
    0x4187, 0x4187, 0x4187, 0x41A7, 0x41A8, 0x49A8, 0x4987, 0x4988, 0x49A8, 0x49A8, 0x49A8, 0x49A8,
    0x49A8, 0x49A8, 0x49A8, 0x49A8, 0x49A8, 0x49A8, 0x49A8, 0x49A8, 0x49A8, 0x49A8, 0x49A8, 0x49A8,
    0x49A8, 0x49A8, 0x49A8, 0x49A8, 0x4987, 0x4987, 0x51C8, 0x51E9, 0x51C9, 0x51E9, 0x51E9, 0x51E9,
    0x51E9, 0x51C9, 0x51C9, 0x5A09, 0x51A8, 0x51A8, 0x51A8, 0x51A8, 0x49A8, 0x49A8, 0x4988, 0x4988,
    0x4987, 0x4187, 0x4187, 0x4167, 0x3967, 0x3946, 0x3967, 0x3967, 0x3967, 0x3946, 0x3946, 0x3946,
    0x3946, 0x3946, 0x3946, 0x3126, 0x3126, 0x3126, 0x3126, 0x3946, 0x3946, 0x3946, 0x3926, 0x3126,
    0x3126, 0x3926, 0x3926, 0x3926, 0x3926, 0x3926, 0x3926, 0x3926, 0x3126, 0x3126, 0x3126, 0x3126,
    0x3126, 0x3126, 0x3126, 0x3946, 0x3946, 0x3926, 0x3926, 0x3926, 0x3946, 0x3946, 0x3126, 0x3126,
    0x3946, 0x3946, 0x3946, 0x3946, 0x3946, 0x3946, 0x3946, 0x3946, 0x3946, 0x3126, 0x3926, 0x3126,
    0x3126, 0x1041, 0x0000, 0x0000, 0x0000, 0x0000, 0x0000, 0x0000, 0x0063, 0x03D9, 0x0DDF, 0x0DBF,
    0x0DBF, 0x0DBF, 0x05BF, 0x05DF, 0x05FF, 0x05FF, 0x05DF, 0x059F, 0x057E, 0x04FC, 0x0CDA, 0x0BF7,
    0x01CE, 0x0043, 0x0000, 0x0043, 0x0AB2, 0x161F, 0x0DFF, 0x0DFF, 0x0DFF, 0x0DFF, 0x0E1F, 0x0DDF,
    0x0E1F, 0x0DFF, 0x0DFF, 0x0DFF, 0x0DFF, 0x0E5F, 0x0396, 0x00EB, 0x0272, 0x165F, 0x167F, 0x0E5F,
    0x0E5F, 0x0E5F, 0x0E5F, 0x0E3F, 0x0E3F, 0x0E3F, 0x0E3F, 0x0E5F, 0x063F, 0x0DDE, 0x0DFE, 0x0E3E,
    0x0E5F, 0x0EBF, 0x075F, 0x0313, 0x0C9A, 0x0E3F, 0x0DFF, 0x0E1F, 0x0E3F, 0x0E7F, 0x0BD8, 0x0271,
    0x02F4, 0x0CFC, 0x0E9F, 0x0E5F, 0x0E7F, 0x0E7F, 0x0E7F, 0x0E7F, 0x0E7F, 0x0E1F, 0x0292, 0x0000,
    0x0000, 0x0000, 0x0270, 0x059F, 0x0E3F, 0x0E1F, 0x0E1F, 0x0E1F, 0x0E5F, 0x0E5F, 0x0E5F, 0x0E7F,
    0x0D3D, 0x01AD, 0x0000, 0x0000, 0x0000, 0x00A5, 0x0CDB, 0x0E5F, 0x0DFF, 0x0DFF, 0x0DFF, 0x0E1F,
    0x0E1F, 0x0E5F, 0x0E7F, 0x165F, 0x0E5F, 0x0E3F, 0x0E3F, 0x065F, 0x0DFF, 0x0231, 0x016F, 0x0C9D,
    0x167F, 0x0E5F, 0x0E5F, 0x167F, 0x0E7F, 0x0E5F, 0x0E5F, 0x0E5F, 0x0E5F, 0x0E5F, 0x0E5F, 0x0DDE,
    0x0D9D, 0x0DDE, 0x0E1F, 0x0E5F, 0x073F, 0x05FC, 0x0170, 0x0356, 0x0E7F, 0x163F, 0x0E3F, 0x0E3F,
    0x0E3F, 0x16DF, 0x0C79, 0x0150, 0x0B35, 0x165F, 0x0E1F, 0x0E1F, 0x0E1F, 0x0E3F, 0x0E3F, 0x0E3F,
    0x0E1F, 0x02B3, 0x0022, 0x0230, 0x0E1F, 0x0E3F, 0x0E3F, 0x0E3F, 0x0E3F, 0x0E7F, 0x0312, 0x0066,
    0x0354, 0x0E1F, 0x0E1F, 0x0DFF, 0x0DFF, 0x0E1F, 0x0E1F, 0x0E5F, 0x0EBF, 0x069F, 0x051D, 0x0BD9,
    0x0CDC, 0x063F, 0x0E7F, 0x0EBF, 0x0E3F, 0x0230, 0x0001, 0x0000, 0x0000, 0x0000, 0x0000, 0x0000,
    0x0000, 0x0000, 0x0000, 0x00A7, 0x0CDA, 0x167F, 0x0E5F, 0x0E3F, 0x0E5F, 0x0E9F, 0x0C39, 0x0251,
    0x02B2, 0x0C7A, 0x0E7F, 0x0E9F, 0x0E7F, 0x0E7F, 0x0E7F, 0x0E7F, 0x0E7F, 0x069F, 0x02D3, 0x0210,
    0x0DFF, 0x0E1F, 0x0DFF, 0x0DFF, 0x0E1F, 0x0E1F, 0x0E3F, 0x065F, 0x061F, 0x061F, 0x065F, 0x067F,
    0x0E5F, 0x0E5F, 0x0E5F, 0x0E3F, 0x0E5F, 0x0D1C, 0x0149, 0x0000, 0x00E9, 0x0438, 0x0E9F, 0x0E5F,
    0x0E5F, 0x0E5F, 0x0E5F, 0x0E5F, 0x0E9F, 0x0B95, 0x0002, 0x0230, 0x0E1F, 0x0E3F, 0x0E3F, 0x0E3F,
    0x0E3F, 0x0E5F, 0x0E9F, 0x067F, 0x0272, 0x0001, 0x0000, 0x0000, 0x0000, 0x0000, 0x4208, 0x6A4B,
    0x6A4B, 0x724B, 0x6A4B, 0x6A4B, 0x620A, 0x59E9, 0x51C9, 0x49A8, 0x3967, 0x3126, 0x3126, 0x3146,
    0x3146, 0x3126, 0x3946, 0x3946, 0x3966, 0x3967, 0x3967, 0x3946, 0x3946, 0x3946, 0x4167, 0x4187,
    0x4187, 0x4187, 0x4987, 0x49A8, 0x49A8, 0x4987, 0x4987, 0x49A8, 0x49A8, 0x49A8, 0x4987, 0x49A8,
    0x49A8, 0x49A8, 0x49A8, 0x49C8, 0x49C8, 0x49A8, 0x49C8, 0x49C8, 0x49C8, 0x51C8, 0x51C8, 0x51C8,
    0x51C8, 0x49C8, 0x49C8, 0x49C8, 0x49C8, 0x49C8, 0x49C8, 0x49C8, 0x49C8, 0x49C8, 0x51E9, 0x51E9,
    0x51E9, 0x51E9, 0x51E9, 0x51C9, 0x51E9, 0x59E9, 0x5A09, 0x620A, 0x4987, 0x4987, 0x4987, 0x4987,
    0x4987, 0x49A8, 0x49A8, 0x4988, 0x4987, 0x49A7, 0x4187, 0x4187, 0x4167, 0x3946, 0x3967, 0x3967,
    0x3967, 0x3967, 0x3967, 0x3967, 0x3946, 0x3967, 0x3946, 0x3126, 0x3926, 0x3926, 0x3926, 0x3926,
    0x3926, 0x3926, 0x3926, 0x3126, 0x3126, 0x3926, 0x3926, 0x3926, 0x3926, 0x3926, 0x3926, 0x3926,
    0x3126, 0x3126, 0x3126, 0x3126, 0x3126, 0x3126, 0x3126, 0x3126, 0x3126, 0x3126, 0x3126, 0x3126,
    0x3946, 0x3946, 0x3946, 0x3126, 0x3126, 0x3126, 0x3126, 0x3126, 0x3126, 0x3126, 0x3126, 0x3126,
    0x3126, 0x3126, 0x3126, 0x3126, 0x3126, 0x1041, 0x0000, 0x0000, 0x0000, 0x0000, 0x0000, 0x0000,
    0x00E7, 0x053D, 0x0E1F, 0x05FF, 0x05FF, 0x05FF, 0x0E1F, 0x0D5D, 0x0418, 0x0396, 0x0292, 0x01EF,
    0x018D, 0x00E9, 0x00A7, 0x0044, 0x0022, 0x0000, 0x0000, 0x0000, 0x00E7, 0x155C, 0x0E7F, 0x0E5F,
    0x0E5F, 0x0E5F, 0x0E5F, 0x0E7F, 0x0E5F, 0x0E3F, 0x0E3F, 0x0E3F, 0x0E9F, 0x0CDA, 0x012A, 0x00A7,
    0x0B77, 0x173F, 0x173F, 0x16FF, 0x0EDF, 0x0E9F, 0x0E5F, 0x0E9F, 0x0E9F, 0x0E9F, 0x0E9F, 0x0EBF,
    0x0E1D, 0x0252, 0x02B4, 0x0378, 0x045C, 0x05BD, 0x0EDE, 0x028E, 0x0D1A, 0x169F, 0x0E7F, 0x0E7F,
    0x16BF, 0x0EBF, 0x0291, 0x0044, 0x0065, 0x014B, 0x0BF7, 0x0EDF, 0x0EBF, 0x0EBF, 0x0EBF, 0x0EBF,
    0x16BF, 0x0E5F, 0x0271, 0x0000, 0x0000, 0x0001, 0x03B4, 0x0EDF, 0x0E7F, 0x0E7F, 0x0E5F, 0x0E7F,
    0x0E9F, 0x0E9F, 0x0E9F, 0x0E9F, 0x167F, 0x0AB1, 0x0001, 0x0000, 0x0021, 0x02B0, 0x0E9F, 0x0E5F,
    0x0E5F, 0x0E3F, 0x0E3F, 0x0E5F, 0x069F, 0x0E9F, 0x0CDA, 0x0315, 0x0BD7, 0x0E7F, 0x06BF, 0x06DF,
    0x04BA, 0x0064, 0x018D, 0x0E3F, 0x0F3F, 0x0EFF, 0x0EBF, 0x167E, 0x0E1D, 0x0E7E, 0x0EBF, 0x0EBF,
    0x0EBF, 0x0E9F, 0x0EDF, 0x0396, 0x01B0, 0x0318, 0x041C, 0x0CFD, 0x0EBD, 0x0D16, 0x00EB, 0x03D5,
    0x0EDF, 0x0E7F, 0x0E7F, 0x0E9F, 0x0E7F, 0x173F, 0x0436, 0x00ED, 0x0B95, 0x16BF, 0x0E7F, 0x0E9F,
    0x0E9F, 0x0E9F, 0x0E9F, 0x0E9F, 0x0EBF, 0x0CDB, 0x0065, 0x026E, 0x0EBF, 0x0E7F, 0x0E7F, 0x0E7F,
    0x0E7F, 0x0E9F, 0x02D0, 0x00E9, 0x0D3B, 0x0E9F, 0x0E5F, 0x0E5F, 0x0E5F, 0x0E5F, 0x0E7F, 0x0EFF,
    0x0DFE, 0x0AF2, 0x0129, 0x00C8, 0x018D, 0x0C19, 0x0EDF, 0x071F, 0x03F5, 0x0044, 0x0000, 0x0000,
    0x0000, 0x0000, 0x0000, 0x0000, 0x0000, 0x0000, 0x0000, 0x00A7, 0x0D1A, 0x0EBF, 0x0E9F, 0x0E9F,
    0x0E7F, 0x0EBF, 0x0334, 0x0066, 0x0064, 0x0129, 0x03D6, 0x0E9F, 0x0EDF, 0x0EBF, 0x0EBF, 0x0EBF,
    0x0EBF, 0x0EBF, 0x0334, 0x0CDB, 0x0E9F, 0x0E5F, 0x0E5F, 0x0E5F, 0x0E5F, 0x0E9F, 0x0E3E, 0x0417,
    0x01ED, 0x020E, 0x0417, 0x0E9F, 0x0EDF, 0x0EBF, 0x0E9F, 0x0E9F, 0x0E9F, 0x0E9F, 0x02D1, 0x0000,
    0x014B, 0x0CFB, 0x0EDF, 0x0E9F, 0x0E9F, 0x0E9F, 0x0E9F, 0x0E9F, 0x0EDF, 0x0C16, 0x0086, 0x02B1,
    0x0EBF, 0x0E9F, 0x0E7F, 0x0E7F, 0x0E9F, 0x0E9F, 0x0EBF, 0x0E9F, 0x0270, 0x0000, 0x0000, 0x0000,
    0x0000, 0x0000, 0x4208, 0x6A4B, 0x6A4B, 0x6A4B, 0x6A4B, 0x6A2B, 0x5A09, 0x51C8, 0x49A8, 0x4187,
    0x3946, 0x3125, 0x3126, 0x3926, 0x3126, 0x3946, 0x3946, 0x3967, 0x3967, 0x3946, 0x3946, 0x3946,
    0x3946, 0x3946, 0x4187, 0x4187, 0x4988, 0x49A8, 0x49C8, 0x49A8, 0x49A8, 0x4987, 0x4987, 0x49A8,
    0x49A8, 0x49A8, 0x4988, 0x49C8, 0x49C8, 0x49A8, 0x49C8, 0x51E9, 0x51E9, 0x51C9, 0x51E9, 0x51E9,
    0x51E9, 0x51C9, 0x51E9, 0x51E9, 0x51E9, 0x51E9, 0x51E9, 0x51E9, 0x51E9, 0x51E9, 0x51E9, 0x51E9,
    0x51E9, 0x51E9, 0x51E9, 0x51E9, 0x51C9, 0x51E9, 0x51E9, 0x51C9, 0x5A09, 0x5A0A, 0x622A, 0x622A,
    0x4187, 0x4167, 0x4187, 0x4187, 0x4187, 0x4187, 0x4187, 0x4187, 0x4187, 0x4187, 0x4187, 0x4187,
    0x4167, 0x3946, 0x4167, 0x3967, 0x3967, 0x3967, 0x3967, 0x3946, 0x3946, 0x3946, 0x3946, 0x3946,
    0x3946, 0x3946, 0x3946, 0x3926, 0x3926, 0x3926, 0x3926, 0x3126, 0x3126, 0x3926, 0x3926, 0x3926,
    0x3926, 0x3926, 0x3926, 0x3926, 0x3126, 0x3126, 0x3126, 0x3126, 0x3126, 0x3126, 0x3126, 0x3946,
    0x3946, 0x3126, 0x3126, 0x3126, 0x3946, 0x3946, 0x3946, 0x3126, 0x3126, 0x3126, 0x3126, 0x3126,
    0x3126, 0x3126, 0x3126, 0x3126, 0x3126, 0x3126, 0x3126, 0x3126, 0x3126, 0x1041, 0x0000, 0x0000,
    0x0000, 0x0000, 0x0000, 0x0000, 0x01CC, 0x0E1E, 0x0E3F, 0x065F, 0x065F, 0x065F, 0x0EBF, 0x0C15,
    0x0023, 0x0022, 0x0001, 0x0000, 0x0000, 0x0041, 0x0021, 0x0000, 0x0000, 0x0000, 0x0000, 0x0000,
    0x0021, 0x02B1, 0x0E9F, 0x16BF, 0x0E9F, 0x0E9F, 0x0EBF, 0x0EBF, 0x0EBF, 0x0EBF, 0x0EBF, 0x0EDF,
    0x0E5E, 0x0A6F, 0x0001, 0x0084, 0x0B96, 0x157B, 0x0C16, 0x0B13, 0x0290, 0x01CD, 0x0331, 0x0F3F,
    0x0EFF, 0x0F1F, 0x0F1F, 0x175F, 0x0E5C, 0x018C, 0x0108, 0x0108, 0x00C6, 0x00C5, 0x00E6, 0x0128,
    0x0DFB, 0x171F, 0x0EFF, 0x0EFF, 0x0EFF, 0x0EFF, 0x020B, 0x0000, 0x0000, 0x0000, 0x020B, 0x0F1F,
    0x0F3F, 0x0F3F, 0x0F5F, 0x0F3F, 0x0F5F, 0x0EDF, 0x022E, 0x0000, 0x0000, 0x00E8, 0x0D1A, 0x175F,
    0x0EFF, 0x0EDF, 0x06FF, 0x0E1E, 0x0EDF, 0x0F1F, 0x0F1F, 0x0F1F, 0x175F, 0x0B73, 0x0043, 0x0000,
    0x0106, 0x05FD, 0x0EDF, 0x0EDF, 0x0EDF, 0x0EFF, 0x0EDF, 0x071F, 0x0E9E, 0x02F1, 0x00C7, 0x0086,
    0x00C8, 0x0395, 0x0E9F, 0x0EBF, 0x09EC, 0x0000, 0x018C, 0x0C39, 0x0394, 0x026F, 0x020D, 0x01AC,
    0x012B, 0x059A, 0x0F5F, 0x0F3F, 0x0F1F, 0x0F3F, 0x0F5F, 0x03B5, 0x00A7, 0x00E8, 0x00E7, 0x00C6,
    0x00A4, 0x0063, 0x0086, 0x0476, 0x0F7F, 0x0EFF, 0x0F1F, 0x0F1F, 0x0F1F, 0x179F, 0x0414, 0x00CB,
    0x0415, 0x0F7F, 0x0F3F, 0x0F3F, 0x0F1F, 0x0F1F, 0x0F1F, 0x0F1F, 0x0F3F, 0x0E3D, 0x018B, 0x02CF,
    0x0F7F, 0x0F1F, 0x0F3F, 0x0F3F, 0x0F1F, 0x0F3F, 0x02AF, 0x0B12, 0x0EFF, 0x0EFF, 0x0EFF, 0x0EFF,
    0x0EDF, 0x06DF, 0x071F, 0x0519, 0x01CC, 0x0021, 0x0000, 0x0000, 0x0000, 0x012A, 0x04D9, 0x04B8,
    0x0107, 0x0000, 0x0000, 0x0000, 0x0000, 0x0000, 0x0000, 0x0000, 0x0000, 0x0000, 0x0000, 0x00C6,
    0x05BA, 0x0F3F, 0x0F1F, 0x0F1F, 0x0EFF, 0x0F1F, 0x0331, 0x0002, 0x0000, 0x0000, 0x00C6, 0x0E5C,
    0x0F5F, 0x073F, 0x073F, 0x0F1F, 0x0F1F, 0x0F3F, 0x0456, 0x06BE, 0x0F1F, 0x0EFF, 0x0EFF, 0x0F1F,
    0x073F, 0x0EBE, 0x022D, 0x0002, 0x0000, 0x0000, 0x0064, 0x0CD8, 0x0F7F, 0x0F3F, 0x0F3F, 0x0F1F,
    0x0EFF, 0x0F1F, 0x04D8, 0x0063, 0x01CE, 0x0E5D, 0x0F1F, 0x0EFF, 0x0EFF, 0x0EFF, 0x0EFF, 0x0EFF,
    0x0F5F, 0x0CD7, 0x016B, 0x0373, 0x0F3F, 0x0F1F, 0x0EDF, 0x0EFF, 0x0EFF, 0x0F1F, 0x0F3F, 0x0F3F,
    0x024E, 0x0000, 0x0000, 0x0000, 0x0000, 0x0000, 0x4208, 0x6A4B, 0x6A4B, 0x6A2B, 0x6A2B, 0x620A,
    0x59E9, 0x51C8, 0x49A8, 0x4167, 0x3946, 0x3146, 0x3946, 0x3946, 0x3946, 0x3946, 0x3946, 0x3967,
    0x3967, 0x3946, 0x3946, 0x3946, 0x4167, 0x4167, 0x4187, 0x4988, 0x49A8, 0x49C8, 0x49C8, 0x49A8,
    0x49A8, 0x4988, 0x4988, 0x49A8, 0x49A8, 0x49A8, 0x49A8, 0x49C8, 0x51C8, 0x51C8, 0x51C9, 0x51E9,
    0x51E9, 0x51E9, 0x5A09, 0x5A09, 0x59E9, 0x59E9, 0x59E9, 0x5A09, 0x5A09, 0x5A09, 0x59E9, 0x59E9,
    0x59E9, 0x59E9, 0x59E9, 0x59E9, 0x5A09, 0x59E9, 0x59E9, 0x59E9, 0x59E9, 0x5A09, 0x5A0A, 0x5A09,
    0x622A, 0x622A, 0x622A, 0x622A, 0x4167, 0x4167, 0x4167, 0x4167, 0x4187, 0x4187, 0x4187, 0x4187,
    0x4187, 0x4187, 0x4187, 0x4187, 0x4167, 0x3946, 0x4167, 0x4167, 0x4167, 0x3967, 0x3946, 0x3946,
    0x3946, 0x3946, 0x3967, 0x3967, 0x3946, 0x3946, 0x3946, 0x3946, 0x3946, 0x3926, 0x3126, 0x3126,
    0x3126, 0x3126, 0x3926, 0x3926, 0x3926, 0x3926, 0x3926, 0x3926, 0x3126, 0x3126, 0x3126, 0x3126,
    0x3126, 0x3126, 0x3126, 0x3126, 0x3946, 0x3126, 0x3126, 0x3126, 0x3946, 0x3946, 0x3946, 0x3126,
    0x3126, 0x3126, 0x3126, 0x3126, 0x3126, 0x3126, 0x3126, 0x3126, 0x3126, 0x3126, 0x3126, 0x3126,
    0x3126, 0x1041, 0x0000, 0x0000, 0x0000, 0x0000, 0x0000, 0x0021, 0x02F0, 0x06BE, 0x0EFF, 0x0EFF,
    0x0F1F, 0x0F1F, 0x0F7F, 0x0C75, 0x0086, 0x0128, 0x016A, 0x022D, 0x0311, 0x0435, 0x0310, 0x0042,
    0x0000, 0x0000, 0x0000, 0x0000, 0x0000, 0x00A5, 0x0D39, 0x0F9F, 0x0F7F, 0x0F7F, 0x0F7F, 0x079F,
    0x077F, 0x0F7F, 0x0F9F, 0x175F, 0x0BB4, 0x0063, 0x0000, 0x0021, 0x00A5, 0x0064, 0x0043, 0x0043,
    0x0022, 0x0002, 0x02AE, 0x0FFF, 0x0FBF, 0x0FBF, 0x0FBF, 0x0FFF, 0x06DC, 0x0148, 0x0000, 0x0000,
    0x0000, 0x0000, 0x0000, 0x00C6, 0x0E9C, 0x0FDF, 0x07BF, 0x07BF, 0x079F, 0x0F5E, 0x01C8, 0x0000,
    0x0000, 0x0000, 0x028C, 0x079F, 0x0FBF, 0x0FBF, 0x0FBF, 0x0FBF, 0x0FDF, 0x0EDD, 0x01AB, 0x0000,
    0x0001, 0x0310, 0x0F5F, 0x0FBF, 0x079F, 0x079F, 0x07BF, 0x0C76, 0x06BD, 0x07BF, 0x079F, 0x0F9F,
    0x17DF, 0x0C75, 0x0084, 0x0000, 0x026C, 0x079F, 0x079F, 0x079F, 0x0F9F, 0x0F9F, 0x0F9F, 0x0F3E,
    0x0AAE, 0x0022, 0x0000, 0x0000, 0x0000, 0x0065, 0x0AD1, 0x0332, 0x0021, 0x0000, 0x0042, 0x0023,
    0x0022, 0x0001, 0x0001, 0x0001, 0x0086, 0x05F9, 0x07DF, 0x079F, 0x0F9F, 0x0F9F, 0x0F7F, 0x0395,
    0x0001, 0x0000, 0x0000, 0x0000, 0x0000, 0x0000, 0x0085, 0x04D6, 0x0FFF, 0x0FBF, 0x0FBF, 0x0FBF,
    0x0FBF, 0x0FBF, 0x03D2, 0x0089, 0x0475, 0x0FDF, 0x0F9F, 0x0F9F, 0x0F9F, 0x0F9F, 0x0F9F, 0x079F,
    0x079F, 0x0F9F, 0x03B3, 0x02EF, 0x0FFF, 0x079F, 0x079F, 0x079F, 0x07BF, 0x0F1E, 0x02CF, 0x0DBA,
    0x17DF, 0x0F9F, 0x0F9F, 0x0F9F, 0x079F, 0x079F, 0x0CF8, 0x0127, 0x0000, 0x0000, 0x0000, 0x0000,
    0x0000, 0x0000, 0x0063, 0x0083, 0x0000, 0x0000, 0x0000, 0x0000, 0x0000, 0x0000, 0x0000, 0x0000,
    0x0000, 0x0000, 0x0000, 0x00A5, 0x063A, 0x0FDF, 0x0F9F, 0x0F9F, 0x0F9F, 0x0F9F, 0x02EF, 0x0001,
    0x0000, 0x0000, 0x01E9, 0x0F1D, 0x0FBF, 0x0FBF, 0x0F9F, 0x0F9F, 0x0FBF, 0x0F7F, 0x06DD, 0x079F,
    0x0F9F, 0x0F9F, 0x079F, 0x0F9F, 0x0F7F, 0x0372, 0x0022, 0x0000, 0x0000, 0x0000, 0x0000, 0x0168,
    0x06DD, 0x07DF, 0x079F, 0x07BF, 0x07BF, 0x07BF, 0x0EFC, 0x00E6, 0x02B1, 0x075F, 0x0FBF, 0x0F9F,
    0x079F, 0x0F9F, 0x0F9F, 0x0F9F, 0x0FDF, 0x0E7B, 0x022D, 0x0599, 0x0FDF, 0x0F9F, 0x0F9F, 0x0F9F,
    0x0F9F, 0x0FBF, 0x0FBF, 0x0F9F, 0x024C, 0x0000, 0x0000, 0x0000, 0x0000, 0x0000, 0x4208, 0x6A4B,
    0x6A2B, 0x622B, 0x620A, 0x59E9, 0x51C9, 0x49A8, 0x49A8, 0x4167, 0x3946, 0x3966, 0x3946, 0x3946,
    0x3947, 0x3946, 0x3946, 0x3946, 0x3946, 0x3946, 0x3946, 0x4187, 0x49A8, 0x49A8, 0x49A8, 0x49C8,
    0x51C8, 0x49C9, 0x49A8, 0x49A8, 0x49A8, 0x4987, 0x4987, 0x49A8, 0x49A8, 0x49A8, 0x49A8, 0x49C8,
    0x51C9, 0x51E9, 0x51C9, 0x51C9, 0x51E9, 0x5A0A, 0x5A0A, 0x5A2A, 0x622A, 0x622A, 0x622A, 0x622A,
    0x620A, 0x620A, 0x620A, 0x5A0A, 0x5A0A, 0x620A, 0x620A, 0x620A, 0x5A0A, 0x5A0A, 0x5A0A, 0x5A0A,
    0x5A0A, 0x622A, 0x622A, 0x6A4B, 0x6A4B, 0x6A4B, 0x6A4B, 0x6A4B, 0x4167, 0x4167, 0x4187, 0x4187,
    0x4167, 0x4187, 0x4187, 0x4187, 0x4187, 0x4187, 0x4187, 0x4187, 0x4167, 0x4167, 0x4167, 0x4167,
    0x4167, 0x4167, 0x3946, 0x3946, 0x3946, 0x3946, 0x3967, 0x4167, 0x3946, 0x3946, 0x3946, 0x3946,
    0x3946, 0x3926, 0x3946, 0x3946, 0x3946, 0x3926, 0x3926, 0x3926, 0x3926, 0x3926, 0x3926, 0x3926,
    0x3126, 0x3126, 0x3126, 0x3126, 0x3126, 0x3126, 0x3126, 0x3126, 0x3126, 0x3946, 0x3946, 0x3946,
    0x3126, 0x3126, 0x3126, 0x3946, 0x3126, 0x3126, 0x3126, 0x3126, 0x3126, 0x3126, 0x3126, 0x3126,
    0x3126, 0x3126, 0x3126, 0x3126, 0x3126, 0x1041, 0x0000, 0x0000, 0x0000, 0x0000, 0x0000, 0x0041,
    0x0C54, 0x0F3F, 0x0F5F, 0x0F5F, 0x0F7F, 0x0F7F, 0x0FBF, 0x0D78, 0x0B30, 0x0CF6, 0x0DBA, 0x0E9D,
    0x073F, 0x07FF, 0x0C76, 0x0083, 0x0000, 0x0000, 0x0000, 0x0000, 0x0000, 0x0000, 0x020B, 0x0F5F,
    0x07BF, 0x0F9F, 0x079F, 0x079F, 0x079F, 0x079F, 0x0FFF, 0x0D78, 0x00E6, 0x0041, 0x0000, 0x0000,
    0x0000, 0x0000, 0x0000, 0x0000, 0x0000, 0x0001, 0x032E, 0x0FFF, 0x0FBF, 0x0FBF, 0x0FBF, 0x0FDF,
    0x06DC, 0x0148, 0x0000, 0x0000, 0x0000, 0x0000, 0x0000, 0x00C5, 0x0EBC, 0x17DF, 0x0FBF, 0x0FBF,
    0x0FBF, 0x0F5D, 0x01C9, 0x0000, 0x0001, 0x01C9, 0x065B, 0x0FDF, 0x0FBF, 0x0FBF, 0x0FBF, 0x0F9F,
    0x0FFF, 0x0D16, 0x00C6, 0x0000, 0x0043, 0x0434, 0x0FFF, 0x07BF, 0x0F9F, 0x079F, 0x077F, 0x02EE,
    0x0E9B, 0x17DF, 0x0FBF, 0x0FBF, 0x0FFF, 0x0D57, 0x00E6, 0x0000, 0x0C53, 0x07BF, 0x0FBF, 0x0F9F,
    0x0F9F, 0x0F9F, 0x0FDF, 0x0D37, 0x0063, 0x0000, 0x0000, 0x0000, 0x0000, 0x0042, 0x0063, 0x0042,
    0x0000, 0x0000, 0x0000, 0x0000, 0x0000, 0x0000, 0x0000, 0x0000, 0x0107, 0x067B, 0x07DF, 0x0F9F,
    0x0F9F, 0x0FBF, 0x07BF, 0x0393, 0x0001, 0x0000, 0x0000, 0x0000, 0x0000, 0x0000, 0x00E7, 0x0598,
    0x0FFF, 0x0F9F, 0x0FBF, 0x0FBF, 0x0FBF, 0x0F7F, 0x034E, 0x0045, 0x04F6, 0x0FFF, 0x0F9F, 0x0F9F,
    0x0F9F, 0x0F9F, 0x0F9F, 0x0FBF, 0x0FBF, 0x0FFF, 0x0557, 0x0390, 0x17FF, 0x0F9F, 0x0F9F, 0x0F9F,
    0x07BF, 0x0EBC, 0x0B0E, 0x0F5E, 0x0FBF, 0x0F9F, 0x0FBF, 0x0FBF, 0x079F, 0x0F5F, 0x0A8C, 0x0000,
    0x0000, 0x0000, 0x0000, 0x0021, 0x0063, 0x00C4, 0x0106, 0x0188, 0x0188, 0x01EA, 0x02AC, 0x030E,
    0x0188, 0x0000, 0x0000, 0x0000, 0x0000, 0x0000, 0x0000, 0x00C5, 0x065A, 0x0FDF, 0x0FBF, 0x0F9F,
    0x0F9F, 0x0FBF, 0x02CD, 0x0001, 0x0020, 0x01E8, 0x0E9C, 0x0FBF, 0x0FBF, 0x0FBF, 0x0FBF, 0x0F9F,
    0x07BF, 0x0F3E, 0x0F3E, 0x0FBF, 0x0FBF, 0x0FBF, 0x0FBF, 0x0FBF, 0x0EBC, 0x0106, 0x0000, 0x0000,
    0x0000, 0x0000, 0x0000, 0x0083, 0x04B6, 0x07BF, 0x0F9F, 0x07BF, 0x07BF, 0x07BF, 0x0F1C, 0x01EB,
    0x0392, 0x07BF, 0x0FBF, 0x0FBF, 0x0FBF, 0x0FBF, 0x0FBF, 0x0FBF, 0x0FDF, 0x0F7E, 0x032F, 0x0F3D,
    0x0FBF, 0x0F9F, 0x0F9F, 0x0F9F, 0x0FBF, 0x0FBF, 0x0FDF, 0x0FBF, 0x024B, 0x0000, 0x0000, 0x0000,
    0x0000, 0x0000, 0x4208, 0x6A4B, 0x622B, 0x622A, 0x620A, 0x59E9, 0x51A8, 0x49A8, 0x4187, 0x4167,
    0x3946, 0x3946, 0x3966, 0x3946, 0x3946, 0x3946, 0x3946, 0x3946, 0x3946, 0x3946, 0x3967, 0x4187,
    0x49A8, 0x49A8, 0x49A8, 0x51C8, 0x51C9, 0x49C9, 0x49A9, 0x49A8, 0x49A8, 0x4988, 0x4987, 0x4187,
    0x49A8, 0x49A8, 0x49A8, 0x49C8, 0x51E9, 0x51E9, 0x51C9, 0x51E9, 0x59E9, 0x5A0A, 0x622A, 0x622A,
    0x622A, 0x622A, 0x622A, 0x622A, 0x620A, 0x620A, 0x622A, 0x622A, 0x622A, 0x622A, 0x622A, 0x622A,
    0x622A, 0x620A, 0x622A, 0x622A, 0x622A, 0x622A, 0x6A2B, 0x6A4B, 0x6A4B, 0x6A4B, 0x6A4B, 0x6A4B,
    0x4988, 0x49A8, 0x49A8, 0x49A8, 0x4988, 0x49A8, 0x49A8, 0x49A8, 0x49A8, 0x49A8, 0x4187, 0x4187,
    0x4167, 0x4167, 0x4167, 0x4167, 0x4167, 0x4167, 0x3946, 0x3946, 0x3946, 0x3946, 0x3946, 0x3967,
    0x3946, 0x3946, 0x3946, 0x3946, 0x3946, 0x3946, 0x3966, 0x3966, 0x3966, 0x3946, 0x3946, 0x3946,
    0x3926, 0x3926, 0x3926, 0x3926, 0x3126, 0x3126, 0x3126, 0x3126, 0x3126, 0x3126, 0x3126, 0x3126,
    0x3126, 0x3126, 0x3126, 0x3126, 0x3126, 0x3126, 0x3126, 0x3126, 0x3126, 0x3126, 0x3126, 0x3126,
    0x3126, 0x3126, 0x3126, 0x3126, 0x3126, 0x3126, 0x3126, 0x3126, 0x3126, 0x1041, 0x0000, 0x0000,
    0x0000, 0x0000, 0x0000, 0x0062, 0x0DF9, 0x0FBF, 0x0FBF, 0x0F9F, 0x0F9F, 0x0FBF, 0x0FBF, 0x07BF,
    0x07DF, 0x07FF, 0x07FF, 0x07DF, 0x07BF, 0x07FF, 0x0C33, 0x0062, 0x0000, 0x0000, 0x0000, 0x0000,
    0x0000, 0x0000, 0x0062, 0x0D16, 0x0FDF, 0x0FBF, 0x0F9F, 0x0F9F, 0x0F9F, 0x0FBF, 0x0E7B, 0x01C9,
    0x0021, 0x0000, 0x0000, 0x0000, 0x0000, 0x0000, 0x0000, 0x0000, 0x0000, 0x0042, 0x0390, 0x0FFF,
    0x0FBF, 0x0FBF, 0x0FBF, 0x0FDF, 0x06BB, 0x0147, 0x0000, 0x0000, 0x0000, 0x0000, 0x0000, 0x0166,
    0x0EFC, 0x17DF, 0x0FBF, 0x0FBF, 0x0FBF, 0x0F7E, 0x034F, 0x02ED, 0x0C11, 0x067B, 0x07FF, 0x0FBF,
    0x0FBF, 0x0FBF, 0x0FBF, 0x0FDF, 0x0F5E, 0x0AAC, 0x0000, 0x0000, 0x01A7, 0x0E3A, 0x0FDF, 0x0FBF,
    0x0F9F, 0x0FDF, 0x0E18, 0x0187, 0x169A, 0x17DF, 0x0F9E, 0x0F9E, 0x07DF, 0x0DF8, 0x01A8, 0x00A3,
    0x0EBA, 0x0FFE, 0x0FBE, 0x0F9F, 0x0F9F, 0x0FBF, 0x0EFC, 0x028C, 0x0000, 0x0000, 0x0000, 0x0000,
    0x0000, 0x0000, 0x0000, 0x0000, 0x0000, 0x0000, 0x0000, 0x0000, 0x0000, 0x0000, 0x0000, 0x0000,
    0x01EA, 0x0EDC, 0x0FDF, 0x0F9F, 0x0F9F, 0x0F9F, 0x07FF, 0x03D1, 0x0000, 0x0000, 0x0000, 0x0000,
    0x0000, 0x0000, 0x0167, 0x0639, 0x0FFF, 0x0F9F, 0x0FBF, 0x0F9F, 0x0FBF, 0x0F1D, 0x02CB, 0x0083,
    0x0D56, 0x0FFF, 0x0F9F, 0x0F9E, 0x0F9E, 0x0F9E, 0x0FBE, 0x0FBE, 0x0FBF, 0x0FDF, 0x06BA, 0x0D34,
    0x0FDF, 0x0FBF, 0x0FBF, 0x0FBF, 0x0FDF, 0x0DD8, 0x0BF0, 0x079E, 0x0FBF, 0x0FBF, 0x0FBF, 0x0FBF,
    0x0FDF, 0x0E7B, 0x0125, 0x0000, 0x0061, 0x0229, 0x0BB0, 0x0453, 0x04B4, 0x0515, 0x0597, 0x05F9,
    0x065B, 0x06FD, 0x07DF, 0x0FBF, 0x03B0, 0x0000, 0x0000, 0x0000, 0x0000, 0x0000, 0x0000, 0x0125,
    0x069B, 0x0FDF, 0x0F9E, 0x0F9E, 0x0F9F, 0x0F9E, 0x0BCF, 0x032D, 0x0472, 0x06BB, 0x0FFF, 0x0FBF,
    0x0FBF, 0x0FBF, 0x0FBF, 0x0FBF, 0x0FBF, 0x0EFC, 0x0F9E, 0x0FBF, 0x0FBF, 0x0FBF, 0x0FBF, 0x0FDF,
    0x0433, 0x0021, 0x0000, 0x0000, 0x0000, 0x0000, 0x0000, 0x0041, 0x032F, 0x0FBE, 0x0FBE, 0x0F9E,
    0x0F9E, 0x0FBF, 0x0F7D, 0x032F, 0x0432, 0x0FDF, 0x0F9E, 0x0FBE, 0x0FBE, 0x0FBE, 0x0FBE, 0x0FBE,
    0x0FBE, 0x0F9E, 0x0554, 0x0F9D, 0x0FBE, 0x0F9E, 0x0F9E, 0x0FBE, 0x0FBE, 0x0FBE, 0x0FBE, 0x0FBE,
    0x028B, 0x0000, 0x0000, 0x0000, 0x0000, 0x0000, 0x4208, 0x622A, 0x620A, 0x620A, 0x59EA, 0x51C9,
    0x49A8, 0x4187, 0x4167, 0x3946, 0x3946, 0x3946, 0x3946, 0x4146, 0x3946, 0x3946, 0x3946, 0x3946,
    0x3967, 0x4167, 0x4187, 0x49A8, 0x51C9, 0x51C9, 0x51C9, 0x51C9, 0x51C9, 0x51C9, 0x51C9, 0x49A9,
    0x49C8, 0x49A8, 0x4987, 0x4187, 0x49A8, 0x49A8, 0x4988, 0x49A8, 0x51C9, 0x51E9, 0x51C9, 0x5A09,
    0x5A0A, 0x620A, 0x622A, 0x622A, 0x622A, 0x622A, 0x622A, 0x622A, 0x6A2B, 0x6A4B, 0x6A4B, 0x6A4B,
    0x6A4B, 0x6A4B, 0x6A4B, 0x6A4B, 0x6A4B, 0x6A4B, 0x6A4B, 0x6A4B, 0x6A6B, 0x6A4B, 0x6A4B, 0x6A4B,
    0x6A4B, 0x6A6B, 0x6A6B, 0x6A6B, 0x49A8, 0x49A8, 0x4988, 0x49A8, 0x4988, 0x49A8, 0x49A8, 0x49A8,
    0x49A8, 0x49A8, 0x4988, 0x4187, 0x4187, 0x4187, 0x4167, 0x4167, 0x4167, 0x3967, 0x3946, 0x3946,
    0x3946, 0x3946, 0x3946, 0x3946, 0x3946, 0x3946, 0x3946, 0x3946, 0x3946, 0x3967, 0x3967, 0x3967,
    0x3967, 0x3967, 0x3946, 0x3946, 0x3946, 0x3946, 0x3926, 0x3926, 0x3126, 0x3926, 0x3126, 0x3926,
    0x3126, 0x3126, 0x3126, 0x3126, 0x3126, 0x3126, 0x3126, 0x3126, 0x3126, 0x3126, 0x3126, 0x3126,
    0x3126, 0x3126, 0x3126, 0x3126, 0x3126, 0x3126, 0x3126, 0x3126, 0x3126, 0x3126, 0x3126, 0x3126,
    0x3126, 0x1041, 0x0000, 0x0000, 0x0000, 0x0000, 0x0000, 0x00A3, 0x06DC, 0x0FDF, 0x0F9F, 0x0F9F,
    0x0F9F, 0x0F9F, 0x0F9F, 0x0FBF, 0x0FBF, 0x0FBF, 0x07BF, 0x0FBF, 0x0FBF, 0x0FFF, 0x0BF1, 0x0041,
    0x0000, 0x0000, 0x0000, 0x0000, 0x0000, 0x0000, 0x0020, 0x0BCF, 0x0FFF, 0x0FBF, 0x0FBE, 0x0FBE,
    0x0FBE, 0x0FFF, 0x0CF3, 0x0041, 0x0000, 0x0000, 0x0000, 0x0000, 0x0000, 0x0000, 0x0000, 0x0000,
    0x0000, 0x00C4, 0x0CD4, 0x0FFF, 0x0FBF, 0x0FBF, 0x0FBF, 0x17FF, 0x0EDB, 0x0147, 0x0000, 0x0000,
    0x0000, 0x0000, 0x0000, 0x0268, 0x0F3C, 0x0FFF, 0x0FBE, 0x0FBE, 0x0FBE, 0x0FBE, 0x0F3C, 0x0FDF,
    0x07FF, 0x07DE, 0x0FBE, 0x0FBE, 0x0FBE, 0x0FBE, 0x0FDE, 0x0FDF, 0x03EF, 0x0021, 0x0000, 0x0020,
    0x0B6D, 0x0FFF, 0x0FDE, 0x0FBE, 0x0FDE, 0x0FFF, 0x0C31, 0x0021, 0x1638, 0x0FDE, 0x0F9D, 0x0FBD,
    0x07BE, 0x0F5C, 0x03AE, 0x01E8, 0x179C, 0x17DC, 0x0FBD, 0x0F9E, 0x0F9E, 0x0FFF, 0x0D76, 0x00E5,
    0x0000, 0x0000, 0x0000, 0x0000, 0x0000, 0x0000, 0x0000, 0x0000, 0x0000, 0x0000, 0x0000, 0x0000,
    0x0000, 0x0000, 0x0000, 0x0020, 0x032D, 0x0F1D, 0x0FBF, 0x0F9F, 0x0F9F, 0x0F9F, 0x07FF, 0x03D0,
    0x0000, 0x0000, 0x0000, 0x0000, 0x0000, 0x0000, 0x0187, 0x06BB, 0x0FFF, 0x0FBF, 0x0FBF, 0x0FBF,
    0x0FDF, 0x0EFB, 0x0269, 0x00E4, 0x0DB6, 0x0FFF, 0x0FBE, 0x0F9E, 0x0F9E, 0x0FBE, 0x0FBE, 0x0FBE,
    0x0FBE, 0x0FBE, 0x0FBE, 0x0F3A, 0x0FBE, 0x0FBD, 0x0FBD, 0x0FBD, 0x0FFF, 0x0D13, 0x0D75, 0x0FFF,
    0x0FBE, 0x0FBE, 0x0FBD, 0x0FBE, 0x07BE, 0x034E, 0x0062, 0x0000, 0x0125, 0x0E5A, 0x0FFF, 0x07FF,
    0x07FF, 0x07FF, 0x07FF, 0x07FF, 0x07DF, 0x07DF, 0x07DF, 0x0FBE, 0x03F0, 0x0000, 0x0000, 0x0000,
    0x0000, 0x0000, 0x0000, 0x01E6, 0x06DA, 0x07FF, 0x0F9E, 0x0F9E, 0x0FBE, 0x07BE, 0x0F7C, 0x0FDF,
    0x07FF, 0x0FFF, 0x0FBE, 0x0FBE, 0x0FBE, 0x0FBE, 0x0FBF, 0x0FFF, 0x0E9A, 0x0CB3, 0x0FFF, 0x0FBF,
    0x0FBF, 0x0FBF, 0x0FBF, 0x0FDF, 0x026A, 0x0000, 0x0000, 0x0000, 0x0000, 0x0000, 0x0000, 0x0041,
    0x030D, 0x079D, 0x0FBE, 0x0F9D, 0x0FBD, 0x0FDE, 0x0F9D, 0x0B6E, 0x05D6, 0x0FDE, 0x0FBD, 0x0FBD,
    0x0FBD, 0x0FBD, 0x0FBD, 0x0FBD, 0x0FBD, 0x0FBD, 0x0F7B, 0x0FBD, 0x0FBD, 0x0FBD, 0x0FBD, 0x0FBD,
    0x0FBD, 0x0FBD, 0x0FDD, 0x0FBD, 0x02AB, 0x0000, 0x0000, 0x0000, 0x0000, 0x0000, 0x4208, 0x620A,
    0x5A0A, 0x59E9, 0x59E9, 0x51A8, 0x4988, 0x4187, 0x4167, 0x3946, 0x3946, 0x3946, 0x3946, 0x4146,
    0x3946, 0x3946, 0x3946, 0x3946, 0x3967, 0x4167, 0x4187, 0x49A8, 0x49C8, 0x51C8, 0x51C9, 0x51C9,
    0x51C9, 0x51C9, 0x51C9, 0x51C9, 0x51C8, 0x49A8, 0x4187, 0x4187, 0x4187, 0x4187, 0x4987, 0x4988,
    0x49C8, 0x51C8, 0x51C9, 0x59E9, 0x5A0A, 0x620A, 0x622A, 0x622A, 0x622A, 0x622A, 0x6A2B, 0x6A2B,
    0x6A4B, 0x6A4B, 0x6A4B, 0x6A4B, 0x6A4B, 0x6A4B, 0x6A4B, 0x6A4B, 0x6A4B, 0x6A4B, 0x6A4B, 0x6A6B,
    0x6A6B, 0x6A4B, 0x6A4B, 0x6A6B, 0x6A4B, 0x6A6B, 0x6A6B, 0x6A6B, 0x49A8, 0x49A8, 0x4988, 0x49A8,
    0x51A8, 0x51A8, 0x49A8, 0x49A8, 0x51C8, 0x51C8, 0x49A8, 0x49A8, 0x4987, 0x4187, 0x4187, 0x3946,
    0x3967, 0x3946, 0x3946, 0x3946, 0x3946, 0x3946, 0x3946, 0x3946, 0x3946, 0x3946, 0x3946, 0x3946,
    0x3946, 0x3946, 0x3967, 0x3967, 0x3967, 0x3946, 0x3946, 0x3946, 0x3967, 0x3946, 0x3946, 0x3946,
    0x3946, 0x3926, 0x3126, 0x3926, 0x3126, 0x3126, 0x3926, 0x3926, 0x3926, 0x3126, 0x3126, 0x3126,
    0x3126, 0x3926, 0x3926, 0x3926, 0x3926, 0x3926, 0x3126, 0x3926, 0x3926, 0x3926, 0x3126, 0x3126,
    0x3126, 0x3126, 0x3126, 0x3126, 0x3126, 0x1041, 0x0000, 0x0000, 0x0000, 0x0000, 0x0000, 0x00E3,
    0x073C, 0x0FDE, 0x0FBD, 0x0F9D, 0x0FBD, 0x0FBD, 0x0FBD, 0x0FBD, 0x0FBD, 0x0FBD, 0x0FBD, 0x0FDD,
    0x0FFE, 0x0FFF, 0x0BCF, 0x0021, 0x0000, 0x0000, 0x0000, 0x0000, 0x0000, 0x0000, 0x09C6, 0x0EF8,
    0x0FFC, 0x0FBC, 0x0FBB, 0x0FBB, 0x0FBB, 0x0FFC, 0x0F19, 0x0ACA, 0x0000, 0x0000, 0x0000, 0x0000,
    0x0000, 0x0000, 0x0000, 0x0000, 0x0000, 0x01C6, 0x0E77, 0x0FFE, 0x0FBD, 0x0FBC, 0x17BC, 0x17FD,
    0x0ED9, 0x0146, 0x0000, 0x0000, 0x0000, 0x0000, 0x0000, 0x03A9, 0x0F7B, 0x0FFD, 0x0FDC, 0x0FBC,
    0x0FBC, 0x0FDB, 0x0FFC, 0x0FDB, 0x0FDB, 0x0FBB, 0x0FBB, 0x0FBB, 0x0FBB, 0x0FDC, 0x0FFD, 0x0C2F,
    0x0081, 0x0000, 0x0000, 0x0124, 0x0E14, 0x17FD, 0x17DB, 0x0FDB, 0x0FFC, 0x0739, 0x0228, 0x0000,
    0x0CD1, 0x0FFB, 0x0FBB, 0x0FBC, 0x0FDC, 0x0FFC, 0x04D0, 0x02CA, 0x0FFB, 0x0FDA, 0x0FBB, 0x0FBB,
    0x0FBB, 0x0FFC, 0x0CB1, 0x0062, 0x0000, 0x0000, 0x0000, 0x0000, 0x0000, 0x0000, 0x0000, 0x0000,
    0x0000, 0x0000, 0x0000, 0x0000, 0x0000, 0x0000, 0x0000, 0x0061, 0x04F0, 0x0F9C, 0x0FBC, 0x0FBC,
    0x0FBC, 0x0FBC, 0x0FFC, 0x0BCD, 0x0000, 0x0000, 0x0000, 0x0000, 0x0000, 0x0000, 0x0166, 0x06DA,
    0x0FFD, 0x0FDC, 0x0FDC, 0x0FBC, 0x0FFC, 0x0ED8, 0x01E6, 0x0103, 0x0DB3, 0x0FFC, 0x0FBB, 0x0FBB,
    0x0FDB, 0x0EF8, 0x0F19, 0x0FFC, 0x17DC, 0x17DC, 0x0FDB, 0x0FDB, 0x0FBB, 0x0FBB, 0x0FBB, 0x0FDB,
    0x0FFC, 0x0C90, 0x0E15, 0x0FFC, 0x0FDB, 0x0FDB, 0x0FDB, 0x0FDC, 0x077B, 0x01A6, 0x0000, 0x0000,
    0x0186, 0x0E58, 0x0FFD, 0x0FDC, 0x0FBC, 0x0FBC, 0x0FBC, 0x0FBC, 0x0FBC, 0x0FBC, 0x0FDD, 0x0F7C,
    0x038C, 0x0000, 0x0000, 0x0000, 0x0000, 0x0000, 0x0000, 0x02A7, 0x0F19, 0x07FC, 0x0FBB, 0x0FBB,
    0x0FBB, 0x0FBB, 0x0FDB, 0x0FDB, 0x0FBB, 0x0FBB, 0x0FBB, 0x0FBB, 0x0FBB, 0x0FDC, 0x17FD, 0x1697,
    0x0248, 0x0470, 0x0FFD, 0x0FDC, 0x0FDC, 0x0FBC, 0x17DC, 0x0FFD, 0x0289, 0x0000, 0x0000, 0x0000,
    0x0000, 0x0000, 0x0000, 0x0020, 0x038C, 0x07BB, 0x0FBB, 0x0FBB, 0x0FBB, 0x0FDC, 0x179B, 0x0B4D,
    0x0718, 0x0FFB, 0x17DB, 0x0FDB, 0x0FDA, 0x0FDA, 0x0FDA, 0x0FDA, 0x0FDA, 0x0FDA, 0x0FDA, 0x0FBA,
    0x0FBA, 0x0FBA, 0x0FBA, 0x0FDA, 0x0FDA, 0x0FDA, 0x17DA, 0x0FBB, 0x0249, 0x0000, 0x0000, 0x0000,
    0x0000, 0x0000, 0x4208, 0x620A, 0x5A09, 0x51E9, 0x51A8, 0x4987, 0x4167, 0x3946, 0x3946, 0x4167,
    0x4167, 0x4167, 0x3946, 0x3946, 0x3946, 0x3946, 0x3946, 0x3946, 0x3946, 0x3946, 0x3967, 0x4187,
    0x4187, 0x49C8, 0x51C9, 0x51C9, 0x51C9, 0x51C9, 0x51C9, 0x51C9, 0x51C8, 0x4987, 0x4167, 0x4167,
    0x4167, 0x4167, 0x4167, 0x4187, 0x4988, 0x49A8, 0x51E9, 0x59E9, 0x5A0A, 0x622A, 0x620A, 0x622A,
    0x6A4B, 0x6A4B, 0x6A4B, 0x6A4B, 0x6A4B, 0x6A4B, 0x6A4B, 0x6A4B, 0x6A4B, 0x6A4B, 0x6A4B, 0x6A4B,
    0x6A4B, 0x6A4B, 0x6A4B, 0x6A4B, 0x6A4B, 0x6A4B, 0x6A4B, 0x6A6B, 0x6A6B, 0x6A6B, 0x6A6B, 0x6A4B,
    0x4187, 0x41A7, 0x4987, 0x49A8, 0x49C8, 0x51A8, 0x51A8, 0x51A8, 0x51A8, 0x51A8, 0x51A8, 0x49A8,
    0x4988, 0x4187, 0x4187, 0x3946, 0x3967, 0x3946, 0x3946, 0x3946, 0x3946, 0x3946, 0x3946, 0x3946,
    0x3946, 0x3946, 0x3946, 0x3946, 0x3946, 0x3946, 0x3946, 0x3946, 0x3946, 0x3946, 0x3946, 0x3946,
    0x3946, 0x3946, 0x3946, 0x3946, 0x3946, 0x3946, 0x3926, 0x3926, 0x3926, 0x3126, 0x3926, 0x3926,
    0x3926, 0x3926, 0x3926, 0x3926, 0x3126, 0x3926, 0x3926, 0x3126, 0x3926, 0x3926, 0x3126, 0x3926,
    0x3926, 0x3926, 0x3126, 0x3126, 0x3126, 0x3126, 0x3126, 0x3126, 0x3126, 0x1041, 0x0000, 0x0000,
    0x0000, 0x0000, 0x0000, 0x00E3, 0x073A, 0x0FFA, 0x0FB9, 0x0FBA, 0x0FBA, 0x0FB9, 0x0FBA, 0x07FA,
    0x07FB, 0x07FB, 0x07FB, 0x0779, 0x06B6, 0x0DD3, 0x02C9, 0x0000, 0x0000, 0x0000, 0x0000, 0x0000,
    0x0000, 0x0123, 0x0DB1, 0x0FF9, 0x0FD8, 0x0FD8, 0x0FD8, 0x0FD8, 0x0FD8, 0x0FD8, 0x0FF9, 0x15F2,
    0x00E2, 0x0000, 0x0000, 0x0000, 0x0000, 0x0000, 0x0000, 0x0000, 0x0000, 0x0288, 0x0FF9, 0x0FD9,
    0x0FD9, 0x17D9, 0x17D9, 0x17FA, 0x0EF7, 0x0145, 0x0000, 0x0000, 0x0000, 0x0000, 0x0000, 0x050D,
    0x0FD9, 0x17FA, 0x0FD8, 0x0FD8, 0x0FD8, 0x0FD8, 0x0FD8, 0x0FD8, 0x0FD8, 0x0FD7, 0x0FD8, 0x0FD8,
    0x0FF8, 0x0F36, 0x0BCB, 0x0081, 0x0000, 0x0000, 0x0000, 0x0AA7, 0x17F8, 0x17F9, 0x0FD8, 0x0FD8,
    0x0FF9, 0x0632, 0x0206, 0x0205, 0x0CCE, 0x17F8, 0x17D7, 0x17D8, 0x17D9, 0x0FF8, 0x0D90, 0x034B,
    0x0FF9, 0x0FD8, 0x0FD8, 0x0FD8, 0x0FD8, 0x0FF9, 0x0CEF, 0x0062, 0x0000, 0x0000, 0x0000, 0x0000,
    0x0000, 0x0000, 0x0061, 0x00E2, 0x0000, 0x0000, 0x0000, 0x0000, 0x0000, 0x0000, 0x0000, 0x0081,
    0x0E53, 0x0FF9, 0x0FD9, 0x0FB8, 0x0FB8, 0x0FB9, 0x0FF9, 0x0BCB, 0x0000, 0x0000, 0x0000, 0x0000,
    0x0000, 0x0000, 0x0124, 0x0ED7, 0x0FFA, 0x0FD9, 0x17D9, 0x0FD9, 0x0FFA, 0x0E94, 0x0164, 0x0164,
    0x16B3, 0x0FF8, 0x0FD7, 0x0FD7, 0x0FF8, 0x0DD2, 0x0DD2, 0x0FFA, 0x17D8, 0x17D8, 0x17D8, 0x0FD8,
    0x0FD7, 0x0FD7, 0x0FD8, 0x0FD8, 0x0FF9, 0x0C4D, 0x0DF3, 0x0FF9, 0x0FD8, 0x0FD8, 0x0FD8, 0x17F8,
    0x0F78, 0x0144, 0x0000, 0x0000, 0x0248, 0x0ED6, 0x0FF9, 0x0FD9, 0x0FD9, 0x0FD9, 0x0FD8, 0x0FB8,
    0x0FB8, 0x0FD9, 0x0FFA, 0x0F78, 0x0309, 0x0000, 0x0000, 0x0000, 0x0000, 0x0000, 0x0000, 0x0348,
    0x0F77, 0x0FF9, 0x0FD8, 0x0FD8, 0x0FD8, 0x0FB8, 0x0FB8, 0x0FB8, 0x0FB8, 0x0FB8, 0x0FD8, 0x0FD8,
    0x0FD9, 0x0FD9, 0x15F2, 0x01A5, 0x00C2, 0x046E, 0x0FF9, 0x0FD8, 0x0FD8, 0x0FD9, 0x0FD9, 0x0FFA,
    0x0BEC, 0x0000, 0x0000, 0x0000, 0x0000, 0x0000, 0x0000, 0x0081, 0x0612, 0x07F9, 0x0FD8, 0x0FD8,
    0x0FD8, 0x17F9, 0x1757, 0x0AEA, 0x0F56, 0x0FF8, 0x17D8, 0x17D8, 0x17D7, 0x0FF7, 0x0FD8, 0x0FD7,
    0x0FD7, 0x0FD7, 0x0FD7, 0x0FD7, 0x0FD7, 0x0FD7, 0x0FD7, 0x0FD7, 0x0FD7, 0x0FD7, 0x17F8, 0x17B8,
    0x0A27, 0x0000, 0x0000, 0x0000, 0x0000, 0x0000, 0x4208, 0x59EA, 0x51E9, 0x51C9, 0x49A8, 0x4187,
    0x3946, 0x3946, 0x3946, 0x3946, 0x3946, 0x3946, 0x3946, 0x3946, 0x3946, 0x3946, 0x3946, 0x3946,
    0x3946, 0x3946, 0x3946, 0x4167, 0x4187, 0x49C8, 0x51C8, 0x51C8, 0x51C8, 0x51C9, 0x51C9, 0x51C9,
    0x51C8, 0x4187, 0x4167, 0x4146, 0x3967, 0x3967, 0x3967, 0x4187, 0x4987, 0x49C8, 0x51E9, 0x51E9,
    0x5A0A, 0x622A, 0x622A, 0x6A2A, 0x6A4B, 0x6A4B, 0x6A4B, 0x6A4B, 0x6A4B, 0x6A4B, 0x6A4B, 0x6A4B,
    0x6A4B, 0x6A4B, 0x6A4B, 0x6A4B, 0x6A4B, 0x6A4B, 0x6A4B, 0x6A4B, 0x6A4B, 0x6A4B, 0x6A4B, 0x6A6B,
    0x6A6B, 0x6A6B, 0x6A6B, 0x6A4B, 0x3946, 0x3947, 0x4187, 0x4188, 0x49A8, 0x49A8, 0x51A8, 0x51A8,
    0x51A8, 0x51A8, 0x49A8, 0x49A8, 0x49A8, 0x4187, 0x4187, 0x3946, 0x3967, 0x3946, 0x3946, 0x3946,
    0x3946, 0x3946, 0x3946, 0x3946, 0x3946, 0x3946, 0x3946, 0x3946, 0x3946, 0x3946, 0x3946, 0x3946,
    0x3946, 0x3946, 0x3946, 0x3946, 0x3946, 0x3946, 0x3946, 0x3946, 0x3946, 0x3946, 0x3946, 0x3946,
    0x3946, 0x3946, 0x3926, 0x3926, 0x3926, 0x3926, 0x3926, 0x3926, 0x3126, 0x3926, 0x3126, 0x3126,
    0x3126, 0x3926, 0x3126, 0x3926, 0x3926, 0x3926, 0x3126, 0x3126, 0x3126, 0x3126, 0x3126, 0x3126,
    0x3126, 0x1041, 0x0000, 0x0000, 0x0000, 0x0000, 0x0000, 0x0103, 0x0F36, 0x0FF8, 0x0FB8, 0x0FB8,
    0x0FB8, 0x0FB7, 0x0FD7, 0x0F76, 0x06F4, 0x05B0, 0x04AE, 0x0329, 0x0206, 0x0143, 0x0081, 0x0000,
    0x0000, 0x0000, 0x0000, 0x0000, 0x00C1, 0x0CED, 0x17F7, 0x17F7, 0x0FD6, 0x0FD6, 0x0FD6, 0x0FD6,
    0x0FD6, 0x0FD6, 0x0FD7, 0x1795, 0x0BE9, 0x0061, 0x0000, 0x0000, 0x0000, 0x0000, 0x0000, 0x0000,
    0x0000, 0x0309, 0x0FF9, 0x17D7, 0x17D7, 0x17D7, 0x17D7, 0x17F8, 0x0ED4, 0x00A2, 0x0000, 0x0000,
    0x0000, 0x0000, 0x0000, 0x0610, 0x0FF8, 0x17F8, 0x17D7, 0x0FD7, 0x0FD7, 0x0FD7, 0x0FD7, 0x0FD7,
    0x0FD6, 0x0FD6, 0x0FD6, 0x0FF6, 0x0E51, 0x0287, 0x0041, 0x0000, 0x0000, 0x0000, 0x00C1, 0x0CCD,
    0x17F9, 0x17D7, 0x17D7, 0x17D7, 0x0FD7, 0x0F95, 0x0F14, 0x0F35, 0x0F55, 0x17D7, 0x17D6, 0x17D7,
    0x17D7, 0x0FF7, 0x0E72, 0x03EB, 0x0FF7, 0x0FD6, 0x0FD7, 0x0FD7, 0x17D7, 0x17F7, 0x16F3, 0x01E5,
    0x0000, 0x0000, 0x0000, 0x0000, 0x0000, 0x0000, 0x0B69, 0x0D4E, 0x0102, 0x0000, 0x0000, 0x0000,
    0x0000, 0x0000, 0x0000, 0x00A1, 0x0ED3, 0x0FF8, 0x0FD7, 0x0FB7, 0x0FB7, 0x0FB7, 0x0FF7, 0x0328,
    0x0000, 0x0000, 0x0000, 0x0000, 0x0000, 0x0000, 0x0144, 0x0F17, 0x17F8, 0x17D7, 0x17D7, 0x17D7,
    0x0FF8, 0x0E32, 0x00E3, 0x0205, 0x17B5, 0x17F7, 0x0FD6, 0x0FD6, 0x17F7, 0x0D6F, 0x0C0B, 0x0FB5,
    0x17F7, 0x17D6, 0x17D6, 0x17D6, 0x0FD6, 0x17D6, 0x17D6, 0x0FD6, 0x0FF7, 0x0C2C, 0x0DF1, 0x0FF7,
    0x17D6, 0x17D6, 0x0FD6, 0x0FF7, 0x0F76, 0x0144, 0x0000, 0x0000, 0x0267, 0x0F34, 0x0FF8, 0x0FF8,
    0x0FF8, 0x0FF7, 0x0FB6, 0x0FB6, 0x0FD6, 0x0FD6, 0x0FF7, 0x0F14, 0x01E5, 0x0000, 0x0000, 0x0000,
    0x0000, 0x0000, 0x0000, 0x042A, 0x0FF7, 0x0FF7, 0x0FD7, 0x0FD7, 0x0FD7, 0x0FB7, 0x0FB7, 0x0FB7,
    0x0FB7, 0x0FB7, 0x0FD6, 0x0FF7, 0x0F55, 0x03A9, 0x0102, 0x0000, 0x0061, 0x042B, 0x17F8, 0x0FD7,
    0x0FD7, 0x0FD7, 0x0FD7, 0x0FF8, 0x0EF4, 0x0164, 0x0000, 0x0000, 0x0000, 0x0000, 0x0000, 0x02E7,
    0x0FD7, 0x0FD7, 0x0FD7, 0x0FD7, 0x0FD7, 0x0FF7, 0x0F54, 0x0B6A, 0x0F75, 0x0FF6, 0x17D6, 0x17D6,
    0x17F7, 0x1795, 0x0FB5, 0x0FF6, 0x0FD6, 0x0FD6, 0x0FD6, 0x0FD6, 0x0FD6, 0x17D6, 0x17D5, 0x0FD5,
    0x0FD6, 0x17D6, 0x17F6, 0x17D6, 0x0A88, 0x0000, 0x0000, 0x0000, 0x0000, 0x0000, 0x4208, 0x59C9,
    0x49A8, 0x4187, 0x4167, 0x3946, 0x3946, 0x3946, 0x3946, 0x3946, 0x3946, 0x3946, 0x3946, 0x3946,
    0x3946, 0x3946, 0x3946, 0x3946, 0x3946, 0x3946, 0x3946, 0x3946, 0x4167, 0x4187, 0x4987, 0x4987,
    0x49A8, 0x51C9, 0x51C9, 0x51C9, 0x49A8, 0x4167, 0x4167, 0x3966, 0x3967, 0x3967, 0x3966, 0x4167,
    0x4187, 0x49A8, 0x49C9, 0x51E9, 0x5A0A, 0x622A, 0x6A2A, 0x6A4B, 0x6A4B, 0x6A4B, 0x6A4B, 0x6A4B,
    0x6A4B, 0x6A4B, 0x6A4B, 0x6A4B, 0x6A4B, 0x6A4B, 0x6A4B, 0x6A4B, 0x6A4B, 0x6A4B, 0x6A6B, 0x6A4B,
    0x6A4B, 0x6A4B, 0x6A4B, 0x6A4B, 0x6A4B, 0x6A4B, 0x6A4B, 0x6A4B, 0x3946, 0x3946, 0x3967, 0x4167,
    0x4187, 0x49A8, 0x49A8, 0x49A8, 0x49A8, 0x49A8, 0x49A8, 0x49A8, 0x49A8, 0x4187, 0x4167, 0x4167,
    0x3967, 0x3946, 0x3946, 0x3946, 0x3946, 0x3946, 0x3946, 0x3946, 0x3946, 0x3946, 0x3946, 0x3946,
    0x3946, 0x3946, 0x3946, 0x3946, 0x3946, 0x3946, 0x3946, 0x3946, 0x3946, 0x3946, 0x3946, 0x3946,
    0x3946, 0x3946, 0x3946, 0x3946, 0x3946, 0x3946, 0x3946, 0x3946, 0x3946, 0x3926, 0x3926, 0x3926,
    0x3926, 0x3926, 0x3126, 0x3126, 0x3126, 0x3926, 0x3926, 0x3126, 0x3926, 0x3126, 0x3126, 0x3126,
    0x3126, 0x3126, 0x3126, 0x3946, 0x3126, 0x1041, 0x0000, 0x0000, 0x0000, 0x0000, 0x0000, 0x00E2,
    0x0DEE, 0x0FF6, 0x0FD6, 0x0FD5, 0x0FB5, 0x0FD5, 0x0FD6, 0x0388, 0x0102, 0x00C1, 0x00A1, 0x0081,
    0x0040, 0x0020, 0x0020, 0x0061, 0x0081, 0x0020, 0x0000, 0x0020, 0x02C6, 0x17B4, 0x17F6, 0x17D5,
    0x17D5, 0x0FD5, 0x0FD5, 0x0FD5, 0x0FD5, 0x0FD5, 0x0FD5, 0x17F6, 0x164F, 0x0183, 0x0000, 0x0000,
    0x0000, 0x0000, 0x0000, 0x0000, 0x0000, 0x0329, 0x0FF7, 0x17D5, 0x17D5, 0x17D5, 0x17D6, 0x17F6,
    0x0EB1, 0x0061, 0x0000, 0x0000, 0x0000, 0x0000, 0x0000, 0x0630, 0x0FF6, 0x17D6, 0x17D5, 0x17D5,
    0x17D5, 0x0FF5, 0x0FD5, 0x0FD5, 0x0FD4, 0x0FD4, 0x0FD4, 0x0FD5, 0x0F94, 0x040A, 0x00A1, 0x0000,
    0x0000, 0x0000, 0x01E4, 0x1754, 0x17F6, 0x17D5, 0x17D5, 0x17D5, 0x17D5, 0x17F5, 0x17F6, 0x17F6,
    0x17F6, 0x0FD5, 0x0FD5, 0x17D5, 0x17D5, 0x0FF5, 0x0EF2, 0x04AC, 0x17F6, 0x17D5, 0x17D5, 0x17D5,
    0x17D5, 0x17D5, 0x17F6, 0x0BE9, 0x0020, 0x0000, 0x0000, 0x0000, 0x0000, 0x0265, 0x0F54, 0x17B5,
    0x03A8, 0x0081, 0x0000, 0x0000, 0x0000, 0x0000, 0x0000, 0x0143, 0x1734, 0x0FF6, 0x0FD6, 0x0FD6,
    0x0FB6, 0x17D6, 0x0FF4, 0x0306, 0x0000, 0x0000, 0x0000, 0x0000, 0x0000, 0x0000, 0x0163, 0x0F35,
    0x0FF6, 0x0FD6, 0x0FD6, 0x0FD6, 0x17F6, 0x0DF0, 0x0081, 0x0245, 0x1FD4, 0x17F5, 0x17D5, 0x17D5,
    0x17F6, 0x0D6D, 0x0142, 0x0E50, 0x17F6, 0x17D5, 0x17D5, 0x17D5, 0x0FD4, 0x17D4, 0x17D5, 0x0FD5,
    0x17F6, 0x0BCA, 0x0DD0, 0x17F6, 0x17D5, 0x17D4, 0x17D4, 0x17F5, 0x0F94, 0x0AE6, 0x0000, 0x0000,
    0x0225, 0x0F12, 0x0EF1, 0x0D4D, 0x0C2A, 0x0EB1, 0x0FF5, 0x0FD4, 0x0FD4, 0x0FD5, 0x0FF6, 0x0650,
    0x0060, 0x0000, 0x0000, 0x0000, 0x0000, 0x0000, 0x0000, 0x04EB, 0x17F5, 0x0FD5, 0x0FD5, 0x0FD5,
    0x0FD5, 0x0FD5, 0x0FD5, 0x0FD5, 0x0FD5, 0x0FD5, 0x0FD5, 0x0FD5, 0x0FF5, 0x05CD, 0x01C2, 0x0000,
    0x0041, 0x0BA9, 0x17D6, 0x0FF6, 0x0FD5, 0x0FD5, 0x0FD6, 0x0FD6, 0x17F6, 0x0CCB, 0x0060, 0x0000,
    0x0000, 0x0000, 0x00C1, 0x0E71, 0x17F6, 0x17D5, 0x17D5, 0x17D5, 0x0FD5, 0x0FD5, 0x05CC, 0x03E9,
    0x0FB4, 0x17F5, 0x17D5, 0x17F5, 0x17F5, 0x0E90, 0x0ED1, 0x0FF5, 0x17D4, 0x0FD4, 0x0FD4, 0x0FD4,
    0x0FD4, 0x17B3, 0x0F71, 0x0FF4, 0x0FD4, 0x0FD4, 0x0FF4, 0x0FD5, 0x0AC7, 0x0000, 0x0000, 0x0000,
    0x0000, 0x0000, 0x4208, 0x51C8, 0x4988, 0x3946, 0x3926, 0x3946, 0x3946, 0x3946, 0x3946, 0x3946,
    0x3946, 0x3946, 0x3946, 0x3946, 0x3946, 0x3946, 0x3946, 0x3946, 0x3946, 0x3946, 0x3946, 0x3946,
    0x3946, 0x3946, 0x4167, 0x4187, 0x49A8, 0x49C8, 0x51C9, 0x49C8, 0x4187, 0x4167, 0x3966, 0x3966,
    0x4167, 0x3967, 0x3967, 0x4167, 0x4187, 0x49A8, 0x51C8, 0x5A09, 0x622A, 0x624B, 0x6A2A, 0x6A4B,
    0x6A4B, 0x6A4B, 0x6A4B, 0x6A4B, 0x6A4B, 0x6A4B, 0x6A4B, 0x6A4B, 0x6A4B, 0x6A4B, 0x6A4B, 0x6A4B,
    0x6A4B, 0x6A4B, 0x6A6B, 0x6A6B, 0x6A4B, 0x6A4B, 0x6A6B, 0x6A4B, 0x6A2B, 0x6A2B, 0x6A2B, 0x6A2B,
    0x4987, 0x4167, 0x3946, 0x3946, 0x3946, 0x4167, 0x4167, 0x4167, 0x4167, 0x4167, 0x4167, 0x4167,
    0x4167, 0x4167, 0x3946, 0x4167, 0x3946, 0x3946, 0x3946, 0x3946, 0x3946, 0x3946, 0x3946, 0x3946,
    0x3946, 0x3946, 0x3946, 0x3946, 0x3946, 0x3946, 0x3946, 0x3946, 0x3946, 0x3946, 0x3946, 0x3946,
    0x3946, 0x3946, 0x3946, 0x3946, 0x3946, 0x3946, 0x3946, 0x3946, 0x3946, 0x3946, 0x3967, 0x3967,
    0x3967, 0x3946, 0x3946, 0x3946, 0x3946, 0x3946, 0x3946, 0x3926, 0x3926, 0x3926, 0x3126, 0x3126,
    0x3926, 0x3926, 0x3126, 0x3126, 0x3126, 0x3126, 0x3146, 0x3946, 0x3946, 0x1041, 0x0000, 0x0000,
    0x0000, 0x0000, 0x0000, 0x0081, 0x048A, 0x17F4, 0x0FD4, 0x0FD3, 0x0FD3, 0x0FD4, 0x0FD4, 0x02C6,
    0x0000, 0x0000, 0x0040, 0x0162, 0x01E4, 0x02A5, 0x03A7, 0x0449, 0x0388, 0x00E2, 0x0000, 0x0142,
    0x0E4F, 0x0FF3, 0x0FF3, 0x17D3, 0x0FD3, 0x0FD3, 0x0FF3, 0x0FF3, 0x0FD3, 0x17F3, 0x17D3, 0x0FD3,
    0x0FF3, 0x0C69, 0x0081, 0x0000, 0x0000, 0x0000, 0x0000, 0x0000, 0x0020, 0x03CA, 0x17F5, 0x17D3,
    0x17D4, 0x17D4, 0x17D4, 0x17F4, 0x0E4E, 0x0040, 0x0000, 0x0000, 0x0000, 0x0000, 0x0040, 0x0E70,
    0x0FF5, 0x17D4, 0x0FD4, 0x17D4, 0x17D4, 0x1792, 0x17F2, 0x17F3, 0x17D3, 0x0FD3, 0x0FD3, 0x0FD3,
    0x0FF4, 0x0F51, 0x0C08, 0x00E2, 0x0000, 0x0000, 0x03A8, 0x17F3, 0x17F4, 0x17D4, 0x17D4, 0x17D4,
    0x17D4, 0x17D4, 0x17D4, 0x17D4, 0x17D4, 0x17D4, 0x17D4, 0x17D4, 0x17D4, 0x17D4, 0x17D4, 0x04EB,
    0x0F11, 0x17F3, 0x17D3, 0x17D3, 0x17D3, 0x17D3, 0x17F4, 0x1710, 0x0CEA, 0x0204, 0x0143, 0x01E4,
    0x0387, 0x0EB0, 0x0FF3, 0x17F3, 0x0F30, 0x02E6, 0x0020, 0x0000, 0x0000, 0x0000, 0x0000, 0x0245,
    0x1794, 0x17F5, 0x0FD4, 0x0FD4, 0x0FD4, 0x0FD4, 0x0FF1, 0x02E4, 0x0000, 0x0000, 0x0000, 0x0000,
    0x0000, 0x0000, 0x0183, 0x0F54, 0x0FF5, 0x0FD4, 0x0FD4, 0x17D4, 0x17F4, 0x0D6D, 0x0040, 0x0285,
    0x1FF3, 0x17F3, 0x17F3, 0x17F3, 0x0FF4, 0x0D4C, 0x0061, 0x0CEA, 0x17F3, 0x17F3, 0x17D3, 0x17D3,
    0x17D2, 0x17D2, 0x17D3, 0x17F3, 0x17F4, 0x0B88, 0x0D4C, 0x17F4, 0x17D3, 0x17F3, 0x17D2, 0x17D2,
    0x17F3, 0x0E8D, 0x0142, 0x0000, 0x0103, 0x02C6, 0x0203, 0x00C1, 0x01C3, 0x0EF0, 0x0FF3, 0x0FD3,
    0x0FD3, 0x0FD3, 0x17F4, 0x03E8, 0x0000, 0x0000, 0x0000, 0x0000, 0x0000, 0x0000, 0x0000, 0x0D4B,
    0x17F4, 0x0FF3, 0x0FF4, 0x0FD4, 0x0FF3, 0x0FB3, 0x17D2, 0x0FF3, 0x17D3, 0x0FD3, 0x0FD3, 0x0FD3,
    0x0FD3, 0x0FD3, 0x0E4D, 0x0244, 0x0041, 0x0204, 0x0EB0, 0x0FF5, 0x0FD4, 0x0FD4, 0x0FD4, 0x17D4,
    0x17D4, 0x17D3, 0x0D0A, 0x0102, 0x0000, 0x01E4, 0x0DED, 0x0FF4, 0x17D3, 0x17D3, 0x17D3, 0x17D3,
    0x0FF3, 0x17D2, 0x0346, 0x056A, 0x0FF2, 0x17F3, 0x17D3, 0x17D3, 0x17F4, 0x0D8D, 0x0E0E, 0x0FF4,
    0x17F3, 0x0FD3, 0x0FD3, 0x0FD3, 0x17F3, 0x0ECF, 0x0DCC, 0x0FF3, 0x17D2, 0x0FD3, 0x0FF3, 0x0FD4,
    0x0B68, 0x0020, 0x0000, 0x0000, 0x0000, 0x0000, 0x4208, 0x4167, 0x4167, 0x3946, 0x3946, 0x3946,
    0x3946, 0x3966, 0x3946, 0x3946, 0x3946, 0x3946, 0x3946, 0x3946, 0x3946, 0x3946, 0x3946, 0x3946,
    0x3946, 0x3946, 0x3946, 0x3946, 0x3946, 0x3946, 0x3967, 0x4187, 0x49A7, 0x49A8, 0x49A8, 0x4187,
    0x4167, 0x4167, 0x3967, 0x4167, 0x4167, 0x4187, 0x4187, 0x4988, 0x51C8, 0x59E9, 0x5A2A, 0x622A,
    0x624A, 0x6A4B, 0x6A4B, 0x6A6B, 0x6A6B, 0x6A4B, 0x6A4B, 0x6A4B, 0x6A4B, 0x6A4B, 0x6A4B, 0x6A4B,
    0x6A4B, 0x6A4B, 0x6A4B, 0x6A4B, 0x6A4B, 0x6A4B, 0x6A4B, 0x6A4B, 0x6A4B, 0x6A4B, 0x6A4B, 0x6A4B,
    0x6A4B, 0x6A2B, 0x6A4B, 0x6A4B, 0x49A8, 0x4987, 0x4146, 0x3946, 0x3946, 0x3946, 0x3946, 0x3946,
    0x3946, 0x3946, 0x3946, 0x3946, 0x3946, 0x3946, 0x3946, 0x4167, 0x3946, 0x3946, 0x3946, 0x3946,
    0x3946, 0x3946, 0x3946, 0x3946, 0x3946, 0x3946, 0x3946, 0x3946, 0x3946, 0x3946, 0x3946, 0x3946,
    0x3946, 0x3946, 0x3946, 0x3946, 0x3946, 0x3946, 0x3946, 0x3946, 0x3946, 0x3946, 0x3946, 0x3946,
    0x3946, 0x3946, 0x3967, 0x3967, 0x3967, 0x3946, 0x3946, 0x3946, 0x3946, 0x3946, 0x3946, 0x3946,
    0x3946, 0x3926, 0x3126, 0x3926, 0x3926, 0x3126, 0x3126, 0x3926, 0x3926, 0x3946, 0x3946, 0x3946,
    0x3946, 0x1041, 0x0000, 0x0000, 0x0000, 0x0000, 0x0000, 0x0060, 0x0C48, 0x17F2, 0x17D1, 0x0FD1,
    0x0FD1, 0x17D1, 0x17F1, 0x0C08, 0x02A4, 0x0325, 0x0BA6, 0x0CE9, 0x0E0B, 0x0F0E, 0x176F, 0x17D0,
    0x0DAB, 0x00C1, 0x0020, 0x0C28, 0x0FD1, 0x0FF0, 0x0FD0, 0x0FD0, 0x0FD0, 0x0FF1, 0x0DCA, 0x0F6F,
    0x17F1, 0x17D0, 0x17D0, 0x17D0, 0x0FF1, 0x0ECC, 0x02A4, 0x0000, 0x0000, 0x0000, 0x0000, 0x0000,
    0x00C0, 0x0D08, 0x17F1, 0x17D0, 0x17D0, 0x17D1, 0x17D1, 0x17F1, 0x0DCA, 0x0020, 0x0000, 0x0000,
    0x0000, 0x0000, 0x0080, 0x0EAE, 0x17F2, 0x17D1, 0x17D1, 0x17D1, 0x17F2, 0x0428, 0x1509, 0x17F0,
    0x0FD0, 0x17CF, 0x17CF, 0x17D0, 0x17D0, 0x17F0, 0x1F4E, 0x03A5, 0x00A1, 0x0040, 0x154B, 0x17F2,
    0x17D1, 0x17D1, 0x17D1, 0x17D1, 0x0FD1, 0x0FD1, 0x0FF1, 0x17F1, 0x17F1, 0x17F1, 0x17D0, 0x17D0,
    0x17D1, 0x17D1, 0x17F1, 0x0C49, 0x0E2D, 0x17F1, 0x17D0, 0x17D0, 0x17D0, 0x17D0, 0x17D0, 0x17F0,
    0x176F, 0x0CC9, 0x0BA8, 0x0CEA, 0x0F0F, 0x17F1, 0x17D0, 0x17D0, 0x0FF0, 0x0E0B, 0x0163, 0x0000,
    0x0000, 0x0000, 0x0020, 0x03E6, 0x17D1, 0x17F1, 0x17D1, 0x17D0, 0x17D0, 0x17D1, 0x0FAD, 0x02A3,
    0x0000, 0x0000, 0x0000, 0x0000, 0x0000, 0x0000, 0x01A3, 0x0F70, 0x17F1, 0x17D1, 0x17D1, 0x17D1,
    0x17F1, 0x0C68, 0x0000, 0x0AE5, 0x1FF1, 0x17F0, 0x17F0, 0x17F0, 0x17F1, 0x0D6A, 0x0081, 0x0283,
    0x176F, 0x17F0, 0x17D0, 0x17D0, 0x17D0, 0x17CF, 0x17D0, 0x17F0, 0x0F6E, 0x0284, 0x0CEA, 0x17F2,
    0x17D0, 0x17D0, 0x17D0, 0x17D0, 0x17D0, 0x1FF0, 0x0D69, 0x0203, 0x00E1, 0x0081, 0x0081, 0x0223,
    0x168D, 0x17F1, 0x0FD0, 0x0FD0, 0x0FD0, 0x0FF0, 0x17CF, 0x0223, 0x0000, 0x0000, 0x0000, 0x0000,
    0x0000, 0x0000, 0x0020, 0x0DAA, 0x17F1, 0x0FF0, 0x17F1, 0x17D1, 0x17F2, 0x0D4A, 0x1469, 0x0FF0,
    0x0FF0, 0x0FD0, 0x0FD0, 0x17D0, 0x17D0, 0x17F1, 0x17F1, 0x0D69, 0x01C3, 0x00A1, 0x0D2A, 0x0FF2,
    0x17F2, 0x17D1, 0x17D1, 0x17D1, 0x17D1, 0x17F1, 0x17D1, 0x166D, 0x15CB, 0x170F, 0x0FF1, 0x0FD0,
    0x17D0, 0x17D0, 0x0FF0, 0x0FD1, 0x0FF1, 0x0E8C, 0x0244, 0x0ECC, 0x17F0, 0x17F0, 0x17F0, 0x17D0,
    0x17F1, 0x0CA9, 0x0D6A, 0x0FF0, 0x17F0, 0x17F0, 0x0FF0, 0x0FF0, 0x17F1, 0x0D6A, 0x0D2A, 0x17F1,
    0x17D0, 0x17D0, 0x17F0, 0x17F1, 0x0C88, 0x0060, 0x0000, 0x0000, 0x0000, 0x0000, 0x3A08, 0x3926,
    0x3946, 0x3966, 0x3946, 0x3946, 0x3966, 0x3966, 0x3946, 0x3946, 0x3946, 0x3946, 0x3946, 0x3946,
    0x3946, 0x3946, 0x3946, 0x3946, 0x3946, 0x3946, 0x3946, 0x3967, 0x3946, 0x3966, 0x3967, 0x4187,
    0x41A7, 0x4187, 0x4187, 0x4167, 0x3967, 0x3967, 0x4167, 0x4167, 0x4167, 0x4987, 0x49A8, 0x51C9,
    0x5A0A, 0x622A, 0x6A4B, 0x6A4B, 0x6A4B, 0x6A4B, 0x6A6B, 0x6A6B, 0x6A6B, 0x6A4B, 0x622A, 0x6A2B,
    0x6A4B, 0x6A4B, 0x6A4B, 0x6A4B, 0x6A4B, 0x6A4B, 0x6A4B, 0x6A4B, 0x6A4B, 0x6A2B, 0x6A4B, 0x6A4B,
    0x622A, 0x622A, 0x6A4B, 0x6A4B, 0x6A4B, 0x6A2B, 0x6A4B, 0x6A4B, 0x59C9, 0x51A8, 0x4987, 0x4167,
    0x3967, 0x4167, 0x3946, 0x3946, 0x3946, 0x3946, 0x3946, 0x3946, 0x4166, 0x3946, 0x4167, 0x3946,
    0x3946, 0x3946, 0x3946, 0x3946, 0x3946, 0x3946, 0x3946, 0x3946, 0x3946, 0x3946, 0x3946, 0x3946,
    0x3946, 0x3946, 0x3946, 0x3946, 0x3946, 0x3946, 0x3946, 0x3946, 0x3946, 0x3946, 0x3946, 0x3946,
    0x3946, 0x3946, 0x3946, 0x3946, 0x3946, 0x3946, 0x3967, 0x3967, 0x3967, 0x3946, 0x3946, 0x3946,
    0x3967, 0x3967, 0x3967, 0x3966, 0x3966, 0x3946, 0x3946, 0x3946, 0x3946, 0x3946, 0x3946, 0x3946,
    0x3946, 0x3946, 0x3946, 0x3946, 0x3946, 0x1041, 0x0000, 0x0000, 0x0000, 0x0000, 0x0000, 0x0040,
    0x0C07, 0x17F0, 0x17CF, 0x0FCF, 0x0FCF, 0x17CF, 0x0FCF, 0x0EED, 0x0F4D, 0x0FCF, 0x0FEF, 0x0FEF,
    0x0FEF, 0x0FEF, 0x0FEE, 0x17EF, 0x0D29, 0x00C1, 0x0243, 0x176D, 0x17EF, 0x17CF, 0x17CE, 0x0FEE,
    0x0FEE, 0x0F0B, 0x0263, 0x0E49, 0x17EF, 0x17EE, 0x0FCE, 0x0FCE, 0x0FCE, 0x17EF, 0x0CA7, 0x0080,
    0x0000, 0x0000, 0x0000, 0x0000, 0x0141, 0x0E29, 0x17EF, 0x17CF, 0x17CF, 0x17CF, 0x17CF, 0x17EF,
    0x0D48, 0x0020, 0x0000, 0x0000, 0x0000, 0x0000, 0x00C1, 0x16AD, 0x17EF, 0x17CF, 0x17CF, 0x17EF,
    0x17CF, 0x0285, 0x0122, 0x0DE8, 0x0FEE, 0x17CD, 0x17CD, 0x17CE, 0x17CE, 0x17CE, 0x17EE, 0x0ECB,
    0x0283, 0x0223, 0x16AC, 0x17EF, 0x17CE, 0x17CE, 0x17CE, 0x0FCE, 0x17EE, 0x17EE, 0x0FEE, 0x0FAC,
    0x0FAC, 0x17CD, 0x17CE, 0x17CE, 0x17CE, 0x17CE, 0x17EF, 0x0CC9, 0x0DEA, 0x17EF, 0x17CF, 0x17CF,
    0x17CF, 0x17CE, 0x17CE, 0x17CE, 0x17EF, 0x17EF, 0x17CF, 0x17EF, 0x0FEF, 0x17CE, 0x17CE, 0x0FCE,
    0x0FEE, 0x17CE, 0x0C88, 0x00A1, 0x0000, 0x0000, 0x0040, 0x0587, 0x17EF, 0x17EF, 0x17CE, 0x17CE,
    0x17CE, 0x17EF, 0x0F4B, 0x0262, 0x0000, 0x0000, 0x0000, 0x0000, 0x0000, 0x0000, 0x0203, 0x178F,
    0x17EF, 0x17CF, 0x17CF, 0x17EF, 0x17EF, 0x0366, 0x0000, 0x0B45, 0x1FF0, 0x17EE, 0x17EE, 0x17EE,
    0x17EF, 0x0CC8, 0x0040, 0x00A0, 0x168A, 0x17EE, 0x17CE, 0x17CE, 0x17CE, 0x17CE, 0x17EE, 0x0FEE,
    0x0E8A, 0x01C2, 0x0B24, 0x172C, 0x17F0, 0x17EE, 0x17CE, 0x17CE, 0x17CE, 0x17EE, 0x17ED, 0x16A9,
    0x0364, 0x0283, 0x0C26, 0x0EEC, 0x17EF, 0x17EE, 0x17CE, 0x17CE, 0x0FCE, 0x0FEE, 0x0DA8, 0x00C0,
    0x0000, 0x0000, 0x0000, 0x0000, 0x0000, 0x0000, 0x0040, 0x0E2B, 0x17EF, 0x17CE, 0x17CE, 0x17CE,
    0x17EF, 0x0BE7, 0x00C2, 0x0D49, 0x0FED, 0x0FEE, 0x17CE, 0x17CE, 0x0FCE, 0x17CE, 0x17EE, 0x0FAD,
    0x0466, 0x0162, 0x0162, 0x0EEE, 0x17F1, 0x17EF, 0x17CF, 0x17CF, 0x17CF, 0x17CF, 0x17EF, 0x1FF0,
    0x17F0, 0x17EF, 0x17CE, 0x17CE, 0x17CE, 0x17CE, 0x17CE, 0x0FEE, 0x0FAC, 0x0283, 0x0243, 0x17AF,
    0x1FEE, 0x17EE, 0x17EE, 0x17EE, 0x17EE, 0x0406, 0x0405, 0x0FCD, 0x17EE, 0x17EE, 0x17EE, 0x17EE,
    0x17EE, 0x03E5, 0x0CE9, 0x17EF, 0x17EE, 0x17CE, 0x17EE, 0x17EE, 0x0DA8, 0x00A1, 0x0000, 0x0000,
    0x0000, 0x0000, 0x39E7, 0x3946, 0x3946, 0x3946, 0x3946, 0x3946, 0x3946, 0x3946, 0x3946, 0x3946,
    0x3946, 0x3946, 0x3946, 0x3946, 0x3946, 0x3946, 0x3946, 0x3946, 0x3946, 0x3946, 0x3946, 0x3967,
    0x3946, 0x3947, 0x3966, 0x3967, 0x4187, 0x4167, 0x3967, 0x3946, 0x3967, 0x3967, 0x4187, 0x49A8,
    0x4988, 0x51A8, 0x51C9, 0x59E9, 0x622A, 0x6A4B, 0x6A4B, 0x6A4B, 0x6A4B, 0x6A6B, 0x6A6B, 0x6A6B,
    0x6A4B, 0x6A4B, 0x6A2B, 0x6A2B, 0x6A4B, 0x6A4B, 0x6A4B, 0x6A4B, 0x6A4B, 0x6A4B, 0x6A4B, 0x6A4B,
    0x6A4B, 0x622B, 0x624B, 0x622B, 0x622A, 0x622A, 0x622A, 0x622A, 0x622A, 0x622A, 0x622A, 0x622A,
    0x59E9, 0x51E9, 0x51C8, 0x49A8, 0x4187, 0x4187, 0x4167, 0x3946, 0x3946, 0x3946, 0x3946, 0x4167,
    0x4167, 0x4167, 0x4167, 0x3946, 0x3946, 0x3946, 0x3946, 0x3946, 0x3946, 0x3946, 0x3946, 0x3946,
    0x3946, 0x3946, 0x3946, 0x3946, 0x3946, 0x3946, 0x3946, 0x3946, 0x3946, 0x3946, 0x3946, 0x3946,
    0x3946, 0x3946, 0x3946, 0x3946, 0x3946, 0x3946, 0x3946, 0x3946, 0x3946, 0x3946, 0x3946, 0x3946,
    0x3946, 0x3967, 0x3967, 0x3967, 0x3967, 0x3967, 0x3967, 0x3966, 0x3966, 0x3967, 0x3967, 0x3967,
    0x3967, 0x3946, 0x3946, 0x3946, 0x3946, 0x3946, 0x3946, 0x3946, 0x3946, 0x1041, 0x0000, 0x0000,
    0x0000, 0x0000, 0x0000, 0x0000, 0x0BA6, 0x17EF, 0x17CE, 0x0FCE, 0x0FCE, 0x0FCD, 0x0FCD, 0x0FEE,
    0x0FEE, 0x0FCE, 0x0FCD, 0x0FCD, 0x0FCD, 0x17CD, 0x0FCD, 0x17ED, 0x0C87, 0x0080, 0x0D67, 0x17EC,
    0x17EC, 0x17CC, 0x17EC, 0x17ED, 0x0FEC, 0x0C05, 0x0000, 0x02C2, 0x0FCB, 0x17ED, 0x17CC, 0x17CC,
    0x17CC, 0x17ED, 0x170A, 0x02E3, 0x0020, 0x0000, 0x0000, 0x0000, 0x01C2, 0x0F4B, 0x17ED, 0x17CD,
    0x17CD, 0x17CD, 0x17ED, 0x17ED, 0x0D47, 0x0020, 0x0000, 0x0000, 0x0000, 0x0000, 0x0121, 0x0EEC,
    0x17EE, 0x17ED, 0x17ED, 0x17EE, 0x1F8E, 0x0182, 0x0000, 0x0100, 0x1627, 0x1FEC, 0x17CC, 0x17CC,
    0x17CC, 0x17CC, 0x17CC, 0x17EC, 0x0DE8, 0x0C86, 0x1FEE, 0x17ED, 0x17CD, 0x17CC, 0x17ED, 0x17ED,
    0x0D67, 0x0B44, 0x0AA3, 0x0243, 0x0A43, 0x0D48, 0x17EE, 0x17CC, 0x17CC, 0x17CD, 0x17EE, 0x0E4A,
    0x0384, 0x16CB, 0x17EE, 0x17CD, 0x17CD, 0x0FCD, 0x17CD, 0x17CD, 0x17CD, 0x17CD, 0x17ED, 0x17CD,
    0x17CD, 0x0FCD, 0x0FCD, 0x0FCD, 0x17CD, 0x17ED, 0x178C, 0x0B43, 0x0000, 0x0000, 0x0040, 0x0E49,
    0x17ED, 0x17ED, 0x17CD, 0x17CD, 0x17CD, 0x17EE, 0x0F4A, 0x0242, 0x0000, 0x0000, 0x0000, 0x0000,
    0x0000, 0x0000, 0x0263, 0x178D, 0x17ED, 0x17CD, 0x17ED, 0x17ED, 0x0FED, 0x0243, 0x0000, 0x0C05,
    0x1FEE, 0x1FEC, 0x17EC, 0x17EC, 0x17ED, 0x0C06, 0x0000, 0x0020, 0x0464, 0x17EB, 0x17EC, 0x17CC,
    0x17CB, 0x17CB, 0x17CC, 0x17EC, 0x0DE9, 0x0142, 0x0080, 0x0DA7, 0x1FEE, 0x17ED, 0x17CC, 0x17CC,
    0x17CC, 0x17CC, 0x17EC, 0x17CC, 0x172B, 0x170B, 0x17AC, 0x0FED, 0x17CC, 0x17CC, 0x17CC, 0x17CC,
    0x17ED, 0x0F09, 0x0221, 0x0000, 0x0000, 0x0000, 0x0000, 0x0000, 0x0000, 0x0000, 0x0060, 0x166B,
    0x17ED, 0x17EC, 0x17EC, 0x0FEC, 0x0FEC, 0x0263, 0x0000, 0x0141, 0x0E05, 0x17EC, 0x17EC, 0x17CC,
    0x0FCC, 0x17CC, 0x17CC, 0x0FEC, 0x0F4B, 0x0C25, 0x0101, 0x0384, 0x17ED, 0x17EE, 0x17CD, 0x17CD,
    0x17CD, 0x17CD, 0x17CD, 0x17CD, 0x17CD, 0x17CD, 0x17CD, 0x17CC, 0x17CC, 0x17CC, 0x17EC, 0x17EC,
    0x0CA5, 0x0040, 0x0405, 0x17CD, 0x17ED, 0x17EC, 0x17EC, 0x17EC, 0x17CB, 0x0323, 0x01E1, 0x174B,
    0x17EC, 0x0FEB, 0x17CC, 0x17EC, 0x0F48, 0x01A1, 0x0466, 0x17ED, 0x17CC, 0x17CC, 0x17EC, 0x17EC,
    0x0E88, 0x00C1, 0x0000, 0x0000, 0x0000, 0x0000, 0x39E7, 0x3946, 0x3946, 0x3946, 0x3946, 0x3946,
    0x3946, 0x3946, 0x3946, 0x3946, 0x3946, 0x3946, 0x3946, 0x3946, 0x3946, 0x3946, 0x3946, 0x4147,
    0x4146, 0x3946, 0x3946, 0x3946, 0x3946, 0x3967, 0x3946, 0x3946, 0x3946, 0x3946, 0x3946, 0x3946,
    0x4167, 0x4167, 0x49A8, 0x51E9, 0x51C9, 0x59E9, 0x620A, 0x622A, 0x6A4B, 0x6A4B, 0x6A4B, 0x6A6B,
    0x726B, 0x6A6B, 0x6A6B, 0x6A4B, 0x6A4B, 0x6A4B, 0x6A4B, 0x6A4B, 0x6A4B, 0x6A4B, 0x6A4B, 0x6A4B,
    0x6A4B, 0x6A2A, 0x6A2A, 0x622A, 0x622A, 0x622B, 0x622B, 0x622B, 0x622B, 0x622B, 0x622A, 0x620A,
    0x620A, 0x620A, 0x620A, 0x620A, 0x51C9, 0x51C9, 0x49A8, 0x49A8, 0x4187, 0x4187, 0x4167, 0x3946,
    0x3946, 0x3946, 0x3946, 0x3946, 0x3946, 0x3946, 0x3946, 0x3946, 0x3946, 0x3946, 0x3946, 0x3946,
    0x3946, 0x3946, 0x3946, 0x3946, 0x3946, 0x3946, 0x3946, 0x3946, 0x3946, 0x3946, 0x3946, 0x3946,
    0x3946, 0x3946, 0x3946, 0x3946, 0x3946, 0x3946, 0x3946, 0x3946, 0x3946, 0x3946, 0x3946, 0x3946,
    0x3946, 0x3946, 0x3946, 0x3946, 0x3946, 0x3946, 0x3946, 0x3946, 0x3946, 0x3946, 0x3946, 0x3966,
    0x3966, 0x3967, 0x3947, 0x3967, 0x4167, 0x4167, 0x4167, 0x4167, 0x4167, 0x4167, 0x3966, 0x3946,
    0x3946, 0x1041, 0x0000, 0x0000, 0x0000, 0x0000, 0x0000, 0x0000, 0x0B64, 0x17EC, 0x0FEB, 0x0FCB,
    0x0FCB, 0x0FCB, 0x0FCB, 0x0FCB, 0x0FCB, 0x0FCB, 0x0FCB, 0x17AB, 0x17AB, 0x17AB, 0x17CB, 0x17EC,
    0x0C25, 0x02A3, 0x0F69, 0x0FE9, 0x17EA, 0x17EA, 0x17EA, 0x1FEB, 0x16E9, 0x0120, 0x0000, 0x00A0,
    0x0D65, 0x17EA, 0x0FEA, 0x17CA, 0x17CA, 0x17CA, 0x17EA, 0x0E05, 0x0120, 0x0000, 0x0000, 0x0000,
    0x0222, 0x0FEA, 0x17EB, 0x17CB, 0x17EB, 0x17EB, 0x17EB, 0x17EB, 0x0D66, 0x0080, 0x0000, 0x0000,
    0x0000, 0x0000, 0x01E2, 0x0F0A, 0x0FEB, 0x17EB, 0x17EB, 0x17EC, 0x176B, 0x0122, 0x0000, 0x0020,
    0x0AE1, 0x1747, 0x17EA, 0x17CA, 0x0FCA, 0x17CA, 0x17CA, 0x17EA, 0x1FEA, 0x1F69, 0x17EB, 0x17CB,
    0x17CA, 0x0FCA, 0x17EA, 0x172A, 0x01C2, 0x0000, 0x0000, 0x0000, 0x0020, 0x0C46, 0x17ED, 0x17CB,
    0x17CB, 0x17CB, 0x17EB, 0x17EB, 0x0243, 0x0CE6, 0x17CA, 0x17EB, 0x17CB, 0x17CB, 0x17CB, 0x17CB,
    0x17CB, 0x17CB, 0x17CB, 0x17CB, 0x17CB, 0x17CB, 0x17CB, 0x17CB, 0x0FEB, 0x0FEB, 0x1667, 0x0221,
    0x0000, 0x0000, 0x00A0, 0x0ECA, 0x17EB, 0x17EA, 0x0FCA, 0x17CA, 0x17CB, 0x17EB, 0x0EE7, 0x01E1,
    0x0000, 0x0000, 0x0000, 0x0000, 0x0000, 0x0020, 0x02C3, 0x178B, 0x17EB, 0x17EA, 0x17EB, 0x17EB,
    0x17EB, 0x01E2, 0x0020, 0x0C84, 0x1FEB, 0x1FEA, 0x17EA, 0x17E9, 0x17EA, 0x0BC4, 0x0000, 0x0000,
    0x01C1, 0x1748, 0x17E9, 0x17C9, 0x17C9, 0x17C9, 0x17C9, 0x17EA, 0x0D26, 0x00C1, 0x0040, 0x0281,
    0x1708, 0x17EA, 0x17CA, 0x17CA, 0x17CA, 0x17CA, 0x17CA, 0x17EA, 0x17EA, 0x17EA, 0x17EA, 0x17CA,
    0x17CA, 0x0FCA, 0x0FCA, 0x17EA, 0x17A9, 0x03E3, 0x0020, 0x0000, 0x0000, 0x0000, 0x0000, 0x0000,
    0x0000, 0x0000, 0x00E1, 0x0E89, 0x17EB, 0x17EA, 0x17EA, 0x0FE9, 0x0F68, 0x0161, 0x0000, 0x0000,
    0x0201, 0x16E7, 0x17EA, 0x17EA, 0x0FCA, 0x0FCA, 0x17CA, 0x17EA, 0x0FEA, 0x0EC7, 0x0201, 0x00E0,
    0x0DC6, 0x17EB, 0x17EB, 0x17CB, 0x17CB, 0x17CB, 0x17EB, 0x17CB, 0x17CB, 0x17CB, 0x17CB, 0x17CA,
    0x17CA, 0x17EA, 0x17E9, 0x1665, 0x0120, 0x0080, 0x0E07, 0x17EB, 0x17EA, 0x17EA, 0x17EA, 0x17EA,
    0x1789, 0x0282, 0x0121, 0x1708, 0x17E9, 0x0FE9, 0x0FC9, 0x17EA, 0x0C64, 0x00A0, 0x04C5, 0x17EA,
    0x17C9, 0x17EA, 0x17EA, 0x17EA, 0x0F27, 0x0121, 0x0000, 0x0000, 0x0000, 0x0000, 0x39E7, 0x3946,
    0x3946, 0x3946, 0x4167, 0x4167, 0x4167, 0x4167, 0x4167, 0x4167, 0x4187, 0x4187, 0x4167, 0x4167,
    0x3946, 0x3946, 0x3946, 0x4147, 0x3946, 0x3946, 0x3946, 0x3946, 0x3946, 0x3967, 0x3967, 0x3966,
    0x3946, 0x3946, 0x4167, 0x4167, 0x4187, 0x49A8, 0x51C8, 0x51E9, 0x59E9, 0x5A09, 0x622A, 0x622A,
    0x624B, 0x6A4B, 0x6A4B, 0x6A4B, 0x6A6B, 0x6A6B, 0x6A4B, 0x6A4B, 0x6A4B, 0x6A4A, 0x6A2B, 0x622A,
    0x6A2B, 0x6A4B, 0x6A4B, 0x6A2B, 0x622A, 0x622A, 0x622A, 0x622A, 0x622A, 0x622B, 0x622B, 0x622B,
    0x622B, 0x622B, 0x622B, 0x622A, 0x622A, 0x622A, 0x6A2B, 0x6A2B, 0x49A8, 0x49A8, 0x4987, 0x4187,
    0x4167, 0x4187, 0x4167, 0x3946, 0x3946, 0x3946, 0x3946, 0x3946, 0x3946, 0x3946, 0x3946, 0x3946,
    0x3946, 0x3946, 0x3946, 0x3946, 0x3946, 0x3946, 0x3946, 0x3946, 0x3946, 0x3946, 0x3946, 0x3946,
    0x3946, 0x3946, 0x3946, 0x3946, 0x3946, 0x3946, 0x3946, 0x3946, 0x3946, 0x3946, 0x3946, 0x3946,
    0x3946, 0x3946, 0x3946, 0x3946, 0x3946, 0x3946, 0x3946, 0x3946, 0x3946, 0x3946, 0x3946, 0x3946,
    0x3946, 0x3946, 0x3946, 0x3966, 0x3967, 0x3946, 0x3946, 0x4167, 0x4187, 0x4167, 0x4187, 0x4187,
    0x4187, 0x4187, 0x4167, 0x4167, 0x3966, 0x1041, 0x0000, 0x0000, 0x0000, 0x0000, 0x0000, 0x0000,
    0x02A2, 0x17C8, 0x0FE8, 0x0FC8, 0x0FC8, 0x0FC8, 0x0FC8, 0x0FC8, 0x0FC8, 0x0FC8, 0x17C8, 0x17C8,
    0x17C8, 0x17A7, 0x17C7, 0x17E7, 0x0D43, 0x0E84, 0x0FE4, 0x0FC4, 0x0FC3, 0x0FC3, 0x17E3, 0x17C3,
    0x0361, 0x0080, 0x0000, 0x0000, 0x02E1, 0x17C5, 0x17E5, 0x0FE4, 0x17E4, 0x17E4, 0x0EE3, 0x0362,
    0x00A0, 0x0000, 0x0000, 0x0000, 0x02E2, 0x17E6, 0x17E6, 0x17C6, 0x17E6, 0x17C6, 0x17E7, 0x17E7,
    0x0D83, 0x00C0, 0x0000, 0x0000, 0x0000, 0x0020, 0x02A1, 0x1746, 0x0FE6, 0x17C6, 0x17C6, 0x17E6,
    0x1726, 0x0121, 0x0000, 0x0000, 0x0020, 0x02C1, 0x0F03, 0x0FE4, 0x0FC4, 0x0FC4, 0x17E5, 0x1FE6,
    0x1624, 0x1785, 0x17E5, 0x17C5, 0x17C5, 0x0FC4, 0x0FE4, 0x0E03, 0x00E0, 0x0000, 0x0000, 0x0000,
    0x0000, 0x0BE3, 0x17E6, 0x0FC5, 0x0FC4, 0x0FC5, 0x0FC4, 0x0FE4, 0x03C2, 0x00C0, 0x0C63, 0x17C6,
    0x17E7, 0x17C7, 0x17C7, 0x17C7, 0x17C7, 0x17C7, 0x17C7, 0x17C7, 0x0FC6, 0x17C6, 0x0FC6, 0x0FE5,
    0x0FC4, 0x0D02, 0x0120, 0x0000, 0x0000, 0x0000, 0x01E1, 0x1726, 0x1FE7, 0x17C6, 0x17C5, 0x0FC5,
    0x17C5, 0x17E5, 0x0E23, 0x00E0, 0x0000, 0x0000, 0x0000, 0x0000, 0x0000, 0x0020, 0x02E2, 0x17A6,
    0x0FE6, 0x17C6, 0x17E6, 0x17E6, 0x17E6, 0x0201, 0x0040, 0x0C82, 0x1FE7, 0x17E5, 0x17E5, 0x17E5,
    0x17E5, 0x0BE2, 0x0020, 0x0000, 0x0020, 0x0C42, 0x17E4, 0x0FC3, 0x0FC3, 0x0FC3, 0x17E3, 0x17E3,
    0x0D02, 0x0081, 0x0000, 0x0020, 0x01A1, 0x0DE3, 0x17E4, 0x17E4, 0x17C4, 0x17C5, 0x17C6, 0x17C6,
    0x17C5, 0x17C5, 0x17C6, 0x17C6, 0x17C6, 0x17C5, 0x17E5, 0x0F23, 0x0321, 0x0020, 0x0000, 0x0000,
    0x0000, 0x0000, 0x0000, 0x0000, 0x0000, 0x0000, 0x0160, 0x0EA5, 0x17E5, 0x17E5, 0x17E5, 0x17E5,
    0x1765, 0x0120, 0x0000, 0x0000, 0x0000, 0x01A1, 0x16E4, 0x0FE4, 0x0FC5, 0x0FC5, 0x0FC4, 0x0FE4,
    0x0F03, 0x0261, 0x0040, 0x0000, 0x0080, 0x0BA2, 0x1725, 0x17E5, 0x17E5, 0x17C6, 0x17C6, 0x17C6,
    0x17C6, 0x17C5, 0x17E5, 0x17E5, 0x17E4, 0x0F03, 0x0BE1, 0x00C0, 0x0020, 0x09C2, 0x1705, 0x1FE6,
    0x17C5, 0x17C5, 0x17E5, 0x0FE4, 0x0F23, 0x09A1, 0x0040, 0x0E62, 0x17E4, 0x0FE3, 0x17E3, 0x17E3,
    0x0281, 0x0020, 0x04C3, 0x17E6, 0x17C5, 0x0FC5, 0x17C5, 0x0FE5, 0x1764, 0x0A21, 0x0000, 0x0000,
    0x0000, 0x0000, 0x39E7, 0x4167, 0x4167, 0x4187, 0x4167, 0x4167, 0x4167, 0x4167, 0x4167, 0x4187,
    0x49A8, 0x49A8, 0x4187, 0x4167, 0x3946, 0x3946, 0x3946, 0x4147, 0x3946, 0x3946, 0x3946, 0x3966,
    0x3966, 0x3966, 0x3967, 0x3967, 0x4187, 0x4167, 0x4187, 0x4987, 0x49A8, 0x51C8, 0x51E9, 0x51E9,
    0x51C9, 0x59E9, 0x620A, 0x622A, 0x622A, 0x6A4B, 0x6A4B, 0x6A4B, 0x6A4B, 0x6A4B, 0x622A, 0x624A,
    0x622A, 0x622A, 0x622A, 0x622A, 0x622A, 0x622B, 0x622A, 0x620A, 0x620A, 0x622A, 0x622A, 0x622A,
    0x622A, 0x622B, 0x622B, 0x622B, 0x622B, 0x622B, 0x622B, 0x6A4B, 0x6A4B, 0x6A4B, 0x6A4B, 0x6A4B,
    0x4187, 0x4187, 0x4187, 0x4167, 0x4167, 0x4167, 0x4167, 0x3946, 0x3946, 0x3946, 0x3946, 0x4167,
    0x3946, 0x3946, 0x3946, 0x3946, 0x3946, 0x3946, 0x3946, 0x3946, 0x3946, 0x3946, 0x3946, 0x3946,
    0x3946, 0x3946, 0x3946, 0x3946, 0x3946, 0x3946, 0x3946, 0x3946, 0x3946, 0x3946, 0x3946, 0x3946,
    0x3946, 0x3946, 0x3946, 0x3946, 0x3946, 0x3946, 0x3946, 0x3946, 0x3946, 0x3946, 0x3946, 0x3946,
    0x3946, 0x3946, 0x3946, 0x3946, 0x3946, 0x3946, 0x3946, 0x3967, 0x3967, 0x3946, 0x3946, 0x4167,
    0x4988, 0x4988, 0x49A8, 0x49A8, 0x49A8, 0x49A8, 0x4988, 0x4988, 0x4187, 0x1041, 0x0000, 0x0000,
    0x0000, 0x0000, 0x0000, 0x0000, 0x01C1, 0x1785, 0x0FE5, 0x0FC5, 0x0FC5, 0x0FC5, 0x0FC5, 0x0FC5,
    0x0FC6, 0x0FC6, 0x17E6, 0x17E6, 0x17E5, 0x17E4, 0x0FE3, 0x0FE1, 0x0F41, 0x17E2, 0x1FE2, 0x17E1,
    0x17C1, 0x0FC1, 0x0FE0, 0x1640, 0x00C0, 0x0000, 0x0000, 0x0000, 0x0140, 0x1703, 0x17E3, 0x17E2,
    0x17E1, 0x0E20, 0x01C0, 0x0000, 0x0000, 0x0000, 0x0000, 0x0000, 0x0B22, 0x17E3, 0x17E3, 0x17E3,
    0x17E3, 0x17C3, 0x17E3, 0x17E3, 0x0DE1, 0x0100, 0x0000, 0x0000, 0x0000, 0x0020, 0x0301, 0x1764,
    0x0FE3, 0x0FC3, 0x0FC3, 0x17E3, 0x0F22, 0x0140, 0x0000, 0x0000, 0x0000, 0x0000, 0x0C60, 0x0FE1,
    0x0FC1, 0x0FE1, 0x17E1, 0x0D21, 0x0B41, 0x1782, 0x17E1, 0x0FE1, 0x0FE1, 0x0FC1, 0x0FE0, 0x0DC0,
    0x00E0, 0x0000, 0x0000, 0x0000, 0x0020, 0x0C01, 0x17E1, 0x0FE1, 0x0FE1, 0x0FE1, 0x0FE1, 0x0FE0,
    0x05A0, 0x0080, 0x0040, 0x0CA2, 0x17E4, 0x17E3, 0x17E3, 0x17C4, 0x0FC4, 0x0FC4, 0x17C4, 0x17C4,
    0x0FC3, 0x0FC3, 0x0FE2, 0x0FC1, 0x03C0, 0x0040, 0x0000, 0x0000, 0x0000, 0x0000, 0x0261, 0x0F63,
    0x17E4, 0x17C3, 0x0FC3, 0x0FC3, 0x17C2, 0x0FE2, 0x0DE1, 0x0080, 0x0000, 0x0000, 0x0000, 0x0000,
    0x0000, 0x0020, 0x0301, 0x17A3, 0x0FE2, 0x0FE2, 0x17C2, 0x17E2, 0x17E1, 0x01C0, 0x0020, 0x0461,
    0x1FE3, 0x17E2, 0x17E2, 0x17C3, 0x17E2, 0x0BE1, 0x0040, 0x0000, 0x0000, 0x0200, 0x0F81, 0x0FE0,
    0x0FE0, 0x17E1, 0x17C0, 0x1660, 0x0AC1, 0x0020, 0x0000, 0x0000, 0x0000, 0x0220, 0x0EA1, 0x17E2,
    0x17E2, 0x17C2, 0x17C2, 0x17C2, 0x17C2, 0x17C2, 0x17C2, 0x17C3, 0x17E3, 0x17E2, 0x1741, 0x0360,
    0x0000, 0x0000, 0x0000, 0x0000, 0x0000, 0x0000, 0x0000, 0x0000, 0x0000, 0x0000, 0x01E0, 0x0EC2,
    0x0FE2, 0x0FC2, 0x17C2, 0x17E2, 0x1762, 0x0180, 0x0000, 0x0000, 0x0000, 0x0000, 0x0BA1, 0x17A2,
    0x17C2, 0x17C2, 0x17E1, 0x0EA0, 0x01C0, 0x0000, 0x0000, 0x0000, 0x0000, 0x0000, 0x0260, 0x0EE2,
    0x17E3, 0x17E3, 0x17E3, 0x17E3, 0x17E3, 0x17E3, 0x17E2, 0x1762, 0x15E1, 0x0200, 0x0000, 0x0000,
    0x0000, 0x0241, 0x17A2, 0x1FE3, 0x17E2, 0x17E2, 0x17E2, 0x0FE1, 0x0EC1, 0x0941, 0x0000, 0x0CE0,
    0x16C1, 0x0D81, 0x15A1, 0x0D20, 0x0100, 0x0040, 0x0481, 0x0FE2, 0x17C2, 0x0FC2, 0x0FC2, 0x17E2,
    0x17E1, 0x0BC0, 0x0020, 0x0000, 0x0000, 0x0000, 0x39E7, 0x4987, 0x4987, 0x4187, 0x4167, 0x4987,
    0x4187, 0x4187, 0x4987, 0x49A8, 0x49A8, 0x49A8, 0x4187, 0x4167, 0x3946, 0x3946, 0x3946, 0x4146,
    0x4146, 0x3946, 0x3946, 0x3967, 0x3967, 0x3967, 0x4187, 0x4167, 0x4187, 0x49A8, 0x49A8, 0x49A8,
    0x49A8, 0x51C8, 0x51E9, 0x51C9, 0x51C8, 0x59E9, 0x620A, 0x622A, 0x6A4B, 0x6A4B, 0x6A4B, 0x6A4B,
    0x6A4B, 0x622A, 0x622A, 0x622A, 0x622A, 0x622A, 0x622A, 0x622A, 0x622A, 0x622B, 0x622A, 0x620A,
    0x620A, 0x622A, 0x622A, 0x622A, 0x6A4B, 0x6A2B, 0x6A2B, 0x6A2B, 0x6A4B, 0x6A4B, 0x6A4B, 0x6A4B,
    0x6A4B, 0x6A4B, 0x6A4B, 0x6A4B, 0x4167, 0x4167, 0x4167, 0x4167, 0x4167, 0x4167, 0x4167, 0x4167,
    0x4167, 0x4167, 0x4167, 0x4167, 0x3946, 0x3946, 0x3946, 0x3946, 0x3946, 0x3946, 0x3946, 0x3946,
    0x3946, 0x3946, 0x3946, 0x3946, 0x3946, 0x3946, 0x3946, 0x3946, 0x3946, 0x3946, 0x3946, 0x3946,
    0x3946, 0x3946, 0x3946, 0x3946, 0x3946, 0x3946, 0x3946, 0x3946, 0x3946, 0x3946, 0x3946, 0x3946,
    0x3946, 0x3946, 0x3946, 0x3946, 0x3946, 0x3946, 0x3946, 0x3946, 0x3946, 0x3946, 0x3946, 0x3967,
    0x3946, 0x3966, 0x4167, 0x49A8, 0x51C9, 0x51E9, 0x59E9, 0x5A09, 0x59E9, 0x59E9, 0x51E9, 0x51E9,
    0x51E9, 0x0841, 0x0000, 0x0000, 0x0000, 0x0000, 0x0000, 0x0000, 0x00E0, 0x1743, 0x0FE3, 0x0FE3,
    0x0FE3, 0x0FE3, 0x0FE3, 0x0FE3, 0x0FE4, 0x0FA4, 0x0F84, 0x0F43, 0x0EE3, 0x0E62, 0x0DC1, 0x0CE0,
    0x0340, 0x0B00, 0x0D80, 0x1741, 0x17E0, 0x17E0, 0x17A0, 0x02E0, 0x0000, 0x0000, 0x0000, 0x0000,
    0x0020, 0x0461, 0x17E1, 0x1700, 0x0BC0, 0x00E0, 0x0000, 0x0000, 0x0000, 0x0000, 0x0000, 0x0020,
    0x03A1, 0x0FE1, 0x17E1, 0x0FE1, 0x0FE1, 0x0FE1, 0x17E1, 0x17E0, 0x0DE0, 0x0120, 0x0000, 0x0000,
    0x0000, 0x0000, 0x0361, 0x17A1, 0x0FE1, 0x0FE1, 0x17E0, 0x17E0, 0x0EC0, 0x0120, 0x0000, 0x0000,
    0x0000, 0x0000, 0x0180, 0x0F20, 0x17E0, 0x17E0, 0x0D00, 0x00A0, 0x0140, 0x02A0, 0x0BC0, 0x0D61,
    0x0F20, 0x17C0, 0x17E0, 0x0D20, 0x00C0, 0x0000, 0x0000, 0x0000, 0x0020, 0x0C01, 0x17E1, 0x0FE0,
    0x0F80, 0x0EE0, 0x0540, 0x03E0, 0x0280, 0x0060, 0x0000, 0x0060, 0x0B20, 0x0E80, 0x17E1, 0x0FE0,
    0x0FE0, 0x0FE1, 0x0FE1, 0x0FE1, 0x0FE0, 0x0FA0, 0x0D40, 0x01E0, 0x0060, 0x0000, 0x0000, 0x0000,
    0x0000, 0x0000, 0x0300, 0x0F81, 0x0FE1, 0x0FE1, 0x0FE1, 0x0FE1, 0x17E1, 0x17E0, 0x1640, 0x0080,
    0x0000, 0x0000, 0x0000, 0x0000, 0x0000, 0x0020, 0x0340, 0x17E1, 0x0FE0, 0x0FE0, 0x17E0, 0x17E0,
    0x17C0, 0x0180, 0x0060, 0x04C0, 0x17E1, 0x17E0, 0x17E0, 0x17E0, 0x17E0, 0x0BC0, 0x0040, 0x0000,
    0x0000, 0x0060, 0x0D00, 0x0EA0, 0x0DA0, 0x0D00, 0x0BC0, 0x01A0, 0x0060, 0x0000, 0x0000, 0x0000,
    0x0000, 0x0000, 0x0180, 0x0D80, 0x17C0, 0x17E1, 0x17E0, 0x17E0, 0x0FE0, 0x0FE0, 0x0FE0, 0x17E0,
    0x0FC0, 0x0E00, 0x01C0, 0x0020, 0x0000, 0x0000, 0x0000, 0x0000, 0x0000, 0x0000, 0x0000, 0x0000,
    0x0000, 0x0000, 0x02A0, 0x0F21, 0x17E1, 0x17E0, 0x0FE0, 0x17E0, 0x1740, 0x0180, 0x0000, 0x0000,
    0x0000, 0x0000, 0x0080, 0x0D20, 0x17E1, 0x17E0, 0x0E60, 0x0120, 0x0000, 0x0000, 0x0000, 0x0000,
    0x0000, 0x0000, 0x0000, 0x0120, 0x0AE1, 0x0DA1, 0x0F61, 0x17A1, 0x17A1, 0x0F80, 0x0E20, 0x0280,
    0x0040, 0x0000, 0x0000, 0x0000, 0x0000, 0x01A0, 0x0C40, 0x0CC1, 0x1621, 0x1781, 0x0FE0, 0x17E0,
    0x0EC0, 0x0140, 0x0000, 0x01A0, 0x0200, 0x00A0, 0x00E0, 0x00C0, 0x0000, 0x0060, 0x0440, 0x0FE0,
    0x0FE0, 0x0FE0, 0x17E0, 0x17A0, 0x0EC0, 0x0300, 0x0000, 0x0000, 0x0000, 0x0000, 0x39E7, 0x51C8,
    0x49A8, 0x49A8, 0x49A8, 0x51C8, 0x51C8, 0x51C8, 0x51C9, 0x51C9, 0x49C8, 0x4988, 0x4187, 0x4167,
    0x3946, 0x3946, 0x3946, 0x4146, 0x3946, 0x3946, 0x3946, 0x4167, 0x4167, 0x4187, 0x49A8, 0x4988,
    0x49A8, 0x51E9, 0x51E9, 0x51E9, 0x51C9, 0x51C8, 0x51C8, 0x51C9, 0x51C9, 0x5A0A, 0x622A, 0x622A,
    0x624B, 0x6A4B, 0x622A, 0x624A, 0x624A, 0x5A0A, 0x5A09, 0x5A0A, 0x5A09, 0x622A, 0x624B, 0x622A,
    0x622A, 0x6A2B, 0x6A2A, 0x620A, 0x622A, 0x622A, 0x6A2B, 0x6A4B, 0x6A4B, 0x6A4C, 0x6A4C, 0x6A4B,
    0x6A6B, 0x6A4B, 0x6A4B, 0x6A4B, 0x6A4B, 0x6A4B, 0x6A4B, 0x6A4B, 0x3967, 0x4167, 0x4167, 0x4167,
    0x4167, 0x4167, 0x4167, 0x4167, 0x4167, 0x4167, 0x4167, 0x4167, 0x3946, 0x3946, 0x3946, 0x3967,
    0x3966, 0x3946, 0x3946, 0x3946, 0x3946, 0x3946, 0x3946, 0x3946, 0x3946, 0x3946, 0x3946, 0x3946,
    0x3946, 0x3946, 0x3946, 0x3946, 0x3946, 0x3946, 0x3946, 0x3946, 0x3946, 0x3946, 0x3946, 0x3946,
    0x3946, 0x3946, 0x3946, 0x3947, 0x3947, 0x3947, 0x3947, 0x3947, 0x3947, 0x3946, 0x3946, 0x3946,
    0x3946, 0x3946, 0x3946, 0x3946, 0x3967, 0x3967, 0x4167, 0x49A8, 0x51C9, 0x59E9, 0x59EA, 0x5A0A,
    0x620A, 0x620A, 0x620A, 0x5A0A, 0x5A09, 0x0820, 0x0000, 0x0000, 0x0000, 0x0000, 0x0000, 0x0000,
    0x0040, 0x0D80, 0x0F61, 0x0EE1, 0x0E81, 0x05E1, 0x0D41, 0x0CA1, 0x03E0, 0x0320, 0x0280, 0x0220,
    0x0200, 0x01C0, 0x0140, 0x00A0, 0x0060, 0x0020, 0x00A0, 0x01E0, 0x0BA0, 0x1580, 0x0CC0, 0x00A0,
    0x0000, 0x0000, 0x0000, 0x0000, 0x0000, 0x01A0, 0x0CA0, 0x0180, 0x0000, 0x0000, 0x0000, 0x0000,
    0x0000, 0x0000, 0x0000, 0x0020, 0x03C0, 0x0FA0, 0x1700, 0x16A0, 0x0E00, 0x0D80, 0x0D20, 0x0BA0,
    0x01C0, 0x0040, 0x0000, 0x0000, 0x0000, 0x0000, 0x02A0, 0x0EA0, 0x0EA0, 0x0DA0, 0x0CE0, 0x0BA0,
    0x0240, 0x0080, 0x0000, 0x0000, 0x0000, 0x0000, 0x0000, 0x0280, 0x1740, 0x0460, 0x0080, 0x0000,
    0x0000, 0x0000, 0x0000, 0x0020, 0x00E0, 0x09C0, 0x0B00, 0x0260, 0x0040, 0x0000, 0x0000, 0x0000,
    0x0000, 0x02A0, 0x0CC0, 0x0320, 0x0200, 0x0100, 0x0060, 0x0000, 0x0000, 0x0000, 0x0000, 0x0000,
    0x0020, 0x0120, 0x0AE0, 0x0D80, 0x0E60, 0x0EE0, 0x0E81, 0x0DC1, 0x0CC0, 0x0240, 0x0040, 0x0000,
    0x0000, 0x0000, 0x0000, 0x0000, 0x0000, 0x0000, 0x03C0, 0x0F80, 0x0F60, 0x0EC0, 0x0E60, 0x0E00,
    0x0D80, 0x0CA0, 0x0B40, 0x0040, 0x0000, 0x0000, 0x0000, 0x0000, 0x0000, 0x0020, 0x02C0, 0x16C0,
    0x1680, 0x0E40, 0x0D60, 0x0CA0, 0x0B60, 0x0080, 0x0080, 0x04A0, 0x1720, 0x1680, 0x0D80, 0x0CC0,
    0x03A0, 0x0160, 0x0000, 0x0000, 0x0000, 0x0000, 0x0120, 0x0180, 0x00A0, 0x0060, 0x0000, 0x0000,
    0x0000, 0x0000, 0x0000, 0x0000, 0x0000, 0x0000, 0x0000, 0x00A0, 0x0A20, 0x0D40, 0x1621, 0x16C0,
    0x0F00, 0x0EC0, 0x0DE0, 0x0CA0, 0x0240, 0x0060, 0x0000, 0x0000, 0x0000, 0x0000, 0x0000, 0x0000,
    0x0000, 0x0000, 0x0000, 0x0000, 0x0000, 0x0000, 0x01C0, 0x0E40, 0x16E0, 0x15C0, 0x0CA0, 0x03A0,
    0x0280, 0x0080, 0x0000, 0x0000, 0x0000, 0x0000, 0x0000, 0x0180, 0x15E0, 0x1600, 0x0160, 0x0000,
    0x0000, 0x0000, 0x0000, 0x0000, 0x0000, 0x0000, 0x0000, 0x0000, 0x0000, 0x00A0, 0x0140, 0x01E0,
    0x01C0, 0x0120, 0x00A0, 0x0020, 0x0000, 0x0000, 0x0000, 0x0000, 0x0000, 0x0060, 0x0040, 0x0040,
    0x0080, 0x0980, 0x0AA0, 0x0B60, 0x0360, 0x0140, 0x0000, 0x0000, 0x0000, 0x0000, 0x0000, 0x0000,
    0x0000, 0x0060, 0x03C0, 0x0EC0, 0x0E20, 0x0D80, 0x0C80, 0x0300, 0x0180, 0x0060, 0x0000, 0x0000,
    0x0000, 0x0000, 0x4208, 0x51C9, 0x51C8, 0x49A8, 0x49A8, 0x51C9, 0x51C9, 0x51C9, 0x51C9, 0x51C9,
    0x49A8, 0x4187, 0x4187, 0x4187, 0x3967, 0x3946, 0x3946, 0x4167, 0x4167, 0x3967, 0x4167, 0x4187,
    0x4187, 0x49A8, 0x49A8, 0x49A8, 0x51C8, 0x51E9, 0x51E9, 0x51C9, 0x51E9, 0x51C9, 0x51E9, 0x5A09,
    0x5A09, 0x620A, 0x622A, 0x624B, 0x622A, 0x622A, 0x622A, 0x622A, 0x622A, 0x5A0A, 0x59E9, 0x5A09,
    0x5A09, 0x622A, 0x622A, 0x622A, 0x622A, 0x6A2B, 0x622A, 0x622A, 0x622A, 0x6A4B, 0x6A4B, 0x6A4B,
    0x6A6B, 0x6A4B, 0x6A4B, 0x6A4B, 0x6A6B, 0x6A4B, 0x6A6B, 0x6A6B, 0x6A4B, 0x6A4B, 0x6A4B, 0x6A4B,
    0x4167, 0x4167, 0x4167, 0x4167, 0x4167, 0x4167, 0x4167, 0x4167, 0x4167, 0x4167, 0x4167, 0x4167,
    0x4167, 0x4167, 0x4167, 0x4167, 0x4167, 0x3967, 0x3946, 0x3946, 0x3946, 0x3946, 0x3946, 0x3946,
    0x3946, 0x3946, 0x3946, 0x3946, 0x3966, 0x3966, 0x3946, 0x3946, 0x3946, 0x3946, 0x3946, 0x3946,
    0x3946, 0x3946, 0x3946, 0x3946, 0x3946, 0x3946, 0x3947, 0x3947, 0x3947, 0x3947, 0x3947, 0x3947,
    0x3947, 0x3946, 0x3946, 0x3946, 0x4146, 0x3946, 0x3946, 0x3967, 0x3967, 0x3967, 0x4167, 0x49A8,
    0x51C8, 0x51E9, 0x59E9, 0x620A, 0x624B, 0x6A4B, 0x6A4B, 0x6A4B, 0x6A4B, 0x1041, 0x0000, 0x0000,
    0x0000, 0x0000, 0x0000, 0x0000, 0x0000, 0x01C0, 0x0280, 0x0240, 0x01E0, 0x0140, 0x00C0, 0x0080,
    0x0020, 0x0000, 0x0000, 0x0000, 0x0000, 0x0000, 0x0000, 0x0000, 0x0000, 0x0000, 0x0000, 0x0000,
    0x0000, 0x00E0, 0x0100, 0x0020, 0x0000, 0x0000, 0x0000, 0x0000, 0x0000, 0x0060, 0x0020, 0x0000,
    0x0000, 0x0000, 0x0000, 0x0000, 0x0000, 0x0000, 0x0000, 0x0000, 0x0200, 0x0300, 0x0180, 0x0120,
    0x00C0, 0x0060, 0x0020, 0x0000, 0x0000, 0x0000, 0x0000, 0x0000, 0x0000, 0x0000, 0x0120, 0x0260,
    0x01A0, 0x00C0, 0x0020, 0x0000, 0x0000, 0x0000, 0x0000, 0x0000, 0x0000, 0x0000, 0x0000, 0x0080,
    0x0280, 0x0080, 0x0000, 0x0000, 0x0000, 0x0000, 0x0000, 0x0000, 0x0000, 0x0000, 0x0000, 0x0040,
    0x0000, 0x0000, 0x0000, 0x0000, 0x0000, 0x00A0, 0x0060, 0x0040, 0x0000, 0x0000, 0x0000, 0x0000,
    0x0000, 0x0000, 0x0000, 0x0000, 0x0000, 0x0000, 0x0000, 0x00A0, 0x0200, 0x0300, 0x0240, 0x00E0,
    0x0000, 0x0000, 0x0000, 0x0000, 0x0000, 0x0000, 0x0000, 0x0000, 0x0000, 0x0000, 0x0220, 0x0320,
    0x0220, 0x0180, 0x00E0, 0x0080, 0x0020, 0x0000, 0x0000, 0x0000, 0x0000, 0x0000, 0x0000, 0x0000,
    0x0000, 0x0000, 0x00C0, 0x0160, 0x0120, 0x0120, 0x0100, 0x00A0, 0x0020, 0x0000, 0x0040, 0x01C0,
    0x0220, 0x0140, 0x00A0, 0x0020, 0x0000, 0x0000, 0x0000, 0x0000, 0x0000, 0x0000, 0x0000, 0x0000,
    0x0000, 0x0000, 0x0000, 0x0000, 0x0000, 0x0000, 0x0000, 0x0000, 0x0000, 0x0000, 0x0000, 0x0000,
    0x0000, 0x0000, 0x00E0, 0x0260, 0x02E0, 0x0220, 0x0080, 0x0000, 0x0000, 0x0000, 0x0000, 0x0000,
    0x0000, 0x0000, 0x0000, 0x0000, 0x0000, 0x0000, 0x0000, 0x0000, 0x0000, 0x0000, 0x00A0, 0x0240,
    0x01E0, 0x00E0, 0x0040, 0x0000, 0x0000, 0x0000, 0x0000, 0x0000, 0x0000, 0x0000, 0x0000, 0x0020,
    0x01A0, 0x0140, 0x0000, 0x0000, 0x0000, 0x0000, 0x0000, 0x0000, 0x0000, 0x0000, 0x0000, 0x0000,
    0x0000, 0x0000, 0x0000, 0x0000, 0x0000, 0x0000, 0x0000, 0x0000, 0x0000, 0x0000, 0x0000, 0x0000,
    0x0000, 0x0000, 0x0000, 0x0000, 0x0000, 0x0000, 0x0000, 0x0000, 0x0020, 0x0060, 0x0000, 0x0000,
    0x0000, 0x0000, 0x0000, 0x0000, 0x0000, 0x0040, 0x0180, 0x0200, 0x01A0, 0x00C0, 0x0020, 0x0000,
    0x0000, 0x0000, 0x0000, 0x0000, 0x0000, 0x0000, 0x4208, 0x51C9, 0x51E9, 0x51C9, 0x51C9, 0x51C9,
    0x51C9, 0x49A8, 0x49A8, 0x4988, 0x4187, 0x4167, 0x4167, 0x4187, 0x4187, 0x4167, 0x4167, 0x4187,
    0x4187, 0x4187, 0x4987, 0x49A8, 0x49A8, 0x49C8, 0x51C9, 0x51C9, 0x51C9, 0x51C9, 0x51E9, 0x51E9,
    0x51E9, 0x51E9, 0x5A09, 0x5A2A, 0x622A, 0x622A, 0x622A, 0x622A, 0x622A, 0x622A, 0x622A, 0x5A2A,
    0x5A0A, 0x5A0A, 0x5A0A, 0x5A09, 0x5A0A, 0x5A0A, 0x622A, 0x622A, 0x624A, 0x6A2B, 0x622A, 0x624A,
    0x6A4B, 0x6A4B, 0x6A4B, 0x6A4B, 0x6A4B, 0x6A4B, 0x6A4B, 0x6A4B, 0x6A6B, 0x6A6B, 0x6A6B, 0x6A6B,
    0x6A6B, 0x6A6B, 0x6A6B, 0x6A4B, 0x4167, 0x4167, 0x4167, 0x4167, 0x4167, 0x4167, 0x4167, 0x4167,
    0x4167, 0x4167, 0x4167, 0x4167, 0x4187, 0x4187, 0x4187, 0x4187, 0x4167, 0x4167, 0x4167, 0x4166,
    0x3946, 0x3946, 0x3946, 0x3946, 0x3946, 0x3946, 0x3946, 0x3966, 0x3966, 0x3966, 0x3946, 0x3967,
    0x3967, 0x3946, 0x3946, 0x3946, 0x3946, 0x3946, 0x3946, 0x3946, 0x3946, 0x3946, 0x3947, 0x3947,
    0x3947, 0x3947, 0x3947, 0x3947, 0x3947, 0x3966, 0x3966, 0x3946, 0x4146, 0x3946, 0x3946, 0x3946,
    0x3967, 0x3967, 0x4167, 0x49A8, 0x51A8, 0x51C9, 0x59E9, 0x5A0A, 0x622A, 0x6A4B, 0x6A4B, 0x6A6B,
    0x6A6B, 0x1041, 0x0000, 0x0000, 0x0000, 0x0000, 0x0000, 0x0000, 0x0000, 0x0000, 0x0000, 0x0000,
    0x0000, 0x0000, 0x0000, 0x0000, 0x0000, 0x0000, 0x0000, 0x0000, 0x0000, 0x0000, 0x0000, 0x0000,
    0x0000, 0x0000, 0x0000, 0x0000, 0x0000, 0x0000, 0x0000, 0x0000, 0x0000, 0x0000, 0x0000, 0x0000,
    0x0000, 0x0000, 0x0000, 0x0000, 0x0000, 0x0000, 0x0000, 0x0000, 0x0000, 0x0000, 0x0000, 0x0000,
    0x0000, 0x0000, 0x0000, 0x0000, 0x0000, 0x0000, 0x0000, 0x0000, 0x0000, 0x0000, 0x0000, 0x0000,
    0x0000, 0x0000, 0x0000, 0x0000, 0x0000, 0x0000, 0x0000, 0x0000, 0x0000, 0x0000, 0x0000, 0x0000,
    0x0000, 0x0000, 0x0000, 0x0000, 0x0000, 0x0000, 0x0000, 0x0000, 0x0000, 0x0000, 0x0000, 0x0000,
    0x0000, 0x0000, 0x0000, 0x0000, 0x0000, 0x0000, 0x0000, 0x0000, 0x0000, 0x0000, 0x0000, 0x0000,
    0x0000, 0x0000, 0x0000, 0x0000, 0x0000, 0x0000, 0x0000, 0x0000, 0x0000, 0x0000, 0x0000, 0x0000,
    0x0000, 0x0000, 0x0000, 0x0000, 0x0000, 0x0000, 0x0000, 0x0000, 0x0000, 0x0000, 0x0000, 0x0000,
    0x0000, 0x0000, 0x0000, 0x0020, 0x0020, 0x0000, 0x0000, 0x0000, 0x0000, 0x0000, 0x0000, 0x0000,
    0x0000, 0x0000, 0x0000, 0x0000, 0x0000, 0x0000, 0x0000, 0x0000, 0x0000, 0x0000, 0x0000, 0x0000,
    0x0000, 0x0000, 0x0000, 0x0000, 0x0000, 0x0000, 0x0000, 0x0000, 0x0000, 0x0000, 0x0000, 0x0000,
    0x0000, 0x0000, 0x0000, 0x0000, 0x0000, 0x0000, 0x0000, 0x0000, 0x0000, 0x0000, 0x0000, 0x0000,
    0x0000, 0x0000, 0x0000, 0x0000, 0x0000, 0x0000, 0x0000, 0x0000, 0x0000, 0x0000, 0x0000, 0x0000,
    0x0000, 0x0000, 0x0000, 0x0000, 0x0000, 0x0000, 0x0000, 0x0000, 0x0000, 0x0000, 0x0000, 0x0000,
    0x0000, 0x0000, 0x0000, 0x0000, 0x0000, 0x0000, 0x0000, 0x0000, 0x0000, 0x0000, 0x0000, 0x0000,
    0x0000, 0x0000, 0x0000, 0x0000, 0x0000, 0x0000, 0x0000, 0x0000, 0x0000, 0x0000, 0x0000, 0x0000,
    0x0000, 0x0000, 0x0000, 0x0000, 0x0000, 0x0000, 0x0000, 0x0000, 0x0000, 0x0000, 0x0000, 0x0000,
    0x0000, 0x0000, 0x0000, 0x0000, 0x0000, 0x0000, 0x0000, 0x0000, 0x0000, 0x0000, 0x0000, 0x0000,
    0x0000, 0x0000, 0x0000, 0x0000, 0x0000, 0x0000, 0x0000, 0x0000, 0x0000, 0x0000, 0x0000, 0x0000,
    0x0000, 0x0000, 0x0000, 0x0000, 0x0000, 0x0000, 0x0000, 0x0000, 0x0000, 0x0000, 0x39E7, 0x51C9,
    0x51E9, 0x51E9, 0x51E9, 0x51C9, 0x51C9, 0x49A8, 0x4988, 0x4187, 0x4167, 0x4167, 0x4167, 0x4187,
    0x4187, 0x4167, 0x4167, 0x49A8, 0x49A8, 0x49A8, 0x49A8, 0x49A8, 0x49C8, 0x51C8, 0x51C9, 0x51C9,
    0x51C9, 0x51C9, 0x51C9, 0x51C9, 0x51E9, 0x59E9, 0x5A09, 0x5A0A, 0x622A, 0x622A, 0x622A, 0x622A,
    0x622A, 0x620A, 0x5A0A, 0x5A09, 0x5A09, 0x5A09, 0x5A0A, 0x5A09, 0x5A09, 0x5A0A, 0x5A0A, 0x622A,
    0x622A, 0x622A, 0x624B, 0x6A4B, 0x6A4B, 0x6A4B, 0x6A4B, 0x6A4B, 0x6A4B, 0x622A, 0x6A2B, 0x6A2B,
    0x6A4B, 0x6A4B, 0x6A6B, 0x6A6B, 0x6A6B, 0x6A6B, 0x6A6B, 0x6A4B, 0x4167, 0x4167, 0x4167, 0x4167,
    0x4167, 0x4167, 0x4167, 0x4167, 0x4167, 0x4167, 0x4167, 0x4167, 0x4187, 0x4187, 0x4187, 0x4187,
    0x4187, 0x4167, 0x4167, 0x4167, 0x4167, 0x4167, 0x4167, 0x4167, 0x4187, 0x4187, 0x4187, 0x4187,
    0x4187, 0x4187, 0x4167, 0x3967, 0x3967, 0x3946, 0x3946, 0x3946, 0x3946, 0x3946, 0x3946, 0x3946,
    0x3946, 0x3946, 0x3946, 0x3946, 0x3946, 0x3946, 0x3946, 0x3946, 0x3946, 0x3966, 0x3966, 0x3946,
    0x3946, 0x3946, 0x3946, 0x3946, 0x4167, 0x4167, 0x4988, 0x51A8, 0x51C9, 0x51C9, 0x51C9, 0x59E9,
    0x5A0A, 0x622A, 0x6A4B, 0x6A6B, 0x6A6B, 0x1041, 0x0000, 0x0000, 0x0000, 0x0000, 0x0000, 0x0000,
    0x0000, 0x0000, 0x0000, 0x0000, 0x0000, 0x0000, 0x0000, 0x0000, 0x0000, 0x0000, 0x0000, 0x0000,
    0x0000, 0x0000, 0x0000, 0x0000, 0x0000, 0x0000, 0x0000, 0x0000, 0x0000, 0x0000, 0x0000, 0x0000,
    0x0000, 0x0000, 0x0000, 0x0000, 0x0000, 0x0000, 0x0000, 0x0000, 0x0000, 0x0000, 0x0000, 0x0000,
    0x0000, 0x0000, 0x0000, 0x0000, 0x0000, 0x0000, 0x0000, 0x0000, 0x0000, 0x0000, 0x0000, 0x0000,
    0x0000, 0x0000, 0x0000, 0x0000, 0x0000, 0x0000, 0x0000, 0x0000, 0x0000, 0x0000, 0x0000, 0x0000,
    0x0000, 0x0000, 0x0000, 0x0000, 0x0000, 0x0000, 0x0000, 0x0000, 0x0000, 0x0000, 0x0000, 0x0000,
    0x0000, 0x0000, 0x0000, 0x0000, 0x0000, 0x0000, 0x0000, 0x0000, 0x0000, 0x0000, 0x0000, 0x0000,
    0x0000, 0x0000, 0x0000, 0x0000, 0x0000, 0x0000, 0x0000, 0x0000, 0x0000, 0x0000, 0x0000, 0x0000,
    0x0000, 0x0000, 0x0000, 0x0000, 0x0000, 0x0000, 0x0000, 0x0000, 0x0000, 0x0000, 0x0000, 0x0000,
    0x0000, 0x0000, 0x0000, 0x0000, 0x0000, 0x0000, 0x0000, 0x0000, 0x0000, 0x0000, 0x0000, 0x0000,
    0x0000, 0x0000, 0x0000, 0x0000, 0x0000, 0x0000, 0x0000, 0x0000, 0x0000, 0x0000, 0x0000, 0x0000,
    0x0000, 0x0000, 0x0000, 0x0000, 0x0000, 0x0000, 0x0000, 0x0000, 0x0000, 0x0000, 0x0000, 0x0000,
    0x0000, 0x0000, 0x0000, 0x0000, 0x0000, 0x0000, 0x0000, 0x0000, 0x0000, 0x0000, 0x0000, 0x0000,
    0x0000, 0x0000, 0x0000, 0x0000, 0x0000, 0x0000, 0x0000, 0x0000, 0x0000, 0x0000, 0x0000, 0x0000,
    0x0000, 0x0000, 0x0000, 0x0000, 0x0000, 0x0000, 0x0000, 0x0000, 0x0000, 0x0000, 0x0000, 0x0000,
    0x0000, 0x0000, 0x0000, 0x0000, 0x0000, 0x0000, 0x0000, 0x0000, 0x0000, 0x0000, 0x0000, 0x0000,
    0x0000, 0x0000, 0x0000, 0x0000, 0x0000, 0x0000, 0x0000, 0x0000, 0x0000, 0x0000, 0x0000, 0x0000,
    0x0000, 0x0000, 0x0000, 0x0000, 0x0000, 0x0000, 0x0000, 0x0000, 0x0000, 0x0000, 0x0000, 0x0000,
    0x0000, 0x0000, 0x0000, 0x0000, 0x0000, 0x0000, 0x0000, 0x0000, 0x0000, 0x0000, 0x0000, 0x0000,
    0x0000, 0x0000, 0x0000, 0x0000, 0x0000, 0x0000, 0x0000, 0x0000, 0x0000, 0x0000, 0x0000, 0x0000,
    0x0000, 0x0000, 0x0000, 0x0000, 0x0000, 0x0000, 0x0000, 0x0000, 0x0000, 0x0000, 0x0000, 0x0000,
    0x0000, 0x0000, 0x39E7, 0x51C9, 0x51C9, 0x51E9, 0x51E9, 0x51C9, 0x51C8, 0x49A8, 0x49A8, 0x49A8,
    0x49A8, 0x49A8, 0x49C8, 0x49A8, 0x49A8, 0x49C8, 0x49C8, 0x51C9, 0x51E9, 0x49C8, 0x49A8, 0x49A8,
    0x51C8, 0x51C9, 0x51C9, 0x51C8, 0x51C9, 0x51C9, 0x59E9, 0x59E9, 0x59E9, 0x59E9, 0x59E9, 0x59E9,
    0x5A09, 0x5A09, 0x5A09, 0x5A0A, 0x5A09, 0x51C9, 0x49A8, 0x49A8, 0x49C8, 0x51C9, 0x51E9, 0x5209,
    0x51E9, 0x51E9, 0x5209, 0x5A09, 0x5A0A, 0x5A0A, 0x622A, 0x620A, 0x5A0A, 0x5A0A, 0x620A, 0x620A,
    0x620A, 0x620A, 0x622A, 0x622A, 0x622A, 0x622A, 0x6A4A, 0x6A4B, 0x6A4B, 0x6A4B, 0x622A, 0x5A0A,
    0x4167, 0x4167, 0x4167, 0x4167, 0x4167, 0x4167, 0x4167, 0x4167, 0x4167, 0x4167, 0x4167, 0x4167,
    0x4167, 0x4187, 0x4187, 0x4187, 0x4187, 0x4187, 0x4187, 0x4187, 0x4167, 0x4167, 0x4167, 0x4167,
    0x49A8, 0x49A8, 0x49A8, 0x49A8, 0x49A8, 0x4988, 0x4187, 0x4167, 0x4167, 0x4167, 0x3967, 0x3946,
    0x3946, 0x3946, 0x3946, 0x4167, 0x3946, 0x3946, 0x4167, 0x4167, 0x4167, 0x4167, 0x3946, 0x3946,
    0x3946, 0x3946, 0x3946, 0x3946, 0x3946, 0x3946, 0x3946, 0x4147, 0x4167, 0x4987, 0x49A8, 0x51C8,
    0x51C9, 0x51C9, 0x59E9, 0x59E9, 0x59E9, 0x620A, 0x6A4B, 0x6A4B, 0x6A4B, 0x1041, 0x0000, 0x0000,
    0x0000, 0x0000, 0x0000, 0x0000, 0x0000, 0x0000, 0x0000, 0x0020, 0x0000, 0x0000, 0x0000, 0x0000,
    0x0000, 0x0000, 0x0000, 0x0000, 0x0000, 0x0000, 0x0000, 0x0000, 0x0000, 0x0000, 0x0000, 0x0000,
    0x0000, 0x0000, 0x0000, 0x0000, 0x0000, 0x0000, 0x0000, 0x0000, 0x0000, 0x0000, 0x0000, 0x0000,
    0x0000, 0x0000, 0x0000, 0x0000, 0x0000, 0x0000, 0x0000, 0x0000, 0x0000, 0x0000, 0x0000, 0x0000,
    0x0000, 0x0000, 0x0000, 0x0000, 0x0000, 0x0000, 0x0000, 0x0000, 0x0000, 0x0000, 0x0000, 0x0000,
    0x0000, 0x0000, 0x0000, 0x0000, 0x0000, 0x0000, 0x0000, 0x0000, 0x0000, 0x0000, 0x0000, 0x0000,
    0x0000, 0x0000, 0x0000, 0x0000, 0x0000, 0x0000, 0x0000, 0x0000, 0x0000, 0x0000, 0x0000, 0x0000,
    0x0000, 0x0000, 0x0000, 0x0000, 0x0000, 0x0000, 0x0000, 0x0000, 0x0000, 0x0000, 0x0000, 0x0000,
    0x0000, 0x0000, 0x0000, 0x0000, 0x0000, 0x0000, 0x0000, 0x0000, 0x0000, 0x0000, 0x0000, 0x0000,
    0x0000, 0x0000, 0x0000, 0x0000, 0x0000, 0x0000, 0x0000, 0x0000, 0x0000, 0x0000, 0x0000, 0x0000,
    0x0000, 0x0000, 0x0000, 0x0000, 0x0000, 0x0000, 0x0000, 0x0000, 0x0000, 0x0000, 0x0000, 0x0000,
    0x0000, 0x0000, 0x0000, 0x0000, 0x0000, 0x0000, 0x0000, 0x0000, 0x0000, 0x0000, 0x0000, 0x0000,
    0x0000, 0x0000, 0x0000, 0x0000, 0x0000, 0x0000, 0x0000, 0x0000, 0x0000, 0x0000, 0x0000, 0x0000,
    0x0000, 0x0000, 0x0000, 0x0000, 0x0000, 0x0000, 0x0000, 0x0000, 0x0000, 0x0000, 0x0000, 0x0000,
    0x0000, 0x0000, 0x0000, 0x0000, 0x0000, 0x0000, 0x0000, 0x0000, 0x0000, 0x0000, 0x0000, 0x0000,
    0x0000, 0x0000, 0x0000, 0x0000, 0x0000, 0x0000, 0x0000, 0x0000, 0x0000, 0x0000, 0x0000, 0x0000,
    0x0000, 0x0000, 0x0000, 0x0000, 0x0000, 0x0000, 0x0000, 0x0000, 0x0000, 0x0000, 0x0000, 0x0000,
    0x0000, 0x0000, 0x0000, 0x0000, 0x0000, 0x0000, 0x0000, 0x0000, 0x0000, 0x0000, 0x0000, 0x0000,
    0x0000, 0x0000, 0x0000, 0x0000, 0x0000, 0x0000, 0x0000, 0x0000, 0x0000, 0x0000, 0x0000, 0x0000,
    0x0000, 0x0000, 0x0000, 0x0000, 0x0000, 0x0000, 0x0000, 0x0000, 0x0000, 0x0000, 0x0000, 0x0000,
    0x0000, 0x0000, 0x0000, 0x0000, 0x0000, 0x0000, 0x0000, 0x0000, 0x0000, 0x0000, 0x0000, 0x0000,
    0x0000, 0x0000, 0x0000, 0x0000, 0x0000, 0x0000, 0x4228, 0x51C8, 0x51C8, 0x51E9, 0x51E9, 0x51C9,
    0x51C8, 0x51C8, 0x49C8, 0x49A8, 0x51C8, 0x51E9, 0x51E9, 0x51C9, 0x51C8, 0x51E9, 0x51E9, 0x51E9,
    0x51E9, 0x51C8, 0x49C8, 0x49A8, 0x51C8, 0x51C9, 0x51C9, 0x51C9, 0x51C9, 0x59E9, 0x59E9, 0x59E9,
    0x59E9, 0x59E9, 0x59E9, 0x51E9, 0x51E9, 0x51E9, 0x51E9, 0x51C9, 0x51C8, 0x49A8, 0x4167, 0x4187,
    0x49A8, 0x49C8, 0x51E9, 0x51E9, 0x51E9, 0x51E9, 0x51E9, 0x51E9, 0x51E9, 0x59E9, 0x59E9, 0x59E9,
    0x51C9, 0x51C9, 0x59E9, 0x5A09, 0x5A09, 0x620A, 0x622A, 0x622A, 0x620A, 0x620A, 0x622A, 0x622A,
    0x622A, 0x622A, 0x5A0A, 0x59C9, 0x4167, 0x4167, 0x4167, 0x4167, 0x4167, 0x4167, 0x4167, 0x4167,
    0x4167, 0x4167, 0x4167, 0x4167, 0x4167, 0x4167, 0x4187, 0x4187, 0x4187, 0x4187, 0x4187, 0x4187,
    0x4187, 0x4187, 0x4167, 0x4167, 0x4187, 0x4187, 0x49A8, 0x49A8, 0x49A8, 0x4988, 0x4987, 0x4187,
    0x4187, 0x4187, 0x4187, 0x4167, 0x4167, 0x3946, 0x3946, 0x4167, 0x3946, 0x4167, 0x4167, 0x4167,
    0x4167, 0x4167, 0x3946, 0x3946, 0x3946, 0x3946, 0x3946, 0x3946, 0x3946, 0x3967, 0x4167, 0x4187,
    0x49A8, 0x51C8, 0x51C8, 0x51C9, 0x51C9, 0x59E9, 0x5A0A, 0x5A0A, 0x620A, 0x620A, 0x622A, 0x6A2B,
    0x6A4B, 0x1061, 0x0000, 0x0020, 0x0000, 0x0000, 0x0000, 0x0000, 0x0000, 0x0000, 0x0000, 0x0000,
    0x0000, 0x0000, 0x0000, 0x0000, 0x0000, 0x0000, 0x0000, 0x0000, 0x0000, 0x0000, 0x0000, 0x0000,
    0x0000, 0x0000, 0x0000, 0x0000, 0x0000, 0x0000, 0x0000, 0x0000, 0x0000, 0x0000, 0x0000, 0x0000,
    0x0000, 0x0000, 0x0000, 0x0000, 0x0000, 0x0000, 0x0000, 0x0000, 0x0000, 0x0000, 0x0000, 0x0000,
    0x0000, 0x0000, 0x0000, 0x0000, 0x0000, 0x0000, 0x0000, 0x0000, 0x0000, 0x0000, 0x0000, 0x0000,
    0x0000, 0x0000, 0x0000, 0x0000, 0x0000, 0x0000, 0x0000, 0x0000, 0x0000, 0x0000, 0x0000, 0x0000,
    0x0000, 0x0000, 0x0000, 0x0000, 0x0000, 0x0000, 0x0000, 0x0000, 0x0000, 0x0000, 0x0000, 0x0000,
    0x0000, 0x0000, 0x0000, 0x0000, 0x0000, 0x0000, 0x0000, 0x0000, 0x0000, 0x0000, 0x0000, 0x0000,
    0x0000, 0x0000, 0x0000, 0x0000, 0x0000, 0x0000, 0x0000, 0x0000, 0x0000, 0x0000, 0x0000, 0x0000,
    0x0000, 0x0000, 0x0000, 0x0000, 0x0000, 0x0000, 0x0000, 0x0000, 0x0000, 0x0000, 0x0000, 0x0000,
    0x0000, 0x0000, 0x0000, 0x0000, 0x0000, 0x0000, 0x0000, 0x0000, 0x0000, 0x0000, 0x0000, 0x0000,
    0x0000, 0x0000, 0x0000, 0x0000, 0x0000, 0x0000, 0x0000, 0x0000, 0x0000, 0x0000, 0x0000, 0x0000,
    0x0000, 0x0000, 0x0000, 0x0000, 0x0000, 0x0000, 0x0000, 0x0000, 0x0000, 0x0000, 0x0000, 0x0000,
    0x0000, 0x0000, 0x0000, 0x0000, 0x0000, 0x0000, 0x0000, 0x0000, 0x0000, 0x0000, 0x0000, 0x0000,
    0x0000, 0x0000, 0x0000, 0x0000, 0x0000, 0x0000, 0x0000, 0x0000, 0x0000, 0x0000, 0x0000, 0x0000,
    0x0000, 0x0000, 0x0000, 0x0000, 0x0000, 0x0000, 0x0000, 0x0000, 0x0000, 0x0000, 0x0000, 0x0000,
    0x0000, 0x0000, 0x0000, 0x0000, 0x0000, 0x0000, 0x0000, 0x0000, 0x0000, 0x0000, 0x0000, 0x0000,
    0x0000, 0x0000, 0x0000, 0x0000, 0x0000, 0x0000, 0x0000, 0x0000, 0x0000, 0x0000, 0x0000, 0x0000,
    0x0000, 0x0000, 0x0000, 0x0000, 0x0000, 0x0000, 0x0000, 0x0000, 0x0000, 0x0000, 0x0000, 0x0000,
    0x0000, 0x0000, 0x0000, 0x0000, 0x0000, 0x0000, 0x0000, 0x0000, 0x0000, 0x0000, 0x0000, 0x0000,
    0x0000, 0x0000, 0x0000, 0x0000, 0x0000, 0x0000, 0x0000, 0x0000, 0x0000, 0x0000, 0x0000, 0x0000,
    0x0000, 0x0000, 0x0000, 0x0000, 0x0000, 0x0000, 0x0000, 0x0020, 0x0000, 0x0020, 0x4A69, 0x51C8,
    0x49C8, 0x51C8, 0x51C8, 0x51C8, 0x49C8, 0x51C8, 0x51C9, 0x51C8, 0x51C9, 0x59E9, 0x51E9, 0x51C9,
    0x51C8, 0x51C9, 0x51C9, 0x51C8, 0x51C8, 0x51C8, 0x49C8, 0x49A8, 0x51C8, 0x51C9, 0x51C9, 0x51C8,
    0x51C8, 0x51C9, 0x51C9, 0x51C9, 0x51C9, 0x51C9, 0x51C9, 0x51C9, 0x51C8, 0x49A8, 0x49A8, 0x49A8,
    0x49A8, 0x49A8, 0x49A8, 0x49C8, 0x51E9, 0x51E9, 0x51E9, 0x59E9, 0x5A09, 0x5A09, 0x5A09, 0x51E9,
    0x51C9, 0x51C8, 0x51C9, 0x51A8, 0x49A8, 0x4988, 0x51A8, 0x51E9, 0x59E9, 0x59E9, 0x5A0A, 0x5A0A,
    0x5A0A, 0x5A0A, 0x59EA, 0x5A09, 0x5A0A, 0x5A0A, 0x59E9, 0x59C9, 0x4167, 0x4167, 0x4167, 0x4167,
    0x4167, 0x4167, 0x4167, 0x4167, 0x4167, 0x4167, 0x4167, 0x4167, 0x4167, 0x4167, 0x4187, 0x4187,
    0x4187, 0x4187, 0x4187, 0x4187, 0x4187, 0x4187, 0x4167, 0x4167, 0x4167, 0x3946, 0x4187, 0x49A8,
    0x49A8, 0x4988, 0x49A8, 0x49A8, 0x49A8, 0x49A8, 0x49A8, 0x49A8, 0x4988, 0x4167, 0x3946, 0x4167,
    0x4146, 0x4167, 0x4166, 0x4166, 0x4166, 0x4166, 0x3946, 0x3946, 0x3946, 0x3946, 0x3946, 0x3966,
    0x3966, 0x4167, 0x4187, 0x49A8, 0x51C8, 0x51E9, 0x51E9, 0x51E9, 0x51E9, 0x5A0A, 0x5A0A, 0x622A,
    0x620A, 0x620A, 0x620A, 0x622A, 0x6A2B, 0x3986, 0x528A, 0x528A, 0x5269, 0x5269, 0x4A69, 0x4A69,
    0x4A49, 0x4A49, 0x4A49, 0x4A49, 0x4A49, 0x4A49, 0x4A49, 0x4A49, 0x4A49, 0x4A49, 0x4A49, 0x4A49,
    0x4A49, 0x4A49, 0x4A49, 0x4A69, 0x4A69, 0x4A69, 0x4A49, 0x4A49, 0x4A49, 0x4A49, 0x4A49, 0x4A49,
    0x4A49, 0x4A49, 0x4A28, 0x4A28, 0x4248, 0x4A49, 0x4248, 0x4228, 0x4228, 0x4228, 0x4228, 0x4248,
    0x4A48, 0x4A49, 0x4A48, 0x4228, 0x4228, 0x4228, 0x4228, 0x4228, 0x4228, 0x4228, 0x4228, 0x4248,
    0x4228, 0x4228, 0x4228, 0x4228, 0x4228, 0x4228, 0x4228, 0x4228, 0x4228, 0x4228, 0x4228, 0x4248,
    0x4228, 0x4228, 0x4228, 0x4228, 0x4228, 0x4228, 0x4228, 0x4228, 0x4228, 0x4228, 0x4228, 0x4228,
    0x4228, 0x4228, 0x4228, 0x4228, 0x4228, 0x4228, 0x4228, 0x4228, 0x4228, 0x4228, 0x4228, 0x4228,
    0x4228, 0x4228, 0x4228, 0x4228, 0x4228, 0x4228, 0x4228, 0x4248, 0x4A49, 0x4A49, 0x4A49, 0x4A48,
    0x4A28, 0x4228, 0x4228, 0x4228, 0x4A48, 0x4A49, 0x4A49, 0x4A49, 0x4A49, 0x4A48, 0x4A48, 0x4A48,
    0x4A49, 0x4A49, 0x4A49, 0x4A48, 0x4228, 0x4228, 0x4228, 0x4228, 0x4228, 0x4228, 0x4228, 0x4228,
    0x4A48, 0x4A48, 0x4A49, 0x4A49, 0x4A69, 0x4A69, 0x4A49, 0x4A49, 0x4A49, 0x4A49, 0x4A49, 0x4A49,
    0x4A48, 0x4A49, 0x4248, 0x4228, 0x4A48, 0x4A48, 0x4A28, 0x4228, 0x4228, 0x4228, 0x4228, 0x4208,
    0x4228, 0x4228, 0x4A48, 0x4A69, 0x5269, 0x5269, 0x5289, 0x5269, 0x4A69, 0x4A69, 0x4A49, 0x4A49,
    0x4A49, 0x4A49, 0x4A48, 0x4A48, 0x4A48, 0x4A49, 0x4A49, 0x4A49, 0x4A48, 0x4A48, 0x4A48, 0x4A49,
    0x4A49, 0x4A69, 0x4A49, 0x4A49, 0x4A49, 0x4A49, 0x4A49, 0x4A49, 0x4A48, 0x4A49, 0x4A49, 0x4A49,
    0x4A48, 0x4A49, 0x4A49, 0x4A49, 0x4A49, 0x4A48, 0x4A48, 0x4228, 0x4228, 0x4228, 0x4228, 0x4228,
    0x4228, 0x4A28, 0x4A49, 0x4A48, 0x4A48, 0x4248, 0x4228, 0x4228, 0x4A28, 0x4A48, 0x4A28, 0x4A28,
    0x4A49, 0x4A49, 0x4A69, 0x4A69, 0x4A49, 0x4A69, 0x4A69, 0x4A69, 0x4A49, 0x4A49, 0x4A49, 0x4A49,
    0x4A49, 0x4A49, 0x4A48, 0x4A28, 0x4A48, 0x4A49, 0x4A49, 0x4A49, 0x4A49, 0x4A69, 0x4A69, 0x4A49,
    0x4A49, 0x4A48, 0x4A48, 0x4228, 0x4A28, 0x4A48, 0x4A49, 0x4A28, 0x4A28, 0x4A28, 0x4A49, 0x4A49,
    0x4248, 0x4A48, 0x4A28, 0x4228, 0x4228, 0x4228, 0x4A28, 0x4A48, 0x4A48, 0x4A48, 0x4A48, 0x4A48,
    0x4228, 0x4228, 0x51C9, 0x51C8, 0x49C8, 0x49C8, 0x49C8, 0x49A8, 0x49A8, 0x49A8, 0x51E9, 0x51E9,
    0x51E9, 0x59E9, 0x59C9, 0x51C9, 0x51C8, 0x51C9, 0x51A9, 0x49A8, 0x49A8, 0x49A8, 0x49C8, 0x49A8,
    0x51A8, 0x49A8, 0x51C8, 0x51C8, 0x49A8, 0x51C8, 0x51A8, 0x51A8, 0x51C8, 0x51C8, 0x51A8, 0x49A8,
    0x49A8, 0x49A8, 0x4988, 0x49A8, 0x49A8, 0x49A8, 0x51C9, 0x59E9, 0x59E9, 0x59E9, 0x5A0A, 0x5A0A,
    0x5A0A, 0x5A09, 0x59E9, 0x51C9, 0x49A8, 0x4988, 0x4988, 0x4988, 0x4988, 0x4987, 0x4988, 0x51C8,
    0x51C9, 0x59C9, 0x59E9, 0x59E9, 0x59E9, 0x59E9, 0x51C9, 0x51C9, 0x51E9, 0x51E9, 0x51C9, 0x59E9,
    0x4167, 0x4167, 0x4167, 0x4167, 0x4167, 0x4167, 0x4167, 0x4167, 0x4167, 0x4167, 0x4167, 0x4167,
    0x4167, 0x4167, 0x3967, 0x4167, 0x4187, 0x4187, 0x4187, 0x4187, 0x4187, 0x3987, 0x3967, 0x3967,
    0x4167, 0x3967, 0x4167, 0x4187, 0x4187, 0x4187, 0x4988, 0x49A8, 0x49A8, 0x49A8, 0x49A8, 0x4988,
    0x4988, 0x4187, 0x4167, 0x4167, 0x4167, 0x4167, 0x3966, 0x3946, 0x3946, 0x3946, 0x3946, 0x3946,
    0x3946, 0x3946, 0x3946, 0x3966, 0x3967, 0x4187, 0x4187, 0x49A8, 0x49C8, 0x51E9, 0x51E9, 0x51E9,
    0x51E9, 0x51E9, 0x51E9, 0x59E9, 0x59E9, 0x59E9, 0x59E9, 0x620A, 0x620A, 0x6A4B, 0x6A4B, 0x6A6B,
    0x6A6B, 0x6A6B, 0x6A6B, 0x6A6B, 0x6A4B, 0x6A4B, 0x6A4B, 0x622A, 0x622A, 0x620A, 0x5A0A, 0x51C9,
    0x51A8, 0x49A8, 0x4987, 0x4167, 0x4146, 0x4167, 0x3967, 0x3966, 0x3946, 0x3946, 0x3946, 0x3946,
    0x4167, 0x4167, 0x3947, 0x4167, 0x4166, 0x4166, 0x3966, 0x3967, 0x3967, 0x3967, 0x3967, 0x3966,
    0x3966, 0x3967, 0x3967, 0x3967, 0x3947, 0x3967, 0x3946, 0x3946, 0x3946, 0x3946, 0x3946, 0x3946,
    0x3946, 0x3946, 0x3946, 0x3946, 0x3946, 0x3926, 0x3126, 0x3126, 0x3126, 0x3126, 0x3126, 0x3126,
    0x3126, 0x3126, 0x3126, 0x3126, 0x3126, 0x3926, 0x3926, 0x3926, 0x3926, 0x3126, 0x3126, 0x3126,
    0x3926, 0x3926, 0x3926, 0x3926, 0x3926, 0x3926, 0x3126, 0x3126, 0x3126, 0x3946, 0x4167, 0x49A8,
    0x51C8, 0x51E9, 0x5209, 0x51E9, 0x51E9, 0x49C8, 0x4187, 0x4167, 0x3946, 0x3946, 0x3946, 0x3146,
    0x3146, 0x3126, 0x3126, 0x3126, 0x3126, 0x3126, 0x3126, 0x3926, 0x3926, 0x3926, 0x3126, 0x3126,
    0x3126, 0x3126, 0x3126, 0x3126, 0x3126, 0x3126, 0x3946, 0x4167, 0x4187, 0x4167, 0x3946, 0x3946,
    0x3146, 0x3126, 0x3126, 0x3126, 0x3126, 0x3126, 0x3126, 0x3126, 0x3126, 0x3126, 0x3126, 0x3126,
    0x3126, 0x3126, 0x3126, 0x3126, 0x3126, 0x3126, 0x3126, 0x3126, 0x3126, 0x3126, 0x3126, 0x3126,
    0x3126, 0x3126, 0x3126, 0x3126, 0x3126, 0x3126, 0x3126, 0x3126, 0x3126, 0x3126, 0x3126, 0x3126,
    0x3126, 0x3126, 0x3126, 0x3126, 0x3126, 0x3126, 0x3126, 0x3126, 0x3126, 0x3126, 0x3126, 0x3126,
    0x3126, 0x3926, 0x3126, 0x3126, 0x3126, 0x3126, 0x3126, 0x3126, 0x3126, 0x3126, 0x3946, 0x3946,
    0x3946, 0x3946, 0x3946, 0x3946, 0x3946, 0x3946, 0x3946, 0x3946, 0x3946, 0x3946, 0x3946, 0x3967,
    0x3967, 0x3967, 0x3946, 0x3946, 0x3946, 0x3967, 0x3967, 0x3946, 0x3967, 0x3946, 0x3946, 0x3967,
    0x3946, 0x3946, 0x3946, 0x3946, 0x3946, 0x3946, 0x3946, 0x3946, 0x3946, 0x3947, 0x4147, 0x4147,
    0x3946, 0x3946, 0x3946, 0x4167, 0x4167, 0x4187, 0x51C9, 0x51E9, 0x5A0A, 0x620A, 0x622A, 0x622A,
    0x622B, 0x624B, 0x624B, 0x624B, 0x6A2B, 0x6A2B, 0x6A2B, 0x622A, 0x622A, 0x622A, 0x6A2B, 0x6A2B,
    0x6A2A, 0x6A2A, 0x622A, 0x622A, 0x622A, 0x622A, 0x622A, 0x622A, 0x6A2A, 0x6A2A, 0x622A, 0x622A,
    0x620A, 0x59E9, 0x51E9, 0x51C8, 0x51A8, 0x49A8, 0x4988, 0x4988, 0x49A8, 0x49A8, 0x49A8, 0x4187,
    0x4167, 0x4987, 0x49C8, 0x49C8, 0x51C9, 0x59E9, 0x59E9, 0x51C9, 0x51C9, 0x51C9, 0x51C9, 0x49A8,
    0x49A8, 0x49C8, 0x49A8, 0x49A8, 0x49A8, 0x49A8, 0x49A8, 0x49A8, 0x49A8, 0x49A8, 0x49A8, 0x49A8,
    0x49A8, 0x49A8, 0x49A8, 0x4988, 0x4987, 0x49A8, 0x49A8, 0x49A8, 0x51C8, 0x51E9, 0x59E9, 0x5A09,
    0x59E9, 0x59E9, 0x59E9, 0x5A0A, 0x59E9, 0x51E9, 0x51C8, 0x49A8, 0x49A8, 0x4187, 0x4167, 0x4187,
    0x4187, 0x4187, 0x4187, 0x49A8, 0x49C8, 0x51C8, 0x51C9, 0x51C9, 0x51C9, 0x51C9, 0x51C8, 0x51C9,
    0x51C8, 0x49A8, 0x49A8, 0x51A8, 0x4167, 0x4167, 0x4167, 0x4167, 0x4167, 0x4167, 0x4167, 0x4167,
    0x4167, 0x4167, 0x4167, 0x3967, 0x3967, 0x3967, 0x3967, 0x4167, 0x4167, 0x4167, 0x4167, 0x4187,
    0x4187, 0x3967, 0x3967, 0x3967, 0x4167, 0x4167, 0x4146, 0x4167, 0x4187, 0x4167, 0x4187, 0x4988,
    0x4988, 0x4988, 0x4988, 0x4988, 0x4988, 0x4988, 0x4187, 0x4167, 0x4167, 0x3967, 0x3967, 0x3946,
    0x3946, 0x3946, 0x3946, 0x3946, 0x3946, 0x3946, 0x3946, 0x3946, 0x3947, 0x4187, 0x41A8, 0x49A8,
    0x49A8, 0x51C9, 0x51C8, 0x49C8, 0x49A8, 0x49A8, 0x49A8, 0x49A8, 0x49A8, 0x49A8, 0x51C8, 0x51E9,
    0x59E9, 0x622A, 0x6A4B, 0x6A6B, 0x6A6B, 0x6A6B, 0x6A6B, 0x726C, 0x6A6B, 0x6A4B, 0x6A4B, 0x6A4B,
    0x6A2B, 0x622A, 0x5A0A, 0x59E9, 0x51C9, 0x51C8, 0x49A8, 0x49A8, 0x4987, 0x4187, 0x4167, 0x4167,
    0x3967, 0x3946, 0x3946, 0x3946, 0x4146, 0x4147, 0x3946, 0x3966, 0x4166, 0x4166, 0x3966, 0x3966,
    0x3966, 0x3966, 0x3966, 0x3966, 0x3966, 0x3967, 0x3967, 0x3966, 0x3967, 0x3967, 0x3967, 0x3967,
    0x4167, 0x4146, 0x3946, 0x3947, 0x3946, 0x3946, 0x3947, 0x3947, 0x3947, 0x3946, 0x3126, 0x3126,
    0x3126, 0x3126, 0x3126, 0x3926, 0x3126, 0x3126, 0x3126, 0x3126, 0x3126, 0x3926, 0x3926, 0x3926,
    0x3926, 0x3926, 0x3926, 0x3126, 0x3926, 0x3926, 0x3926, 0x3926, 0x3926, 0x3926, 0x3126, 0x3126,
    0x3126, 0x3946, 0x4187, 0x49A8, 0x51C9, 0x5A09, 0x5A09, 0x59E9, 0x51E9, 0x51C9, 0x49A8, 0x4187,
    0x3946, 0x3926, 0x3926, 0x3146, 0x3146, 0x3126, 0x3126, 0x3126, 0x3126, 0x3126, 0x3126, 0x3926,
    0x3926, 0x3926, 0x3126, 0x3126, 0x3926, 0x3126, 0x3126, 0x3126, 0x3126, 0x3126, 0x3126, 0x3946,
    0x4167, 0x3967, 0x3926, 0x3126, 0x3146, 0x3126, 0x3126, 0x3126, 0x3126, 0x3126, 0x3126, 0x3126,
    0x3126, 0x3126, 0x3126, 0x3126, 0x3126, 0x3126, 0x3926, 0x3926, 0x3926, 0x3126, 0x3926, 0x3926,
    0x3126, 0x3126, 0x3126, 0x3126, 0x3126, 0x3126, 0x3126, 0x3926, 0x3926, 0x3926, 0x3926, 0x3926,
    0x3926, 0x3926, 0x3926, 0x3926, 0x3126, 0x3926, 0x3926, 0x3126, 0x3926, 0x3926, 0x3926, 0x3926,
    0x3926, 0x3926, 0x3926, 0x3926, 0x3926, 0x3926, 0x3926, 0x3926, 0x3126, 0x3126, 0x3126, 0x3146,
    0x3126, 0x3126, 0x3946, 0x3946, 0x3946, 0x3946, 0x3946, 0x3946, 0x3947, 0x3947, 0x3967, 0x3967,
    0x3967, 0x3947, 0x3946, 0x3967, 0x3967, 0x3967, 0x3946, 0x3946, 0x3946, 0x3946, 0x3946, 0x3946,
    0x3967, 0x3946, 0x3946, 0x3967, 0x3946, 0x3946, 0x3946, 0x3946, 0x3946, 0x3946, 0x3946, 0x3946,
    0x3946, 0x3947, 0x4147, 0x3946, 0x3946, 0x3946, 0x3946, 0x4167, 0x4187, 0x49A8, 0x51E9, 0x5A09,
    0x5A2A, 0x622A, 0x620A, 0x622A, 0x622B, 0x624B, 0x624B, 0x624B, 0x6A2A, 0x622A, 0x622A, 0x622A,
    0x622A, 0x622A, 0x622B, 0x622A, 0x622A, 0x620A, 0x620A, 0x620A, 0x620A, 0x620A, 0x620A, 0x620A,
    0x620A, 0x622A, 0x622A, 0x622A, 0x5A09, 0x51C9, 0x51C8, 0x49C8, 0x4988, 0x4167, 0x4167, 0x4167,
    0x4167, 0x4167, 0x4167, 0x4167, 0x4167, 0x4187, 0x49A7, 0x49A8, 0x51C8, 0x51C9, 0x51E9, 0x51C9,
    0x51C9, 0x51C9, 0x51C9, 0x51C8, 0x49C8, 0x49C8, 0x49A8, 0x49A8, 0x49A8, 0x49A8, 0x4187, 0x4187,
    0x4187, 0x4187, 0x4187, 0x4187, 0x4187, 0x4187, 0x4187, 0x4187, 0x4187, 0x49C8, 0x51C8, 0x51C8,
    0x51E9, 0x5A09, 0x5A09, 0x5A09, 0x5A09, 0x59E9, 0x59E9, 0x59E9, 0x51C9, 0x49A8, 0x4988, 0x4187,
    0x4187, 0x4167, 0x4167, 0x4187, 0x4187, 0x4187, 0x4187, 0x4187, 0x4187, 0x4987, 0x49A8, 0x49A8,
    0x49A8, 0x49A8, 0x49A8, 0x49C8, 0x49A8, 0x4987, 0x4187, 0x4187, 0x4167, 0x4167, 0x4167, 0x4167,
    0x4167, 0x4167, 0x4167, 0x4167, 0x4167, 0x4167, 0x4167, 0x4167, 0x3967, 0x3967, 0x3967, 0x4167,
    0x4167, 0x4167, 0x4167, 0x4167, 0x4167, 0x4187, 0x4167, 0x4167, 0x4167, 0x4167, 0x4167, 0x4167,
    0x4167, 0x4167, 0x4167, 0x4988, 0x4988, 0x49A8, 0x4988, 0x4988, 0x4988, 0x4988, 0x4187, 0x4187,
    0x4187, 0x4167, 0x3967, 0x3967, 0x3967, 0x3967, 0x3967, 0x3967, 0x3967, 0x4167, 0x4167, 0x4146,
    0x4146, 0x4187, 0x49A8, 0x49C8, 0x49A8, 0x49A8, 0x49C8, 0x49A8, 0x4987, 0x4187, 0x4187, 0x4187,
    0x4187, 0x4187, 0x4987, 0x49A8, 0x51C9, 0x59E9, 0x622A, 0x622A, 0x622A, 0x6A4B, 0x6A4B, 0x6A4B,
    0x6A4B, 0x6A4B, 0x6A4B, 0x6A4B, 0x6A4B, 0x622A, 0x622A, 0x5A0A, 0x59E9, 0x59E9, 0x59E9, 0x59C9,
    0x51C9, 0x51A8, 0x49A8, 0x4988, 0x4187, 0x4167, 0x4167, 0x4167, 0x4147, 0x4167, 0x4167, 0x4167,
    0x4167, 0x4167, 0x4167, 0x3966, 0x3966, 0x3966, 0x3966, 0x3966, 0x3966, 0x3966, 0x3966, 0x3966,
    0x3967, 0x3967, 0x3967, 0x4167, 0x4166, 0x4146, 0x3947, 0x4147, 0x4147, 0x3947, 0x3947, 0x3947,
    0x3947, 0x3946, 0x3946, 0x3946, 0x3926, 0x3946, 0x3946, 0x3926, 0x3926, 0x3926, 0x3926, 0x3926,
    0x3926, 0x3926, 0x3126, 0x3126, 0x3126, 0x3926, 0x3926, 0x3926, 0x3126, 0x3126, 0x3126, 0x3126,
    0x3126, 0x3126, 0x3126, 0x3126, 0x3126, 0x3946, 0x4167, 0x4988, 0x49A8, 0x51C9, 0x51C8, 0x51C8,
    0x49A8, 0x4988, 0x4187, 0x4167, 0x3946, 0x3126, 0x3126, 0x3126, 0x3126, 0x3126, 0x3126, 0x3126,
    0x3126, 0x3126, 0x3126, 0x3126, 0x3126, 0x3126, 0x3126, 0x3126, 0x3126, 0x3126, 0x3126, 0x3126,
    0x3126, 0x3126, 0x3126, 0x3946, 0x3946, 0x3946, 0x3926, 0x3126, 0x3126, 0x3146, 0x3126, 0x3126,
    0x3126, 0x3126, 0x3126, 0x3126, 0x3126, 0x3126, 0x3126, 0x3126, 0x3126, 0x3126, 0x3926, 0x3926,
    0x3926, 0x3926, 0x3926, 0x3926, 0x3926, 0x3126, 0x3126, 0x3126, 0x3126, 0x3126, 0x3126, 0x3926,
    0x3926, 0x3926, 0x3926, 0x3926, 0x3926, 0x3926, 0x3926, 0x3926, 0x3926, 0x3926, 0x3926, 0x3926,
    0x3926, 0x3926, 0x3926, 0x3946, 0x3926, 0x3926, 0x3926, 0x3926, 0x3926, 0x3126, 0x3926, 0x3946,
    0x3946, 0x3946, 0x3946, 0x3946, 0x3946, 0x3946, 0x3947, 0x3947, 0x3947, 0x3947, 0x3947, 0x3947,
    0x3947, 0x3946, 0x3947, 0x3947, 0x3947, 0x3947, 0x3947, 0x3946, 0x3946, 0x3946, 0x3946, 0x3946,
    0x3946, 0x3946, 0x3946, 0x3946, 0x3946, 0x3946, 0x3967, 0x3967, 0x4146, 0x3946, 0x3946, 0x3946,
    0x3946, 0x3946, 0x3946, 0x3946, 0x3946, 0x3946, 0x3946, 0x3946, 0x3947, 0x4167, 0x4167, 0x4187,
    0x49A8, 0x51C8, 0x51E9, 0x5A09, 0x620A, 0x622A, 0x620A, 0x622A, 0x622B, 0x622A, 0x622A, 0x622A,
    0x622A, 0x620A, 0x620A, 0x620A, 0x622A, 0x622A, 0x622A, 0x620A, 0x622A, 0x620A, 0x620A, 0x620A,
    0x620A, 0x620A, 0x620A, 0x622A, 0x620A, 0x5A0A, 0x5A0A, 0x5A0A, 0x59E9, 0x51A8, 0x49A8, 0x4187,
    0x4187, 0x4167, 0x4167, 0x4167, 0x4167, 0x3967, 0x4167, 0x4167, 0x4167, 0x4187, 0x49A8, 0x49A8,
    0x49A8, 0x51C8, 0x51C9, 0x51C8, 0x51C8, 0x51A8, 0x51A8, 0x49C8, 0x49A8, 0x49A8, 0x41A7, 0x49A7,
    0x49A7, 0x4987, 0x4187, 0x4187, 0x4167, 0x4187, 0x4187, 0x4187, 0x4167, 0x4167, 0x4187, 0x4187,
    0x49A7, 0x49A8, 0x49C8, 0x51A8, 0x51C9, 0x51E9, 0x51E9, 0x51E9, 0x51E9, 0x51C9, 0x51A8, 0x49A8,
    0x4988, 0x4187, 0x4187, 0x4187, 0x4187, 0x3967, 0x4187, 0x4187, 0x4187, 0x3987, 0x3967, 0x3967,
    0x3967, 0x4167, 0x4187, 0x4187, 0x4187, 0x4187, 0x4187, 0x49A8, 0x49A8, 0x4167, 0x4187, 0x4167,
    0x4167, 0x4167, 0x4167, 0x4167, 0x4167, 0x4167, 0x4167, 0x4167, 0x4167, 0x4167, 0x4167, 0x4167,
    0x4167, 0x4167, 0x4167, 0x4167, 0x4167, 0x4167, 0x4167, 0x4167, 0x4187, 0x4187, 0x4187, 0x4187,
    0x4167, 0x4167, 0x4167, 0x4167, 0x4167, 0x4167, 0x4167, 0x4987, 0x4987, 0x49A8, 0x4988, 0x4988,
    0x49A8, 0x49A8, 0x49A8, 0x49A8, 0x4187, 0x4187, 0x4167, 0x4187, 0x4187, 0x4187, 0x4167, 0x4167,
    0x4167, 0x4167, 0x4167, 0x4167, 0x4167, 0x4167, 0x49A8, 0x49C8, 0x49A8, 0x49A8, 0x49A8, 0x49A8,
    0x4988, 0x4187, 0x4167, 0x4167, 0x4167, 0x4167, 0x4167, 0x4187, 0x4988, 0x49A8, 0x51C8, 0x51C9,
    0x59E9, 0x5A0A, 0x620A, 0x622A, 0x622A, 0x6A2B, 0x6A4B, 0x6A4B, 0x6A4B, 0x6A2B, 0x6A2A, 0x622A,
    0x622A, 0x620A, 0x620A, 0x620A, 0x620A, 0x5A0A, 0x59E9, 0x59C9, 0x51C9, 0x49A8, 0x49A8, 0x4987,
    0x4187, 0x4187, 0x4187, 0x4187, 0x4187, 0x4187, 0x4167, 0x3966, 0x3966, 0x3946, 0x3966, 0x3966,
    0x3966, 0x3966, 0x3966, 0x3966, 0x3966, 0x3967, 0x3967, 0x3967, 0x3946, 0x3946, 0x3946, 0x4146,
    0x3946, 0x3946, 0x3946, 0x3946, 0x3946, 0x3946, 0x3966, 0x3967, 0x3946, 0x3966, 0x3967, 0x3966,
    0x4146, 0x4146, 0x3946, 0x3946, 0x3946, 0x3946, 0x3946, 0x3946, 0x3946, 0x3946, 0x3926, 0x3126,
    0x3126, 0x3126, 0x3126, 0x3126, 0x3126, 0x3126, 0x3126, 0x3126, 0x3126, 0x3126, 0x3926, 0x3926,
    0x4146, 0x4167, 0x4167, 0x4167, 0x4146, 0x3926, 0x3926, 0x3926, 0x3126, 0x3926, 0x3126, 0x3126,
    0x3126, 0x3126, 0x3126, 0x3126, 0x3126, 0x3126, 0x3126, 0x3126, 0x3126, 0x3126, 0x3126, 0x3126,
    0x3946, 0x3126, 0x3126, 0x3126, 0x3126, 0x3126, 0x3926, 0x3126, 0x3926, 0x3926, 0x3126, 0x3126,
    0x3126, 0x3126, 0x3126, 0x3126, 0x3126, 0x3126, 0x3126, 0x3126, 0x3126, 0x3126, 0x3126, 0x3126,
    0x3126, 0x3126, 0x3926, 0x3926, 0x3926, 0x3926, 0x3926, 0x3926, 0x3926, 0x3126, 0x3126, 0x3126,
    0x3126, 0x3126, 0x3126, 0x3926, 0x3926, 0x3926, 0x3926, 0x3126, 0x3126, 0x3926, 0x3926, 0x3926,
    0x3926, 0x3926, 0x3926, 0x3926, 0x3926, 0x3926, 0x3946, 0x3946, 0x3946, 0x3946, 0x3946, 0x3946,
    0x3946, 0x3946, 0x3946, 0x3946, 0x3967, 0x3967, 0x3967, 0x3946, 0x3946, 0x3946, 0x3947, 0x3947,
    0x3947, 0x3947, 0x3947, 0x3947, 0x3946, 0x3946, 0x3946, 0x3946, 0x3946, 0x3946, 0x3946, 0x3946,
    0x3946, 0x3946, 0x3946, 0x3946, 0x3946, 0x3946, 0x3946, 0x3946, 0x3946, 0x3946, 0x3967, 0x3967,
    0x4146, 0x3946, 0x3946, 0x3946, 0x3946, 0x3946, 0x3946, 0x3946, 0x3946, 0x3946, 0x3946, 0x4167,
    0x4167, 0x4987, 0x49A8, 0x49A8, 0x51C9, 0x59E9, 0x59E9, 0x59E9, 0x620A, 0x620A, 0x620A, 0x620A,
    0x622A, 0x622A, 0x622A, 0x620A, 0x620A, 0x5A0A, 0x5A09, 0x5A0A, 0x5A0A, 0x5A0A, 0x620A, 0x620A,
    0x620A, 0x620A, 0x620A, 0x620A, 0x620A, 0x620A, 0x620A, 0x622A, 0x620A, 0x59E9, 0x51E9, 0x51C9,
    0x51A8, 0x4988, 0x4187, 0x4167, 0x4187, 0x4187, 0x4167, 0x4167, 0x4167, 0x4167, 0x4167, 0x4167,
    0x4167, 0x49A8, 0x49A8, 0x49A8, 0x49A8, 0x4988, 0x49A8, 0x4988, 0x4988, 0x4988, 0x4988, 0x49A8,
    0x4188, 0x4167, 0x4167, 0x4167, 0x4167, 0x4167, 0x4187, 0x4187, 0x4167, 0x4167, 0x3987, 0x4167,
    0x3967, 0x3967, 0x3967, 0x4187, 0x4187, 0x4187, 0x4987, 0x49A8, 0x49A8, 0x49A8, 0x49A8, 0x49A8,
    0x49A8, 0x4988, 0x4167, 0x4167, 0x4167, 0x4167, 0x4167, 0x4167, 0x4187, 0x4187, 0x4187, 0x4187,
    0x4187, 0x4167, 0x4167, 0x4167, 0x4167, 0x4167, 0x4167, 0x4167, 0x4167, 0x4167, 0x4167, 0x4167,
    0x4187, 0x4167, 0x4187, 0x4187, 0x4167, 0x4167, 0x4167, 0x4167, 0x4167, 0x4167, 0x4167, 0x4167,
    0x4167, 0x4167, 0x4167, 0x4167, 0x4167, 0x4167, 0x4167, 0x4167, 0x4167, 0x4167, 0x4167, 0x4167,
    0x4167, 0x4187, 0x4187, 0x4187, 0x4167, 0x4167, 0x3967, 0x4167, 0x4167, 0x4167, 0x4187, 0x4187,
    0x4987, 0x49A8, 0x4988, 0x4988, 0x4988, 0x49A8, 0x49A8, 0x49A8, 0x4988, 0x4987, 0x4987, 0x4187,
    0x4187, 0x49A7, 0x41A7, 0x41A7, 0x4187, 0x4988, 0x49A8, 0x4988, 0x49A8, 0x49A8, 0x49A8, 0x49C8,
    0x51C8, 0x51A8, 0x49C8, 0x49A8, 0x49A8, 0x49A8, 0x4987, 0x4987, 0x4187, 0x4187, 0x4187, 0x4987,
    0x4987, 0x4988, 0x49A8, 0x51A8, 0x51C9, 0x59E9, 0x59E9, 0x5A0A, 0x620A, 0x622A, 0x622A, 0x622B,
    0x622A, 0x622A, 0x622A, 0x6A2B, 0x6A2A, 0x622A, 0x620A, 0x622A, 0x622A, 0x622A, 0x620A, 0x59E9,
    0x59E9, 0x51C9, 0x49C8, 0x49A8, 0x4987, 0x49A8, 0x49A8, 0x49A8, 0x49A8, 0x49A8, 0x4987, 0x4167,
    0x4167, 0x4167, 0x4167, 0x4167, 0x4167, 0x4167, 0x4167, 0x4167, 0x4167, 0x4167, 0x4167, 0x4167,
    0x4167, 0x3966, 0x4146, 0x4147, 0x4147, 0x3967, 0x3946, 0x3946, 0x3946, 0x3946, 0x4166, 0x3946,
    0x3946, 0x3946, 0x3946, 0x4146, 0x4146, 0x4146, 0x4146, 0x4146, 0x4146, 0x3946, 0x3946, 0x3946,
    0x3946, 0x3946, 0x3926, 0x3926, 0x3946, 0x3946, 0x3946, 0x3946, 0x3946, 0x3946, 0x3926, 0x3126,
    0x3126, 0x3126, 0x3926, 0x3926, 0x3946, 0x3946, 0x3946, 0x3946, 0x3926, 0x3926, 0x3925, 0x3126,
    0x3126, 0x3926, 0x3926, 0x3126, 0x3126, 0x3926, 0x3126, 0x3126, 0x3126, 0x3126, 0x3126, 0x3126,
    0x3126, 0x3126, 0x3926, 0x3926, 0x3926, 0x3926, 0x3146, 0x3146, 0x3146, 0x3146, 0x3946, 0x3126,
    0x3126, 0x3926, 0x3126, 0x3126, 0x3126, 0x3126, 0x3126, 0x3126, 0x3126, 0x3126, 0x3926, 0x3926,
    0x3126, 0x3126, 0x3926, 0x3126, 0x3126, 0x3926, 0x3926, 0x3926, 0x3126, 0x3126, 0x3926, 0x3926,
    0x3126, 0x3946, 0x3946, 0x3126, 0x3126, 0x3126, 0x3926, 0x3926, 0x3926, 0x3926, 0x3926, 0x3926,
    0x3926, 0x3946, 0x3946, 0x3946, 0x3946, 0x3946, 0x3946, 0x3946, 0x3946, 0x3946, 0x3946, 0x3946,
    0x3946, 0x3946, 0x3946, 0x3946, 0x3946, 0x3946, 0x3946, 0x3946, 0x3946, 0x3946, 0x3946, 0x3946,
    0x3946, 0x4146, 0x3947, 0x3947, 0x3947, 0x3947, 0x3947, 0x3947, 0x3946, 0x3946, 0x3946, 0x3946,
    0x3946, 0x3946, 0x3946, 0x3946, 0x3946, 0x3946, 0x3946, 0x3946, 0x3946, 0x3946, 0x3946, 0x3946,
    0x3946, 0x3946, 0x4146, 0x4167, 0x3946, 0x3946, 0x3946, 0x3946, 0x3946, 0x3946, 0x3946, 0x3946,
    0x3946, 0x3946, 0x3946, 0x4167, 0x4987, 0x49A8, 0x51C8, 0x51C9, 0x59E9, 0x59E9, 0x59E9, 0x59E9,
    0x5A0A, 0x620A, 0x620A, 0x620A, 0x622A, 0x620A, 0x620A, 0x5A0A, 0x5A09, 0x5A0A, 0x5A09, 0x5A0A,
    0x5A0A, 0x5A0A, 0x5A0A, 0x5A0A, 0x5A0A, 0x5A0A, 0x5A0A, 0x5A0A, 0x5A0A, 0x5A0A, 0x5A0A, 0x59E9,
    0x59E9, 0x51E9, 0x51C8, 0x51A8, 0x49A8, 0x4987, 0x4187, 0x4167, 0x4187, 0x4187, 0x4167, 0x4167,
    0x4167, 0x4167, 0x4187, 0x4167, 0x4167, 0x49A8, 0x49A8, 0x49A8, 0x49A8, 0x49A8, 0x49A8, 0x49A8,
    0x4987, 0x4187, 0x4187, 0x4187, 0x4187, 0x4167, 0x4167, 0x3967, 0x3967, 0x3967, 0x4187, 0x4187,
    0x4167, 0x3967, 0x3987, 0x3967, 0x3967, 0x3967, 0x3967, 0x4167, 0x4187, 0x4187, 0x4187, 0x4987,
    0x4187, 0x4187, 0x4187, 0x4187, 0x4187, 0x4187, 0x4167, 0x4167, 0x4167, 0x4167, 0x4167, 0x3967,
    0x4167, 0x4187, 0x4167, 0x4167, 0x4167, 0x4187, 0x4187, 0x4187, 0x4187, 0x4187, 0x4167, 0x4167,
    0x4167, 0x4167, 0x4167, 0x4167, 0x4187, 0x4167, 0x4187, 0x4187, 0x4167, 0x4167, 0x4167, 0x4167,
    0x4167, 0x4167, 0x4167, 0x4167, 0x4167, 0x4167, 0x4167, 0x4167, 0x4167, 0x4167, 0x4167, 0x4167,
    0x4167, 0x4167, 0x4167, 0x4167, 0x4167, 0x4167, 0x4167, 0x4167, 0x4167, 0x4167, 0x4167, 0x4167,
    0x4167, 0x4167, 0x4167, 0x4167, 0x4167, 0x4987, 0x49A8, 0x49A8, 0x49A8, 0x49C8, 0x51C8, 0x51C9,
    0x51C8, 0x51C8, 0x51C8, 0x51C8, 0x51C9, 0x51C9, 0x51C8, 0x51C8, 0x51C8, 0x51C8, 0x51C8, 0x51C9,
    0x51C8, 0x51E9, 0x51E9, 0x51C9, 0x51C9, 0x51E9, 0x51E9, 0x51C9, 0x51C9, 0x51C8, 0x49C8, 0x49C8,
    0x49A8, 0x49C8, 0x49C8, 0x49C8, 0x49C8, 0x49C8, 0x49A8, 0x49A8, 0x49A8, 0x49A8, 0x51C8, 0x51C9,
    0x51C8, 0x51C9, 0x51E9, 0x51E9, 0x59E9, 0x5A09, 0x5A0A, 0x622A, 0x620A, 0x620A, 0x620A, 0x622A,
    0x622A, 0x622A, 0x622A, 0x622A, 0x622A, 0x5A0A, 0x51E9, 0x51C8, 0x49A8, 0x49A8, 0x49A8, 0x51C8,
    0x51C8, 0x51C8, 0x51C8, 0x51C8, 0x49C8, 0x49C8, 0x49A8, 0x49A8, 0x49A8, 0x49A8, 0x49A8, 0x49A8,
    0x4988, 0x4987, 0x4987, 0x49A8, 0x41A7, 0x4187, 0x4146, 0x3946, 0x3946, 0x3946, 0x4146, 0x4146,
    0x3946, 0x3946, 0x3946, 0x3946, 0x3946, 0x3946, 0x3946, 0x3946, 0x3946, 0x3946, 0x4146, 0x4146,
    0x4146, 0x3946, 0x3946, 0x3946, 0x3946, 0x3946, 0x3946, 0x3946, 0x3946, 0x3946, 0x3946, 0x3946,
    0x3946, 0x3946, 0x3946, 0x3946, 0x3946, 0x3946, 0x3946, 0x3946, 0x3946, 0x3946, 0x3946, 0x3946,
    0x3946, 0x3926, 0x3926, 0x3946, 0x3946, 0x3946, 0x3946, 0x3126, 0x3126, 0x3126, 0x3126, 0x3105,
    0x3126, 0x3126, 0x3126, 0x3126, 0x3126, 0x3126, 0x3126, 0x3126, 0x3126, 0x3126, 0x3126, 0x3126,
    0x3126, 0x3126, 0x3126, 0x3126, 0x3126, 0x3126, 0x3126, 0x3126, 0x3126, 0x3126, 0x3126, 0x3126,
    0x3126, 0x3126, 0x3126, 0x3126, 0x3126, 0x3126, 0x3126, 0x3126, 0x3126, 0x3126, 0x3126, 0x3126,
    0x3126, 0x3126, 0x3946, 0x3946, 0x3946, 0x3946, 0x3946, 0x3946, 0x3947, 0x3947, 0x3946, 0x3946,
    0x3946, 0x3946, 0x3946, 0x3946, 0x3946, 0x3966, 0x3966, 0x3966, 0x3966, 0x3966, 0x3966, 0x3946,
    0x3946, 0x3967, 0x3946, 0x3946, 0x3946, 0x3946, 0x3946, 0x3946, 0x3946, 0x3946, 0x3946, 0x3946,
    0x3946, 0x3946, 0x3946, 0x3946, 0x3946, 0x3946, 0x3946, 0x3946, 0x3946, 0x3946, 0x3946, 0x3946,
    0x3946, 0x3946, 0x3946, 0x3946, 0x3946, 0x3946, 0x3946, 0x3946, 0x3946, 0x3946, 0x3946, 0x3946,
    0x3946, 0x3946, 0x3946, 0x3946, 0x4167, 0x3946, 0x4167, 0x4167, 0x4167, 0x3946, 0x3946, 0x3946,
    0x3946, 0x3946, 0x3946, 0x3946, 0x3946, 0x3946, 0x4167, 0x4188, 0x49C8, 0x51E9, 0x51E9, 0x59E9,
    0x59E9, 0x5A09, 0x5A09, 0x5A09, 0x5A0A, 0x5A09, 0x59E9, 0x59E9, 0x59E9, 0x51C9, 0x51C9, 0x51C9,
    0x59E9, 0x5A0A, 0x5A0A, 0x5A09, 0x5A0A, 0x5A0A, 0x5A0A, 0x5A0A, 0x5A0A, 0x5A09, 0x59E9, 0x59E9,
    0x59E9, 0x5A09, 0x59E9, 0x59E9, 0x59E9, 0x51C9, 0x49A8, 0x49A8, 0x4988, 0x4167, 0x4187, 0x4187,
    0x4167, 0x4187, 0x4187, 0x4167, 0x4167, 0x4167, 0x4187, 0x4988, 0x4988, 0x49A8, 0x51C8, 0x51C9,
    0x51C9, 0x51C8, 0x49A8, 0x49A7, 0x4187, 0x4187, 0x4187, 0x4187, 0x4187, 0x4187, 0x4187, 0x4187,
    0x4187, 0x4187, 0x4187, 0x4187, 0x4187, 0x3967, 0x3967, 0x3967, 0x3967, 0x3967, 0x4187, 0x4187,
    0x4187, 0x4187, 0x4187, 0x4167, 0x4187, 0x4187, 0x4167, 0x4187, 0x4187, 0x4187, 0x4187, 0x4187,
    0x4167, 0x4167, 0x4167, 0x4167, 0x4167, 0x4167, 0x4167, 0x4167, 0x4167, 0x4187, 0x4187, 0x4187,
    0x4187, 0x4187, 0x4187, 0x4187, 0x4187, 0x4167, 0x4187, 0x4187, 0x4167, 0x4167, 0x4167, 0x4167,
    0x4167, 0x4167, 0x4187, 0x4187, 0x4187, 0x4167, 0x4167, 0x4167, 0x4167, 0x4167, 0x4167, 0x4167,
    0x4167, 0x4167, 0x4167, 0x4167, 0x4167, 0x4167, 0x4167, 0x4167, 0x4167, 0x4167, 0x4167, 0x4167,
    0x4167, 0x4167, 0x4167, 0x4167, 0x4167, 0x4167, 0x4167, 0x4167, 0x4167, 0x4187, 0x49A8, 0x49A8,
    0x49A8, 0x49C8, 0x51E9, 0x51E9, 0x51E9, 0x51C9, 0x51C9, 0x51C9, 0x51C9, 0x51E9, 0x51C9, 0x51C9,
    0x51C9, 0x51C9, 0x51E9, 0x51E9, 0x51E9, 0x51E9, 0x51E9, 0x51E9, 0x51E9, 0x51E9, 0x51E9, 0x51C8,
    0x51C8, 0x51C8, 0x51C8, 0x51C8, 0x49C8, 0x51C8, 0x49C8, 0x49C8, 0x49C8, 0x49C8, 0x49C8, 0x49A8,
    0x49A8, 0x49A8, 0x49A8, 0x49A8, 0x49A8, 0x51C9, 0x51E9, 0x51E9, 0x51E9, 0x51E9, 0x5A09, 0x5A0A,
    0x5A0A, 0x5A0A, 0x622A, 0x5A2A, 0x5A2A, 0x622A, 0x622A, 0x622A, 0x5A2A, 0x5A0A, 0x5A09, 0x51E9,
    0x51C8, 0x49A8, 0x51C8, 0x51E9, 0x51E9, 0x51C9, 0x51C9, 0x51E9, 0x51E8, 0x51C8, 0x51C8, 0x49C8,
    0x49C8, 0x49C8, 0x49C8, 0x49C8, 0x49A8, 0x49A8, 0x49C8, 0x49C8, 0x49C8, 0x49A8, 0x4187, 0x4167,
    0x4167, 0x4167, 0x4166, 0x4166, 0x3946, 0x4166, 0x4166, 0x3946, 0x3946, 0x3946, 0x3946, 0x3967,
    0x3967, 0x3946, 0x3946, 0x3946, 0x3946, 0x3946, 0x3946, 0x3946, 0x3946, 0x3946, 0x3946, 0x3946,
    0x3947, 0x3947, 0x3947, 0x3947, 0x3947, 0x3947, 0x4167, 0x3967, 0x3966, 0x3946, 0x3946, 0x3946,
    0x3946, 0x3946, 0x3946, 0x3946, 0x3946, 0x3946, 0x3946, 0x3946, 0x3967, 0x3946, 0x3946, 0x3946,
    0x3946, 0x3926, 0x3926, 0x3926, 0x3926, 0x3926, 0x3926, 0x3926, 0x3926, 0x3926, 0x3926, 0x3926,
    0x3926, 0x3926, 0x3926, 0x3926, 0x3926, 0x3926, 0x3926, 0x3946, 0x3146, 0x3126, 0x3926, 0x3926,
    0x3926, 0x3926, 0x3926, 0x3926, 0x3926, 0x3926, 0x3926, 0x3926, 0x3926, 0x3926, 0x3926, 0x3926,
    0x3926, 0x3926, 0x3926, 0x3926, 0x3926, 0x3926, 0x3946, 0x3946, 0x3967, 0x3967, 0x3967, 0x3967,
    0x3967, 0x3967, 0x3967, 0x3947, 0x3947, 0x3947, 0x3947, 0x3947, 0x3947, 0x3966, 0x3966, 0x3966,
    0x3966, 0x3966, 0x3966, 0x3967, 0x4167, 0x4167, 0x4146, 0x3946, 0x3946, 0x3946, 0x3946, 0x3946,
    0x3946, 0x3946, 0x3946, 0x3946, 0x3946, 0x3946, 0x3946, 0x3946, 0x3946, 0x3946, 0x3946, 0x3946,
    0x3946, 0x3946, 0x3946, 0x3946, 0x3966, 0x3966, 0x3966, 0x3966, 0x3966, 0x3966, 0x3966, 0x3946,
    0x3946, 0x3946, 0x3946, 0x3946, 0x3946, 0x3946, 0x3946, 0x4167, 0x4167, 0x3967, 0x4167, 0x4167,
    0x4167, 0x3946, 0x3946, 0x3946, 0x3946, 0x3946, 0x4146, 0x4146, 0x4147, 0x4147, 0x4167, 0x49A8,
    0x49C8, 0x51E9, 0x5209, 0x5A09, 0x5A09, 0x5A09, 0x59E9, 0x51E9, 0x51E9, 0x51E9, 0x51E9, 0x51C9,
    0x51C8, 0x49C8, 0x49C8, 0x51C8, 0x51E9, 0x5A0A, 0x5A0A, 0x5A0A, 0x5A0A, 0x5A0A, 0x5A0A, 0x5A0A,
    0x5A0A, 0x5A09, 0x59E9, 0x59E9, 0x59E9, 0x59E9, 0x59E9, 0x51E9, 0x51C9, 0x51C8, 0x4988, 0x49A8,
    0x4988, 0x4167, 0x4167, 0x4167, 0x4187, 0x4187, 0x4187, 0x4167, 0x4167, 0x4187, 0x4188, 0x4988,
    0x4988, 0x49A8, 0x51C9, 0x51C9, 0x51C8, 0x49C8, 0x4987, 0x4187, 0x4187, 0x4187, 0x4187, 0x4187,
    0x4187, 0x4187, 0x4187, 0x4187, 0x4187, 0x4187, 0x4187, 0x4187, 0x3967, 0x4167, 0x4167, 0x4167,
    0x4167, 0x4167, 0x4167, 0x4167, 0x4187, 0x4187, 0x4187, 0x4187, 0x4187, 0x4187, 0x3967, 0x4187,
    0x4187, 0x4187, 0x3987, 0x3967, 0x4187, 0x3967, 0x4167, 0x4167, 0x4167, 0x4167, 0x4187, 0x4187,
    0x4187, 0x4187, 0x4187, 0x4187, 0x4187, 0x4187, 0x4187, 0x4167, 0x4167, 0x4167, 0x4167, 0x4167,
    0x4167, 0x4167, 0x4167, 0x4167, 0x4167, 0x4167, 0x4167, 0x4167, 0x4167, 0x4167, 0x4167, 0x4167,
    0x4167, 0x4167, 0x4167, 0x4167, 0x4167, 0x4167, 0x4167, 0x4167, 0x4167, 0x4167, 0x4167, 0x4167,
    0x4167, 0x4167, 0x4167, 0x4167, 0x4167, 0x4167, 0x4167, 0x4167, 0x4167, 0x4167, 0x4167, 0x4167,
    0x4187, 0x4187, 0x4988, 0x49A8, 0x49A8, 0x49A8, 0x49C8, 0x51E9, 0x51E9, 0x51C9, 0x51C9, 0x59E9,
    0x59E9, 0x5A09, 0x5A09, 0x59E9, 0x59E9, 0x5A09, 0x5A09, 0x5A09, 0x5A09, 0x51E9, 0x51E9, 0x51E9,
    0x51E9, 0x51E9, 0x51E9, 0x51E9, 0x51C9, 0x51E9, 0x51E9, 0x51E9, 0x51E9, 0x51E9, 0x49C8, 0x49A8,
    0x49A8, 0x49A8, 0x49C8, 0x49A8, 0x49A8, 0x49C8, 0x49C8, 0x49C8, 0x49C8, 0x51E9, 0x51E9, 0x5209,
    0x5209, 0x5209, 0x5209, 0x5209, 0x5209, 0x5A09, 0x5A0A, 0x5A0A, 0x5A09, 0x5A09, 0x5A0A, 0x5A0A,
    0x5A2A, 0x622A, 0x5A2A, 0x5A09, 0x51E9, 0x51C9, 0x51C9, 0x5209, 0x5209, 0x51E9, 0x51E9, 0x51E9,
    0x51E9, 0x51E9, 0x51E9, 0x51E9, 0x51E9, 0x51E9, 0x51E9, 0x51E9, 0x51E9, 0x51E9, 0x51E9, 0x51E9,
    0x51E9, 0x51C8, 0x49C8, 0x49A8, 0x49A8, 0x49A8, 0x4187, 0x4187, 0x4167, 0x3946, 0x3946, 0x4146,
    0x3946, 0x3946, 0x4146, 0x3946, 0x3946, 0x3967, 0x3946, 0x3946, 0x3946, 0x3946, 0x3946, 0x3946,
    0x3946, 0x4167, 0x3946, 0x3947, 0x3947, 0x3947, 0x3947, 0x3947, 0x3947, 0x3947, 0x3947, 0x3946,
    0x3946, 0x3946, 0x3946, 0x3946, 0x3946, 0x3946, 0x3946, 0x3946, 0x3946, 0x3946, 0x3946, 0x3946,
    0x3946, 0x3947, 0x3947, 0x3946, 0x3946, 0x3946, 0x3946, 0x3946, 0x3946, 0x3946, 0x3946, 0x3946,
    0x3946, 0x3946, 0x3946, 0x3946, 0x3946, 0x3946, 0x3946, 0x3946, 0x3946, 0x3946, 0x3946, 0x3946,
    0x3946, 0x3946, 0x3946, 0x3946, 0x3946, 0x3946, 0x3946, 0x3946, 0x3946, 0x3946, 0x3946, 0x3946,
    0x3946, 0x3946, 0x3946, 0x3946, 0x3946, 0x3946, 0x3946, 0x3946, 0x3946, 0x3946, 0x3946, 0x3946,
    0x3946, 0x3947, 0x3947, 0x3947, 0x3947, 0x3947, 0x3947, 0x3947, 0x3947, 0x3947, 0x3947, 0x3947,
    0x3947, 0x3966, 0x3966, 0x3946, 0x3946, 0x3946, 0x3946, 0x3946, 0x3946, 0x3946, 0x3946, 0x3946,
    0x3946, 0x3946, 0x3946, 0x3946, 0x3946, 0x3946, 0x3946, 0x3946, 0x3946, 0x3946, 0x3947, 0x3947,
    0x3947, 0x3947, 0x3946, 0x3946, 0x3946, 0x3946, 0x3946, 0x3946, 0x3966, 0x3966, 0x3966, 0x3966,
    0x3946, 0x3947, 0x3946, 0x3946, 0x3946, 0x3946, 0x3946, 0x3946, 0x3946, 0x3946, 0x3946, 0x3946,
    0x3946, 0x3946, 0x3946, 0x3946, 0x4167, 0x3946, 0x3946, 0x3946, 0x3946, 0x4167, 0x3966, 0x3966,
    0x4167, 0x4167, 0x4167, 0x4167, 0x4187, 0x49A8, 0x49C8, 0x49A8, 0x49A8, 0x49A8, 0x49A8, 0x49A8,
    0x49A8, 0x49A8, 0x49A8, 0x49A8, 0x49A8, 0x49A8, 0x49C8, 0x49A8, 0x51E9, 0x5A09, 0x5A0A, 0x5A0A,
    0x5A0A, 0x5A0A, 0x5A0A, 0x5A0A, 0x5A0A, 0x59E9, 0x59E9, 0x59E9, 0x59E9, 0x59E9, 0x51C9, 0x51C9,
    0x51C8, 0x49A8, 0x49A8, 0x4987, 0x4187, 0x4167, 0x4187, 0x4187, 0x4187, 0x4187, 0x4187, 0x4187,
    0x41A8, 0x49A8, 0x49A8, 0x49C8, 0x51C9, 0x51C9, 0x51C9, 0x49A8, 0x4988, 0x4187, 0x4167, 0x4167,
    0x4187, 0x4167, 0x4167, 0x4167, 0x4167, 0x3967, 0x3967, 0x4167, 0x4167, 0x4167, 0x4167, 0x4167,
    0x4167, 0x4167, 0x4167, 0x4167, 0x4167, 0x4167, 0x4167, 0x4167, 0x4167, 0x4167, 0x4187, 0x4187,
    0x4187, 0x3987, 0x3967, 0x4187, 0x4187, 0x4187, 0x3967, 0x3967, 0x4187, 0x3967, 0x3967, 0x4187,
    0x4187, 0x4187, 0x4187, 0x4187, 0x4187, 0x4187, 0x4187, 0x4187, 0x4187, 0x4167, 0x4167, 0x4167,
    0x4167, 0x4167, 0x4167, 0x4167, 0x4167, 0x4187, 0x4187, 0x4187, 0x4167, 0x4167, 0x4167, 0x4167,
    0x4167, 0x4167, 0x4167, 0x4167, 0x4167, 0x4167, 0x4167, 0x4167, 0x4167, 0x4167, 0x4167, 0x4167,
    0x4167, 0x4167, 0x4167, 0x4167, 0x4167, 0x4167, 0x4167, 0x4167, 0x4167, 0x4167, 0x4187, 0x4187,
    0x4187, 0x4187, 0x4167, 0x4167, 0x4167, 0x4187, 0x4187, 0x4187, 0x49A8, 0x49A8, 0x49C8, 0x51E9,
    0x51E9, 0x51E9, 0x51E9, 0x5A09, 0x620A, 0x622A, 0x622A, 0x5A0A, 0x5A0A, 0x5A09, 0x5A0A, 0x5A0A,
    0x5A0A, 0x51E9, 0x51E9, 0x51E9, 0x51E9, 0x51E9, 0x51E9, 0x51E9, 0x51E9, 0x51E9, 0x51E9, 0x51E9,
    0x51E9, 0x51E9, 0x51E9, 0x49C8, 0x49A8, 0x51A8, 0x49A8, 0x49A8, 0x49A8, 0x49A8, 0x49A8, 0x49A8,
    0x49A8, 0x51C8, 0x51E9, 0x51E9, 0x51E9, 0x51E9, 0x5209, 0x5209, 0x5209, 0x5A09, 0x5A09, 0x5A09,
    0x5A09, 0x5A09, 0x5A09, 0x5A09, 0x5A2A, 0x622A, 0x5A2A, 0x5A09, 0x5A09, 0x5A09, 0x5A09, 0x5A0A,
    0x5A09, 0x5A09, 0x5A09, 0x59E9, 0x59E9, 0x5A09, 0x5A09, 0x59E9, 0x59E9, 0x59E9, 0x622A, 0x622A,
    0x5A0A, 0x5A0A, 0x5A0A, 0x5A09, 0x5A09, 0x5A09, 0x5A09, 0x51E9, 0x51C9, 0x51C8, 0x49A8, 0x4187,
    0x4167, 0x4167, 0x3946, 0x4146, 0x4147, 0x4146, 0x4147, 0x3946, 0x4146, 0x4166, 0x4166, 0x4146,
    0x3946, 0x3946, 0x3946, 0x3946, 0x3946, 0x3946, 0x3946, 0x3946, 0x3946, 0x3946, 0x3946, 0x3946,
    0x3946, 0x3946, 0x4167, 0x4167, 0x4167, 0x4167, 0x3946, 0x3946, 0x3946, 0x3946, 0x3946, 0x3946,
    0x3946, 0x3946, 0x3946, 0x3947, 0x3947, 0x3947, 0x3947, 0x3947, 0x3947, 0x3947, 0x3947, 0x3947,
    0x3947, 0x3947, 0x3947, 0x3947, 0x3947, 0x3947, 0x3947, 0x3947, 0x3947, 0x3947, 0x3947, 0x3947,
    0x3947, 0x3947, 0x3947, 0x3947, 0x3947, 0x3947, 0x3947, 0x3947, 0x3947, 0x3946, 0x3946, 0x3946,
    0x3946, 0x3946, 0x3946, 0x3946, 0x3946, 0x3946, 0x3946, 0x3946, 0x3946, 0x3946, 0x3946, 0x3946,
    0x3946, 0x3946, 0x3946, 0x3946, 0x4167, 0x3947, 0x3947, 0x3947, 0x3947, 0x3947, 0x3947, 0x3947,
    0x3947, 0x3947, 0x3947, 0x3947, 0x3947, 0x3966, 0x3966, 0x3946, 0x3946, 0x3946, 0x3946, 0x4166,
    0x4166, 0x4166, 0x4166, 0x4166, 0x3946, 0x3946, 0x3946, 0x3946, 0x3946, 0x3946, 0x3946, 0x3946,
    0x3947, 0x3947, 0x3947, 0x3947, 0x4147, 0x4147, 0x3947, 0x3947, 0x3946, 0x3946, 0x3946, 0x3946,
    0x3946, 0x3946, 0x3946, 0x3946, 0x3947, 0x4147, 0x4147, 0x3946, 0x3946, 0x3946, 0x4166, 0x3946,
    0x3946, 0x3966, 0x3946, 0x3967, 0x3946, 0x3946, 0x3946, 0x3946, 0x3946, 0x3946, 0x3946, 0x3946,
    0x4167, 0x4167, 0x3966, 0x3966, 0x3967, 0x4187, 0x4187, 0x4187, 0x4187, 0x4187, 0x4187, 0x4187,
    0x4187, 0x4187, 0x4187, 0x4187, 0x4187, 0x4187, 0x4187, 0x49A8, 0x49A8, 0x49A8, 0x49C8, 0x49A8,
    0x51E9, 0x5A09, 0x5A2A, 0x622A, 0x5A2A, 0x5A2A, 0x5A0A, 0x5A0A, 0x5A0A, 0x59E9, 0x59E9, 0x59E9,
    0x59E9, 0x51E9, 0x51C9, 0x51E9, 0x51C8, 0x49A8, 0x49A8, 0x4187, 0x4187, 0x4187, 0x4187, 0x4187,
    0x4987, 0x4187, 0x4187, 0x4187, 0x49A8, 0x49A8, 0x49A8, 0x51C9, 0x51E9, 0x51E9, 0x51C9, 0x49A8,
    0x4987, 0x4167, 0x4167, 0x4187, 0x4167, 0x4167, 0x4167, 0x4167, 0x4167, 0x4167, 0x4167, 0x4167,
    0x4167, 0x4167, 0x4167, 0x4167, 0x4167, 0x4167, 0x4167, 0x4167, 0x3967, 0x3967, 0x4167, 0x4167,
    0x4167, 0x4167, 0x4167, 0x4187, 0x4167, 0x3967, 0x3967, 0x4187, 0x4187, 0x4187, 0x4187, 0x4187,
    0x4187, 0x4187, 0x4187, 0x4187, 0x4187, 0x4187, 0x4187, 0x4187, 0x4187, 0x4167, 0x4167, 0x4167,
    0x4167, 0x4167, 0x4167, 0x4167, 0x4167, 0x4167, 0x4167, 0x4187, 0x4187, 0x4187, 0x4187, 0x4187,
    0x3967, 0x3967, 0x3967, 0x3967, 0x3967, 0x3967, 0x4167, 0x4167, 0x4167, 0x4167, 0x4167, 0x4167,
    0x4167, 0x4167, 0x4167, 0x3967, 0x3967, 0x3967, 0x3967, 0x3967, 0x3967, 0x3967, 0x3967, 0x3967,
    0x4167, 0x4167, 0x4187, 0x4187, 0x4187, 0x4187, 0x4167, 0x4167, 0x4187, 0x49A7, 0x4187, 0x49A7,
    0x49A8, 0x49C8, 0x51C8, 0x51E9, 0x51E9, 0x5A09, 0x5A0A, 0x620A, 0x622A, 0x622A, 0x622A, 0x622A,
    0x622A, 0x5A0A, 0x5A0A, 0x5A0A, 0x5A0A, 0x59E9, 0x59E9, 0x59E9, 0x5A09, 0x5A0A, 0x5A0A, 0x5A0A,
    0x5A0A, 0x5A0A, 0x620A, 0x5A0A, 0x5A0A, 0x620A, 0x5A0A, 0x5A09, 0x59E9, 0x51E9, 0x51E9, 0x51E9,
    0x51E9, 0x51E9, 0x51E9, 0x51E9, 0x51E9, 0x51E9, 0x5209, 0x5209, 0x51E9, 0x5209, 0x5209, 0x59E9,
    0x5A09, 0x5A09, 0x5A09, 0x5A09, 0x5A09, 0x5A09, 0x5A0A, 0x5A0A, 0x5A2A, 0x5A2A, 0x5A2A, 0x5A2A,
    0x5A0A, 0x5A0A, 0x5A0A, 0x5A0A, 0x622A, 0x620A, 0x620A, 0x620A, 0x620A, 0x620A, 0x5A2A, 0x5A2A,
    0x5A0A, 0x620A, 0x622A, 0x622A, 0x622A, 0x622A, 0x622A, 0x622A, 0x622A, 0x622A, 0x620A, 0x5A0A,
    0x5A0A, 0x5A0A, 0x59E9, 0x51C9, 0x51C8, 0x51C8, 0x4988, 0x4987, 0x4187, 0x4167, 0x4167, 0x4167,
    0x4166, 0x4166, 0x4166, 0x4166, 0x3946, 0x3946, 0x3946, 0x3946, 0x3946, 0x3946, 0x3946, 0x3946,
    0x3946, 0x3946, 0x3946, 0x3946, 0x3946, 0x3946, 0x3946, 0x3946, 0x3946, 0x3946, 0x3946, 0x3946,
    0x3946, 0x3946, 0x3946, 0x3946, 0x3946, 0x3946, 0x3946, 0x3946, 0x3947, 0x3947, 0x3947, 0x3947,
    0x3947, 0x3946, 0x3946, 0x3946, 0x3946, 0x3946, 0x3947, 0x3947, 0x3947, 0x3947, 0x3947, 0x3947,
    0x3947, 0x3947, 0x3947, 0x3947, 0x3947, 0x3947, 0x3947, 0x3946, 0x3946, 0x3946, 0x3946, 0x3946,
    0x3946, 0x3946, 0x3946, 0x3946, 0x3946, 0x3946, 0x3946, 0x3946, 0x3946, 0x3946, 0x3946, 0x3946,
    0x3946, 0x3946, 0x3946, 0x3946, 0x3946, 0x3946, 0x3946, 0x3946, 0x3947, 0x3947, 0x3947, 0x3947,
    0x3947, 0x3947, 0x3947, 0x3947, 0x3947, 0x3947, 0x3947, 0x3947, 0x3947, 0x3946, 0x3946, 0x3946,
    0x3946, 0x3946, 0x4167, 0x4166, 0x4166, 0x4166, 0x4166, 0x3946, 0x3946, 0x3946, 0x3946, 0x3946,
    0x3946, 0x3946, 0x3946, 0x3946, 0x3947, 0x3947, 0x3947, 0x3947, 0x4147, 0x4147, 0x3947, 0x3947,
    0x3946, 0x3946, 0x3946, 0x3946, 0x3946, 0x3946, 0x3946, 0x3946, 0x3946, 0x4147, 0x4147, 0x3946,
    0x3946, 0x3946, 0x4166, 0x3946, 0x3946, 0x3946, 0x3967, 0x4167, 0x4167, 0x4167, 0x4167, 0x4167,
    0x4167, 0x4167, 0x4167, 0x4167, 0x4167, 0x4187, 0x4187, 0x4187, 0x4187, 0x4187, 0x4187, 0x4187,
    0x4187, 0x4187, 0x4187, 0x4187, 0x4187, 0x4187, 0x4187, 0x4987, 0x4987, 0x4987, 0x49A8, 0x49A8,
    0x49C8, 0x49C8, 0x51C8, 0x51C9, 0x59E9, 0x5A0A, 0x622A, 0x622A, 0x622A, 0x622A, 0x620A, 0x620A,
    0x620A, 0x620A, 0x5A0A, 0x5A0A, 0x5A0A, 0x59E9, 0x51E9, 0x51E9, 0x49C8, 0x4987, 0x4187, 0x4187,
    0x4187, 0x4187, 0x4187, 0x4187, 0x4988, 0x49A8, 0x49A8, 0x49C8, 0x49C8, 0x49C8, 0x49A8, 0x51C9,
    0x51E9, 0x51E9, 0x51C9, 0x49A8, 0x4988, 0x4167, 0x4167, 0x4187, 0x4167, 0x4167, 0x4167, 0x4167,
    0x4167, 0x4167, 0x4167, 0x4167, 0x4167, 0x4167, 0x4167, 0x4167, 0x4167, 0x4167, 0x4167, 0x4167,
    0x3967, 0x3967, 0x4167, 0x4167, 0x4167, 0x4167, 0x4167, 0x4167, 0x4167, 0x3967, 0x4167, 0x4167,
    0x4187, 0x4187, 0x4187, 0x4187, 0x4187, 0x4187, 0x4187, 0x4187, 0x4187, 0x4187, 0x4167, 0x4167,
    0x4167, 0x4167, 0x4167, 0x4167, 0x4167, 0x4167, 0x4167, 0x4167, 0x4167, 0x4167, 0x4167, 0x4187,
    0x4187, 0x4187, 0x4187, 0x4187, 0x3967, 0x3967, 0x3967, 0x3967, 0x3967, 0x4187, 0x4167, 0x3967,
    0x4167, 0x4167, 0x3967, 0x3967, 0x3967, 0x4167, 0x3967, 0x3967, 0x3967, 0x3967, 0x3967, 0x3967,
    0x3967, 0x3967, 0x3967, 0x3967, 0x4167, 0x4167, 0x4187, 0x4187, 0x4187, 0x4187, 0x4167, 0x4167,
    0x4187, 0x49A8, 0x4987, 0x49A8, 0x51C8, 0x51C9, 0x51E9, 0x51E9, 0x5209, 0x5A0A, 0x622A, 0x622A,
    0x622A, 0x624B, 0x622A, 0x622A, 0x622A, 0x5A0A, 0x5A0A, 0x5A0A, 0x5A0A, 0x5A09, 0x59E9, 0x59E9,
    0x620A, 0x622A, 0x622A, 0x622A, 0x622A, 0x622A, 0x622A, 0x620A, 0x620A, 0x622A, 0x622A, 0x622A,
    0x622A, 0x5A0A, 0x5A0A, 0x5A0A, 0x5A0A, 0x5A0A, 0x5A0A, 0x5A0A, 0x5A0A, 0x5A0A, 0x5A0A, 0x5A0A,
    0x5A0A, 0x5A09, 0x5A09, 0x59E9, 0x5A09, 0x5A09, 0x5A0A, 0x5A0A, 0x5A0A, 0x5A0A, 0x622A, 0x622A,
    0x5A0A, 0x5A0A, 0x5A0A, 0x5A2A, 0x5A0A, 0x5A0A, 0x5A2A, 0x622A, 0x622A, 0x620A, 0x620A, 0x622A,
    0x622A, 0x622A, 0x622A, 0x622A, 0x622A, 0x620A, 0x622A, 0x6A4B, 0x6A4B, 0x6A2B, 0x6A2B, 0x622A,
    0x622A, 0x622A, 0x622A, 0x622A, 0x622A, 0x622A, 0x622A, 0x5A0A, 0x59E9, 0x59E9, 0x51C9, 0x49A8,
    0x49A8, 0x4188, 0x4187, 0x4167, 0x4167, 0x3946, 0x4166, 0x4166, 0x3946, 0x3946, 0x3946, 0x3946,
    0x3946, 0x3946, 0x3946, 0x3946, 0x3946, 0x3946, 0x3946, 0x4167, 0x4167, 0x4167, 0x3946, 0x3946,
    0x3946, 0x3946, 0x3946, 0x3946, 0x3946, 0x3946, 0x3946, 0x3946, 0x3946, 0x3946, 0x3946, 0x3946,
    0x3946, 0x3946, 0x3946, 0x3946, 0x3946, 0x3946, 0x3946, 0x3946, 0x3946, 0x3946, 0x3946, 0x3947,
    0x3947, 0x3947, 0x3947, 0x3947, 0x3947, 0x3947, 0x3947, 0x3947, 0x3947, 0x3947, 0x3947, 0x3946,
    0x3946, 0x3946, 0x3946, 0x3946, 0x3946, 0x3946, 0x3946, 0x3946, 0x3946, 0x3946, 0x3946, 0x3946,
    0x3946, 0x3946, 0x3946, 0x3946, 0x3946, 0x3946, 0x3946, 0x3946, 0x3946, 0x3946, 0x3946, 0x3946,
    0x3947, 0x3947, 0x3947, 0x3947, 0x3947, 0x3947, 0x3947, 0x3946, 0x3946, 0x3946, 0x3946, 0x3946,
    0x3946, 0x3946, 0x3946, 0x3946, 0x3946, 0x4167, 0x4167, 0x4167, 0x4167, 0x4167, 0x3946, 0x3946,
    0x3946, 0x3946, 0x3946, 0x3946, 0x3946, 0x3946, 0x3946, 0x3947, 0x3947, 0x3947, 0x3947, 0x3947,
    0x3947, 0x3947, 0x3947, 0x3947, 0x4146, 0x3946, 0x3946, 0x3946, 0x3966, 0x3966, 0x3966, 0x3946,
    0x3946, 0x3967, 0x3967, 0x3946, 0x3946, 0x3946, 0x4166, 0x3946, 0x3946, 0x3946, 0x4167, 0x4167,
    0x4187, 0x4187, 0x4187, 0x4187, 0x4187, 0x4187, 0x4167, 0x4167, 0x4187, 0x4187, 0x4187, 0x4187,
    0x41A7, 0x4187, 0x4187, 0x4187, 0x4187, 0x4187, 0x4187, 0x4187, 0x4187, 0x4987, 0x49A8, 0x49A8,
    0x49A8, 0x49A8, 0x51C8, 0x51C9, 0x51C9, 0x51C9, 0x51C9, 0x51E9, 0x59E9, 0x622A, 0x622A, 0x622A,
    0x622A, 0x622A, 0x622A, 0x622A, 0x622A, 0x622A, 0x622A, 0x622A, 0x5A0A, 0x59E9, 0x51E9, 0x51E9,
    0x49A8, 0x4187, 0x4167, 0x4187, 0x4187, 0x4187, 0x4187, 0x4987, 0x49A8, 0x51C8, 0x51E9, 0x51E9,
    0x5A09, 0x51E9, 0x51E9, 0x51E9, 0x59E9, 0x51E9, 0x51C9, 0x49C8, 0x4988, 0x4167, 0x4167, 0x4187,
    0x4167, 0x4167, 0x4167, 0x4167, 0x4167, 0x4167, 0x4167, 0x4167, 0x4167, 0x4167, 0x4167, 0x4167,
    0x4167, 0x4167, 0x4167, 0x4167, 0x3967, 0x3967, 0x4167, 0x4167, 0x4167, 0x4167, 0x4167, 0x4167,
    0x4167, 0x4167, 0x4167, 0x4167, 0x4167, 0x4187, 0x4187, 0x4187, 0x4187, 0x4187, 0x4187, 0x4167,
    0x4167, 0x4167, 0x4167, 0x4167, 0x4167, 0x4167, 0x4167, 0x4167, 0x4167, 0x4167, 0x4167, 0x4167,
    0x4167, 0x4167, 0x4167, 0x4187, 0x4187, 0x4187, 0x4187, 0x4187, 0x4187, 0x4187, 0x49A7, 0x49A8,
    0x49A8, 0x49A8, 0x49A8, 0x4187, 0x4987, 0x4987, 0x4187, 0x4187, 0x4167, 0x3967, 0x3967, 0x3967,
    0x3967, 0x3967, 0x3967, 0x3967, 0x3967, 0x3967, 0x3967, 0x3967, 0x4167, 0x4167, 0x4167, 0x4167,
    0x4187, 0x4167, 0x4187, 0x49A7, 0x49A7, 0x49A8, 0x49A8, 0x51C8, 0x51C9, 0x51E9, 0x51E9, 0x51E9,
    0x5209, 0x5A0A, 0x622A, 0x622A, 0x622A, 0x622A, 0x622A, 0x622A, 0x622A, 0x5A0A, 0x5A09, 0x59E9,
    0x5A0A, 0x5A09, 0x59E9, 0x5A0A, 0x620A, 0x622A, 0x622A, 0x622A, 0x622A, 0x622A, 0x622A, 0x622A,
    0x622A, 0x622A, 0x622A, 0x622B, 0x622B, 0x622A, 0x622A, 0x620A, 0x5A0A, 0x5A0A, 0x5A0A, 0x5A0A,
    0x5A0A, 0x5A0A, 0x5A0A, 0x5A0A, 0x5A0A, 0x5A0A, 0x5A0A, 0x5A0A, 0x5A2A, 0x5A0A, 0x5A2A, 0x5A2A,
    0x5A2A, 0x5A2A, 0x622A, 0x622A, 0x5A2A, 0x5A0A, 0x5A0A, 0x5A2A, 0x5A2A, 0x5A0A, 0x5A0A, 0x622A,
    0x620A, 0x620A, 0x622A, 0x622A, 0x622A, 0x622A, 0x622A, 0x620A, 0x620A, 0x622A, 0x6A2A, 0x6A2B,
    0x6A2B, 0x6A2A, 0x6A2A, 0x622A, 0x622A, 0x622A, 0x622A, 0x622B, 0x622B, 0x622B, 0x622B, 0x622A,
    0x622A, 0x620A, 0x59E9, 0x51C9, 0x51C8, 0x49C8, 0x49A8, 0x49A7, 0x4187, 0x4167, 0x4167, 0x4167,
    0x4166, 0x4167, 0x4167, 0x4167, 0x4167, 0x4167, 0x3946, 0x3946, 0x3946, 0x3946, 0x4167, 0x3946,
    0x3946, 0x3946, 0x3946, 0x3946, 0x3946, 0x3946, 0x3946, 0x3946, 0x3946, 0x3946, 0x3946, 0x3946,
    0x3946, 0x3946, 0x3946, 0x3946, 0x3946, 0x3946, 0x3946, 0x3946, 0x3946, 0x3946, 0x3946, 0x3946,
    0x3946, 0x3946, 0x3946, 0x3946, 0x3946, 0x3946, 0x3946, 0x3946, 0x3946, 0x3946, 0x3946, 0x3946,
    0x3946, 0x3946, 0x3946, 0x3946, 0x3946, 0x3946, 0x3946, 0x3946, 0x3946, 0x3946, 0x3946, 0x3946,
    0x3946, 0x3946, 0x3946, 0x3946, 0x3946, 0x3946, 0x3946, 0x3946, 0x3946, 0x3946, 0x3946, 0x3946,
    0x3946, 0x3946, 0x3946, 0x3946, 0x3946, 0x3947, 0x3947, 0x3947, 0x3947, 0x3947, 0x3946, 0x3946,
    0x3946, 0x3946, 0x3946, 0x3946, 0x3946, 0x3946, 0x3946, 0x3946, 0x4167, 0x4167, 0x4167, 0x3946,
    0x3946, 0x3946, 0x3946, 0x3946, 0x3946, 0x3946, 0x3946, 0x3946, 0x3946, 0x3946, 0x3946, 0x3946,
    0x3946, 0x3946, 0x3947, 0x3947, 0x3947, 0x3946, 0x3947, 0x3947, 0x3946, 0x3946, 0x3946, 0x3946,
    0x3966, 0x3966, 0x3966, 0x3966, 0x3967, 0x3946, 0x3946, 0x3946, 0x3946, 0x3946, 0x3946, 0x3946,
    0x3967, 0x4167, 0x4187, 0x4187, 0x49A8, 0x49A8, 0x49A8, 0x4988, 0x4988, 0x4987, 0x4987, 0x4987,
    0x4988, 0x41A8, 0x41A8, 0x41A8, 0x41A8, 0x49A8, 0x49A8, 0x49A8, 0x49A8, 0x49A8, 0x49A8, 0x49A8,
    0x49C8, 0x49C8, 0x51C9, 0x51C9, 0x51C9, 0x51C9, 0x51E9, 0x59E9, 0x59E9, 0x59E9, 0x59E9, 0x59E9,
    0x5A0A, 0x5A2A, 0x622A, 0x622A, 0x622A, 0x622A, 0x622B, 0x622A, 0x622A, 0x622A, 0x622A, 0x5A0A,
    0x59E9, 0x51E9, 0x51C9, 0x49C8, 0x4987, 0x4187, 0x4167, 0x4187, 0x4187, 0x4187, 0x49A7, 0x49A8,
    0x51C8, 0x51E9, 0x5A0A, 0x5A0A, 0x5A0A, 0x5A09, 0x59E9, 0x51E9, 0x51C9, 0x51C8, 0x49A8, 0x49A8,
    0x4187, 0x4167, 0x4167, 0x4167, 0x3967, 0x3967, 0x4167, 0x4167, 0x4167, 0x4167, 0x4167, 0x4167,
    0x4167, 0x4167, 0x4167, 0x4167, 0x4167, 0x4167, 0x4167, 0x4167, 0x4167, 0x4167, 0x4167, 0x4167,
    0x4167, 0x4167, 0x4167, 0x4167, 0x4167, 0x4167, 0x4167, 0x4167, 0x4167, 0x4167, 0x4167, 0x4167,
    0x4167, 0x4167, 0x4167, 0x4167, 0x4167, 0x4167, 0x4167, 0x4167, 0x4167, 0x4167, 0x4167, 0x4167,
    0x4167, 0x4167, 0x4167, 0x4167, 0x4167, 0x4167, 0x4167, 0x4187, 0x4187, 0x4187, 0x4187, 0x4187,
    0x49A8, 0x49A8, 0x51C9, 0x51E9, 0x51E9, 0x51C8, 0x51C8, 0x49A8, 0x49C8, 0x49C8, 0x49A8, 0x49A8,
    0x4187, 0x4167, 0x4167, 0x4167, 0x3967, 0x3967, 0x3967, 0x3967, 0x3967, 0x3967, 0x3987, 0x4187,
    0x4167, 0x4167, 0x4167, 0x4167, 0x4187, 0x4187, 0x49A8, 0x49C8, 0x49C8, 0x49A8, 0x49C8, 0x51C9,
    0x51E9, 0x51E9, 0x51E9, 0x51E9, 0x51E9, 0x5A09, 0x5A0A, 0x5A0A, 0x5A0A, 0x5A0A, 0x5A0A, 0x5A0A,
    0x5A0A, 0x59E9, 0x59E9, 0x59E9, 0x59E9, 0x59E9, 0x59E9, 0x5A0A, 0x620A, 0x620A, 0x620A, 0x622A,
    0x622A, 0x622A, 0x622B, 0x622B, 0x622B, 0x624B, 0x624B, 0x624B, 0x6A4B, 0x6A2B, 0x622B, 0x622A,
    0x622A, 0x622A, 0x622A, 0x622A, 0x622A, 0x622A, 0x622A, 0x622A, 0x622A, 0x622A, 0x622A, 0x622A,
    0x622A, 0x622A, 0x622A, 0x622A, 0x622A, 0x5A2A, 0x622A, 0x620A, 0x5A0A, 0x5A0A, 0x5A0A, 0x5A0A,
    0x5A0A, 0x5A0A, 0x5A0A, 0x620A, 0x620A, 0x620A, 0x622A, 0x622A, 0x622A, 0x622A, 0x622B, 0x620A,
    0x620A, 0x622A, 0x6A2B, 0x622B, 0x622B, 0x622B, 0x622B, 0x622A, 0x622B, 0x622B, 0x622B, 0x622B,
    0x622B, 0x622B, 0x622B, 0x6A4B, 0x6A4B, 0x622A, 0x622A, 0x5A0A, 0x59E9, 0x59E9, 0x51E9, 0x51C8,
    0x49C8, 0x4988, 0x4987, 0x4987, 0x4187, 0x4988, 0x49A8, 0x49A8, 0x41A8, 0x4187, 0x4167, 0x4167,
    0x3966, 0x3946, 0x3946, 0x3946, 0x3946, 0x3946, 0x3946, 0x3946, 0x3946, 0x3946, 0x3946, 0x3946,
    0x3946, 0x3946, 0x3946, 0x3946, 0x3946, 0x3946, 0x3946, 0x3946, 0x3946, 0x3946, 0x3946, 0x3946,
    0x3946, 0x3946, 0x3946, 0x3946, 0x3946, 0x3946, 0x3946, 0x3946, 0x3946, 0x3946, 0x3946, 0x3946,
    0x3946, 0x3946, 0x3946, 0x3946, 0x3946, 0x3946, 0x3946, 0x3946, 0x3946, 0x3946, 0x3946, 0x3946,
    0x3946, 0x3946, 0x3946, 0x3946, 0x3946, 0x3946, 0x3946, 0x3946, 0x3946, 0x3946, 0x3946, 0x3946,
    0x3946, 0x3946, 0x3946, 0x3946, 0x3946, 0x3946, 0x3946, 0x3946, 0x3946, 0x3946, 0x3946, 0x3946,
    0x3946, 0x3946, 0x3946, 0x3946, 0x3946, 0x3946, 0x3966, 0x3966, 0x3966, 0x3946, 0x3946, 0x3946,
    0x4167, 0x4166, 0x4146, 0x3946, 0x3946, 0x3946, 0x3946, 0x3946, 0x3946, 0x3946, 0x3946, 0x3946,
    0x3946, 0x3946, 0x3946, 0x3946, 0x3946, 0x3946, 0x3946, 0x3966, 0x3946, 0x3946, 0x3947, 0x3947,
    0x3967, 0x3946, 0x3946, 0x3966, 0x3966, 0x3966, 0x3967, 0x3967, 0x3967, 0x3966, 0x3946, 0x3946,
    0x3946, 0x3946, 0x3946, 0x3966, 0x4187, 0x4167, 0x4187, 0x49A8, 0x49A8, 0x49A8, 0x49A8, 0x49A8,
    0x49A8, 0x49A8, 0x49A8, 0x49A8, 0x49A8, 0x49A8, 0x49C8, 0x49C8, 0x49C8, 0x49C8, 0x49C8, 0x51C8,
    0x51E9, 0x51E9, 0x51E9, 0x51E9, 0x59E9, 0x59E9, 0x5A09, 0x5A0A, 0x5A0A, 0x5A0A, 0x5A0A, 0x5A0A,
    0x5A0A, 0x620A, 0x620A, 0x620A, 0x622A, 0x622A, 0x622A, 0x624B, 0x6A4B, 0x6A4B, 0x624B, 0x622A,
    0x622A, 0x622A, 0x622A, 0x5A0A, 0x51E9, 0x51C9, 0x49C8, 0x49A8, 0x4187, 0x4987, 0x4187, 0x4187,
    0x4187, 0x49A8, 0x49A8, 0x51C8, 0x51E9, 0x5A09, 0x5A0A, 0x5A0A, 0x620A, 0x5A0A, 0x59E9, 0x51C9,
    0x51A8, 0x49A8, 0x49A8, 0x4187, 0x4167, 0x3967, 0x4167, 0x4167, 0x3967, 0x3967, 0x4167, 0x4167,
    0x4167, 0x4167, 0x4167, 0x4167, 0x4167, 0x4167, 0x4167, 0x4167, 0x4167, 0x4167, 0x4167, 0x4167,
    0x4167, 0x4167, 0x4167, 0x4167, 0x4167, 0x4187, 0x4187, 0x4187, 0x4187, 0x4187, 0x4187, 0x4187,
    0x4187, 0x4167, 0x4167, 0x4167, 0x4167, 0x4167, 0x4167, 0x4187, 0x4187, 0x4187, 0x4167, 0x4167,
    0x4167, 0x4167, 0x4167, 0x4167, 0x4167, 0x4167, 0x4167, 0x4167, 0x4167, 0x4167, 0x4167, 0x4187,
    0x4187, 0x4187, 0x4187, 0x4187, 0x51C9, 0x59E9, 0x5A09, 0x5A09, 0x5A09, 0x59E9, 0x51E9, 0x51C9,
    0x51E9, 0x51E9, 0x51C9, 0x51C8, 0x49C8, 0x49A8, 0x4988, 0x4187, 0x4187, 0x4187, 0x4187, 0x4187,
    0x4187, 0x4187, 0x4187, 0x4187, 0x4187, 0x4187, 0x4187, 0x49A8, 0x49A8, 0x49A8, 0x49C8, 0x49C8,
    0x51C9, 0x51C9, 0x51C9, 0x51C9, 0x51E9, 0x51E9, 0x51E9, 0x51E9, 0x51E9, 0x59E9, 0x59E9, 0x51E9,
    0x51E9, 0x51E9, 0x51E9, 0x51E9, 0x51E9, 0x51E9, 0x51C9, 0x51C9, 0x51E9, 0x51C9, 0x51C9, 0x59E9,
    0x59E9, 0x5A09, 0x5A0A, 0x622A, 0x622A, 0x624B, 0x6A4B, 0x6A4B, 0x6A4B, 0x6A4B, 0x6A4B, 0x6A4B,
    0x6A4B, 0x6A4B, 0x6A4B, 0x6A4B, 0x6A4B, 0x6A4B, 0x6A4B, 0x6A4B, 0x6A4B, 0x6A4B, 0x6A4B, 0x6A4B,
    0x6A4B, 0x6A4B, 0x6A4B, 0x624B, 0x622B, 0x624B, 0x622B, 0x622B, 0x622B, 0x622A, 0x622A, 0x620A,
    0x5A0A, 0x5A0A, 0x5A0A, 0x5A0A, 0x622A, 0x622A, 0x5A2A, 0x620A, 0x620A, 0x620A, 0x622A, 0x622A,
    0x622A, 0x622B, 0x622B, 0x622A, 0x622A, 0x622B, 0x622B, 0x622B, 0x6A2B, 0x6A4B, 0x6A4B, 0x6A4B,
    0x6A4B, 0x6A4B, 0x6A4B, 0x6A4B, 0x6A4B, 0x6A4B, 0x624B, 0x6A4B, 0x6A4B, 0x624B, 0x622A, 0x622A,
    0x622A, 0x620A, 0x5A0A, 0x5A09, 0x5A09, 0x51E9, 0x51E9, 0x51E9, 0x51C9, 0x51E9, 0x51E9, 0x51E9,
    0x51C8, 0x49A8, 0x49A8, 0x4987, 0x4167, 0x4167, 0x3946, 0x3946, 0x3946, 0x3946, 0x3946, 0x3946,
    0x3946, 0x3946, 0x3946, 0x3946, 0x3946, 0x3946, 0x3946, 0x3946, 0x3946, 0x3946, 0x3946, 0x3946,
    0x3946, 0x3946, 0x3946, 0x3946, 0x3946, 0x3946, 0x3946, 0x3946, 0x3946, 0x3946, 0x3946, 0x3946,
    0x3946, 0x3946, 0x3946, 0x3946, 0x3946, 0x3946, 0x3946, 0x3946, 0x3946, 0x3946, 0x3946, 0x3946,
    0x3946, 0x3946, 0x3946, 0x3946, 0x3946, 0x3946, 0x3946, 0x3946, 0x3946, 0x3946, 0x3946, 0x3946,
    0x3946, 0x3946, 0x3946, 0x3946, 0x3946, 0x3946, 0x3946, 0x3946, 0x3946, 0x3946, 0x3946, 0x3946,
    0x3946, 0x3946, 0x3946, 0x3946, 0x3946, 0x3946, 0x3946, 0x3946, 0x3946, 0x3946, 0x3966, 0x3966,
    0x3966, 0x3946, 0x3946, 0x3946, 0x3946, 0x4146, 0x4146, 0x3946, 0x3946, 0x3946, 0x3946, 0x3946,
    0x3946, 0x3946, 0x3946, 0x3946, 0x3946, 0x3946, 0x3946, 0x3946, 0x3946, 0x3946, 0x3946, 0x3967,
    0x3967, 0x4167, 0x4167, 0x4167, 0x4167, 0x4167, 0x3967, 0x4167, 0x3966, 0x3966, 0x3966, 0x3967,
    0x3966, 0x3946, 0x3946, 0x3966, 0x3966, 0x3966, 0x3966, 0x3987, 0x4187, 0x4187, 0x4988, 0x49A8,
    0x49A8, 0x49A8, 0x49A8, 0x49A8, 0x49A8, 0x49C8, 0x49C8, 0x49C8, 0x49C8, 0x49C8, 0x51C8, 0x49C8,
    0x51C8, 0x51E9, 0x51E9, 0x59E9, 0x5A0A, 0x5A0A, 0x5A2A, 0x622A, 0x622A, 0x622A, 0x624A, 0x622A,
    0x624A, 0x622A, 0x622B, 0x622B, 0x622B, 0x622B, 0x622B, 0x624B, 0x624B, 0x624B, 0x622B, 0x624B,
    0x6A4B, 0x6A4B, 0x624B, 0x622A, 0x622A, 0x5A2A, 0x5A0A, 0x59E9, 0x51E9, 0x49C8, 0x49A8, 0x4988,
    0x4187, 0x4987, 0x4988, 0x49A8, 0x49A8, 0x49A8, 0x51C8, 0x51E9, 0x59E9, 0x5A0A, 0x5A0A, 0x5A0A,
    0x620A, 0x620A, 0x59E9, 0x51E9, 0x51A8, 0x49A8, 0x49A8, 0x4187, 0x4167, 0x3967, 0x4167, 0x4167,
    0x4167, 0x4167, 0x4167, 0x4167, 0x4167, 0x4167, 0x4167, 0x4167, 0x4167, 0x4167, 0x4167, 0x4167,
    0x4167, 0x4167, 0x4167, 0x4167, 0x4167, 0x4167, 0x4167, 0x4167, 0x4167, 0x4187, 0x4187, 0x4187,
    0x4187, 0x4187, 0x4187, 0x4187, 0x4187, 0x4187, 0x4187, 0x4187, 0x4187, 0x4187, 0x4187, 0x4187,
    0x4187, 0x4187, 0x4167, 0x4167, 0x4167, 0x4167, 0x4167, 0x4167, 0x4167, 0x4187, 0x4187, 0x4187,
    0x4167, 0x4167, 0x4167, 0x4187, 0x4187, 0x4187, 0x4187, 0x4187, 0x620A, 0x620A, 0x622A, 0x622A,
    0x622A, 0x620A, 0x5A09, 0x5A09, 0x5A09, 0x5A09, 0x59E9, 0x59E9, 0x59E9, 0x51E9, 0x51E9, 0x51C9,
    0x49C8, 0x49A8, 0x4988, 0x4988, 0x49A8, 0x49A8, 0x49A8, 0x49A8, 0x49C8, 0x49C8, 0x49C8, 0x51C8,
    0x51E9, 0x51E9, 0x51E9, 0x51C9, 0x51E9, 0x51C9, 0x59E9, 0x51C9, 0x51C9, 0x51E9, 0x51E9, 0x51E9,
    0x51E9, 0x51C9, 0x51E9, 0x51E9, 0x51E9, 0x51E9, 0x51E9, 0x51E9, 0x51E9, 0x51C9, 0x51C8, 0x51C8,
    0x51C9, 0x51C8, 0x51C8, 0x51C8, 0x51C8, 0x51E9, 0x5A09, 0x5A0A, 0x5A0A, 0x622A, 0x6A4B, 0x6A4B,
    0x6A4B, 0x6A4B, 0x6A4B, 0x6A6B, 0x6A6B, 0x6A6B, 0x6A4B, 0x6A6B, 0x6A4B, 0x6A4B, 0x6A4B, 0x6A4B,
    0x6A4B, 0x6A4B, 0x6A6C, 0x6A4B, 0x6A4B, 0x6A6B, 0x6A6C, 0x6A4B, 0x6A4B, 0x6A4B, 0x6A4B, 0x624B,
    0x624B, 0x622B, 0x622A, 0x622B, 0x622A, 0x622A, 0x622A, 0x622A, 0x622A, 0x622A, 0x622A, 0x622A,
    0x620A, 0x622A, 0x622A, 0x622B, 0x622B, 0x622B, 0x622A, 0x622A, 0x622A, 0x622B, 0x622A, 0x622B,
    0x6A4B, 0x6A4B, 0x6A6B, 0x6A4B, 0x6A4B, 0x6A4B, 0x6A4B, 0x6A4B, 0x6A6B, 0x6A4B, 0x6A4B, 0x622A,
    0x622A, 0x622A, 0x620A, 0x620A, 0x622A, 0x622A, 0x620A, 0x622A, 0x620A, 0x622A, 0x622A, 0x620A,
    0x622A, 0x5A0A, 0x59E9, 0x51E9, 0x51E9, 0x51E9, 0x51C9, 0x49C8, 0x4987, 0x4187, 0x4167, 0x4167,
    0x3946, 0x3946, 0x3946, 0x3946, 0x3946, 0x3946, 0x3946, 0x3946, 0x3946, 0x3947, 0x3947, 0x3947,
    0x3947, 0x3947, 0x3946, 0x3946, 0x3946, 0x3946, 0x3946, 0x3946, 0x3946, 0x3946, 0x3946, 0x3946,
    0x3946, 0x3946, 0x3946, 0x3946, 0x3946, 0x3946, 0x3946, 0x3946, 0x3946, 0x3946, 0x3946, 0x3946,
    0x3946, 0x3946, 0x3946, 0x3946, 0x3946, 0x3946, 0x3946, 0x3946, 0x3946, 0x3946, 0x3946, 0x3946,
    0x3946, 0x3946, 0x3946, 0x3946, 0x3946, 0x3946, 0x3946, 0x3946, 0x3946, 0x3946, 0x3946, 0x3946,
    0x3946, 0x3946, 0x3946, 0x3946, 0x3946, 0x3946, 0x3946, 0x3946, 0x3946, 0x3946, 0x3946, 0x3946,
    0x3946, 0x3946, 0x3966, 0x3966, 0x3966, 0x3946, 0x3946, 0x3946, 0x3946, 0x4146, 0x4146, 0x3946,
    0x3946, 0x3946, 0x3946, 0x3946, 0x3946, 0x3946, 0x3946, 0x3946, 0x3946, 0x3946, 0x3946, 0x3946,
    0x3946, 0x3946, 0x3967, 0x3946, 0x4167, 0x4987, 0x4988, 0x4988, 0x49A8, 0x4187, 0x4187, 0x4187,
    0x4167, 0x4166, 0x4167, 0x4167, 0x3967, 0x3966, 0x3946, 0x3966, 0x3967, 0x3967, 0x4187, 0x4187,
    0x4187, 0x49A8, 0x49A8, 0x49A8, 0x49A8, 0x49A8, 0x49C8, 0x49C8, 0x49C8, 0x49C8, 0x51C8, 0x51C9,
    0x51E9, 0x51C9, 0x51C8, 0x51C9, 0x59E9, 0x5A0A, 0x620A, 0x620A, 0x622A, 0x624B, 0x624A, 0x624A,
    0x624B, 0x6A4B, 0x6A4B, 0x6A4B, 0x6A4B, 0x6A4B, 0x624B, 0x6A4B, 0x6A4B, 0x6A4B, 0x6A4B, 0x6A4B,
    0x6A4B, 0x6A4B, 0x622B, 0x624B, 0x624B, 0x624B, 0x622B, 0x620A, 0x5A0A, 0x5A0A, 0x59E9, 0x51C9,
    0x51C8, 0x49A8, 0x49A8, 0x4987, 0x4987, 0x4987, 0x49A8, 0x51C8, 0x51C9, 0x51C8, 0x51E9, 0x51E9,
    0x59E9, 0x5A0A, 0x620A, 0x620A, 0x620A, 0x5A0A, 0x59E9, 0x51C9, 0x51A8, 0x49A8, 0x49A8, 0x41A7,
    0x4167, 0x3967, 0x4167, 0x4167, 0x4167, 0x4167, 0x4167, 0x4167, 0x4167, 0x4167, 0x4167, 0x4167,
    0x4167, 0x4167, 0x4167, 0x4167, 0x4167, 0x4167, 0x4167, 0x4167, 0x4167, 0x4167, 0x4167, 0x4167,
    0x4187, 0x4187, 0x4187, 0x4187, 0x4187, 0x4187, 0x4187, 0x4187, 0x4187, 0x4187, 0x4187, 0x4187,
    0x4187, 0x4187, 0x4187, 0x4187, 0x4187, 0x4187, 0x4167, 0x4167, 0x4167, 0x4167, 0x4167, 0x4167,
    0x4187, 0x4187, 0x4187, 0x4167, 0x4167, 0x4167, 0x4167, 0x4167, 0x4187, 0x4988, 0x49A8, 0x49A8,
    0x622A, 0x622A, 0x622A, 0x622A, 0x622A, 0x620A, 0x622A, 0x622A, 0x622A, 0x620A, 0x5A0A, 0x5A0A,
    0x5A0A, 0x5A0A, 0x5A0A, 0x5A09, 0x51E9, 0x51C9, 0x51C8, 0x49C8, 0x49C8, 0x49A8, 0x49C8, 0x49C8,
    0x51C8, 0x51C8, 0x51E9, 0x51E9, 0x51E9, 0x5209, 0x51E9, 0x51C9, 0x51C9, 0x59C9, 0x59E9, 0x59E9,
    0x51E9, 0x51E9, 0x51E9, 0x51E9, 0x51E9, 0x51E9, 0x51E9, 0x51E9, 0x51E9, 0x51E9, 0x51E9, 0x51E9,
    0x51E9, 0x51C9, 0x51C8, 0x49C8, 0x49C8, 0x49C8, 0x49C8, 0x49C8, 0x49C8, 0x49C8, 0x51C9, 0x51E9,
    0x59E9, 0x5A0A, 0x622A, 0x622A, 0x622A, 0x622A, 0x6A2B, 0x6A6B, 0x6A6B, 0x6A6B, 0x6A6B, 0x6A6B,
    0x6A4B, 0x6A4B, 0x6A4B, 0x6A4B, 0x6A4B, 0x724C, 0x726C, 0x724B, 0x724C, 0x726C, 0x726C, 0x6A4B,
    0x6A4B, 0x6A4B, 0x6A4B, 0x6A6B, 0x6A4B, 0x6A4B, 0x622A, 0x622B, 0x6A2A, 0x622B, 0x622B, 0x622B,
    0x622B, 0x622B, 0x622B, 0x622B, 0x622A, 0x622A, 0x622B, 0x622B, 0x622B, 0x622B, 0x622A, 0x622A,
    0x622A, 0x622A, 0x622A, 0x622A, 0x6A2A, 0x6A4B, 0x6A4B, 0x6A4B, 0x6A4B, 0x6A4C, 0x6A4B, 0x6A4B,
    0x6A4B, 0x6A4B, 0x6A2A, 0x6A2A, 0x6A2B, 0x622A, 0x5A09, 0x5A0A, 0x620A, 0x620A, 0x620A, 0x620A,
    0x620A, 0x622A, 0x620A, 0x620A, 0x622A, 0x5A0A, 0x59E9, 0x51E9, 0x59E9, 0x51E9, 0x51E9, 0x51C8,
    0x49A8, 0x4988, 0x4187, 0x4167, 0x3946, 0x3946, 0x3946, 0x3946, 0x3946, 0x3946, 0x3946, 0x4146,
    0x3947, 0x3947, 0x3947, 0x3947, 0x3947, 0x3947, 0x3947, 0x3946, 0x3946, 0x3946, 0x3946, 0x3946,
    0x3946, 0x3946, 0x3946, 0x3946, 0x3946, 0x3946, 0x3946, 0x4146, 0x4146, 0x3946, 0x3946, 0x4167,
    0x4167, 0x4167, 0x4167, 0x4167, 0x4167, 0x3946, 0x3946, 0x3946, 0x3946, 0x3946, 0x3946, 0x3946,
    0x3946, 0x3946, 0x3946, 0x3946, 0x3946, 0x3946, 0x3946, 0x3946, 0x3946, 0x3946, 0x3946, 0x3946,
    0x3946, 0x3946, 0x3946, 0x3946, 0x3946, 0x3946, 0x3946, 0x3946, 0x3946, 0x3946, 0x3946, 0x3946,
    0x3946, 0x3946, 0x3946, 0x3946, 0x3946, 0x3946, 0x3946, 0x3946, 0x3946, 0x3946, 0x3946, 0x3946,
    0x3946, 0x3946, 0x3946, 0x4146, 0x4146, 0x3946, 0x3946, 0x3946, 0x3946, 0x3946, 0x3946, 0x3946,
    0x3946, 0x3946, 0x3946, 0x3946, 0x3946, 0x3966, 0x4167, 0x4167, 0x4187, 0x49A8, 0x49A8, 0x49A8,
    0x49C8, 0x49C8, 0x49A8, 0x4988, 0x4187, 0x4187, 0x4187, 0x4987, 0x4187, 0x4187, 0x3967, 0x3967,
    0x4167, 0x4167, 0x4187, 0x4987, 0x4987, 0x49A8, 0x49A8, 0x49A8, 0x49A8, 0x49C8, 0x51E9, 0x51E9,
    0x51E9, 0x51C9, 0x51E9, 0x51E9, 0x51E9, 0x51E9, 0x59E9, 0x59E9, 0x5A0A, 0x622A, 0x622B, 0x622B,
    0x6A4B, 0x6A4B, 0x622A, 0x622A, 0x6A2A, 0x6A2B, 0x6A4B, 0x6A4B, 0x6A4B, 0x6A4B, 0x6A4B, 0x6A4B,
    0x6A4B, 0x6A4B, 0x6A4B, 0x6A4B, 0x6A4B, 0x6A4B, 0x6A4B, 0x6A4B, 0x6A4B, 0x6A4B, 0x622B, 0x620A,
    0x5A0A, 0x59EA, 0x59E9, 0x51E9, 0x51C8, 0x49C8, 0x49A8, 0x49A8, 0x4988, 0x4988, 0x49A8, 0x51C9,
    0x51E9, 0x51E9, 0x51E9, 0x51E9, 0x59E9, 0x5A0A, 0x620A, 0x620A, 0x59E9, 0x59E9, 0x59E9, 0x51C9,
    0x49A8, 0x49A8, 0x41A8, 0x4187, 0x4167, 0x4167, 0x4167, 0x4167, 0x4167, 0x4167, 0x4167, 0x4167,
    0x4167, 0x4167, 0x4167, 0x4167, 0x4167, 0x4167, 0x4167, 0x4167, 0x4167, 0x4167, 0x4167, 0x4167,
    0x4167, 0x4167, 0x4167, 0x4187, 0x4187, 0x4187, 0x4187, 0x4187, 0x4187, 0x4187, 0x4187, 0x4187,
    0x4187, 0x4187, 0x4187, 0x4187, 0x4187, 0x4187, 0x4187, 0x4187, 0x4187, 0x4187, 0x4167, 0x4167,
    0x4167, 0x4167, 0x4167, 0x4167, 0x4187, 0x4167, 0x4187, 0x4167, 0x4187, 0x4187, 0x4187, 0x4187,
    0x4988, 0x49A8, 0x49A8, 0x49A8, 0x622A, 0x622A, 0x622A, 0x622A, 0x622A, 0x622A, 0x622A, 0x622A,
    0x622A, 0x622A, 0x622A, 0x622A, 0x622A, 0x622A, 0x622A, 0x622A, 0x622A, 0x5A0A, 0x5A09, 0x51E9,
    0x51C9, 0x49C8, 0x51E9, 0x51E9, 0x51C9, 0x51E9, 0x51E9, 0x51E9, 0x51E9, 0x51E9, 0x51E9, 0x51E9,
    0x51C9, 0x51C9, 0x59E9, 0x5A2A, 0x5A0A, 0x5A0A, 0x5A0A, 0x5A0A, 0x5A0A, 0x5A0A, 0x5A0A, 0x59E9,
    0x59E9, 0x59E9, 0x5A09, 0x59E9, 0x59E9, 0x51E9, 0x51E8, 0x49C8, 0x49C8, 0x49A8, 0x49C8, 0x49C8,
    0x49C8, 0x49A8, 0x49A8, 0x49A8, 0x51C8, 0x51E9, 0x59E9, 0x5A0A, 0x622A, 0x622A, 0x6A2B, 0x6A4B,
    0x6A6B, 0x6A6B, 0x6A6B, 0x6A6B, 0x6A4B, 0x6A4B, 0x6A4B, 0x724C, 0x726C, 0x726C, 0x724C, 0x724C,
    0x724C, 0x726C, 0x726C, 0x726C, 0x726C, 0x6A6B, 0x6A4B, 0x6A6B, 0x6A6B, 0x6A4B, 0x622B, 0x622B,
    0x622B, 0x622B, 0x622B, 0x622B, 0x622B, 0x622B, 0x622B, 0x622B, 0x622A, 0x622A, 0x622B, 0x622B,
    0x622B, 0x622B, 0x622A, 0x622A, 0x622A, 0x622A, 0x622A, 0x622A, 0x622A, 0x622B, 0x6A4B, 0x6A4B,
    0x6A4B, 0x6A2B, 0x622B, 0x622A, 0x6A2B, 0x6A4B, 0x622A, 0x622A, 0x622A, 0x620A, 0x5A09, 0x5A09,
    0x59E9, 0x5A09, 0x620A, 0x5A0A, 0x5A0A, 0x5A0A, 0x5A0A, 0x5A0A, 0x5A09, 0x59E9, 0x51C9, 0x51C9,
    0x51E9, 0x51E9, 0x51C8, 0x49C8, 0x49C8, 0x4987, 0x4167, 0x4167, 0x4167, 0x3946, 0x3946, 0x3946,
    0x3946, 0x3946, 0x3946, 0x4146, 0x3947, 0x3947, 0x3947, 0x3947, 0x3947, 0x3947, 0x3947, 0x3946,
    0x3946, 0x3946, 0x3946, 0x3946, 0x3946, 0x3946, 0x3946, 0x3946, 0x3946, 0x3946, 0x3946, 0x4146,
    0x3946, 0x3946, 0x3946, 0x4187, 0x4187, 0x4187, 0x4187, 0x4187, 0x4187, 0x4167, 0x3946, 0x3946,
    0x3946, 0x3946, 0x3946, 0x3946, 0x3946, 0x3946, 0x3946, 0x3946, 0x3946, 0x3946, 0x3946, 0x3946,
    0x3946, 0x3946, 0x3946, 0x3946, 0x3946, 0x3946, 0x3946, 0x3946, 0x3946, 0x3946, 0x3946, 0x3946,
    0x3946, 0x3946, 0x3946, 0x3946, 0x3946, 0x3946, 0x3946, 0x3946, 0x3946, 0x3946, 0x3946, 0x3946,
    0x3946, 0x3946, 0x3946, 0x3946, 0x3946, 0x3946, 0x3946, 0x4146, 0x4146, 0x3946, 0x3946, 0x3946,
    0x3946, 0x3946, 0x3946, 0x3946, 0x3946, 0x3946, 0x3946, 0x3946, 0x3966, 0x3966, 0x3967, 0x4167,
    0x49A8, 0x49C8, 0x49C8, 0x51C8, 0x51C8, 0x51C9, 0x51C8, 0x51A8, 0x49A8, 0x49A8, 0x49C8, 0x49C8,
    0x49A8, 0x49A7, 0x4187, 0x4187, 0x4187, 0x4187, 0x4987, 0x4967, 0x4988, 0x49A8, 0x49A8, 0x49A8,
    0x49A8, 0x51C9, 0x51E9, 0x59E9, 0x59E9, 0x59E9, 0x5A09, 0x5A0A, 0x5A0A, 0x5A0A, 0x5A0A, 0x622A,
    0x624B, 0x6A4B, 0x6A2B, 0x622B, 0x6A2B, 0x6A4B, 0x622A, 0x620A, 0x620A, 0x6A2B, 0x6A2B, 0x6A2B,
    0x6A4B, 0x6A4B, 0x6A4B, 0x6A4B, 0x6A4B, 0x6A6B, 0x6A6B, 0x6A6C, 0x6A6C, 0x6A6C, 0x6A4B, 0x6A4B,
    0x6A4B, 0x6A4B, 0x622B, 0x622A, 0x620A, 0x59E9, 0x59E9, 0x51E9, 0x51C9, 0x51C8, 0x49C8, 0x49A8,
    0x49A8, 0x49A8, 0x51C8, 0x51E9, 0x5209, 0x5A09, 0x51E9, 0x5209, 0x5A09, 0x5A0A, 0x5A0A, 0x59E9,
    0x51E9, 0x51E9, 0x51C8, 0x49C8, 0x49A7, 0x4167, 0x4167, 0x4167, 0x4167, 0x4167, 0x4167, 0x4167,
    0x4167, 0x4187, 0x4167, 0x4187, 0x4167, 0x4167, 0x4167, 0x4167, 0x4167, 0x4187, 0x4167, 0x4167,
    0x4167, 0x4167, 0x4167, 0x4167, 0x4167, 0x4167, 0x4167, 0x4187, 0x4187, 0x4187, 0x4187, 0x4187,
    0x4187, 0x4187, 0x4187, 0x4187, 0x4187, 0x4187, 0x4187, 0x4187, 0x4187, 0x4187, 0x4187, 0x4187,
    0x4187, 0x4187, 0x4167, 0x4167, 0x4167, 0x4167, 0x4167, 0x4167, 0x4167, 0x4187, 0x4988, 0x4988,
    0x4987, 0x4987, 0x4988, 0x49A8, 0x49A8, 0x49A8, 0x49A8, 0x49A8, 0x5A2A, 0x622A, 0x622A, 0x622A,
    0x622A, 0x622A, 0x622A, 0x622A, 0x622A, 0x622A, 0x622A, 0x622A, 0x622A, 0x622A, 0x622A, 0x622A,
    0x620A, 0x620A, 0x5A09, 0x51E9, 0x51E9, 0x51E9, 0x51E9, 0x51E9, 0x51E9, 0x51E9, 0x51E9, 0x51E9,
    0x51E9, 0x51E9, 0x51E9, 0x51E9, 0x51E9, 0x51E9, 0x59E9, 0x5A0A, 0x5A0A, 0x5A09, 0x5A0A, 0x5A0A,
    0x5A0A, 0x5A0A, 0x5A0A, 0x5A0A, 0x5A0A, 0x5A0A, 0x5A0A, 0x5A0A, 0x5A0A, 0x5A09, 0x51E9, 0x51C8,
    0x49C8, 0x49A8, 0x49A8, 0x49A8, 0x49C8, 0x49C8, 0x49C8, 0x49A8, 0x49C8, 0x51C9, 0x51E9, 0x5A09,
    0x620A, 0x622A, 0x622A, 0x6A4B, 0x6A4B, 0x6A6B, 0x6A6B, 0x6A6B, 0x6A4B, 0x6A4B, 0x6A4B, 0x726C,
    0x726C, 0x726C, 0x726C, 0x726C, 0x726C, 0x726C, 0x726C, 0x726C, 0x726C, 0x6A6C, 0x6A4B, 0x6A6B,
    0x6A6B, 0x6A4B, 0x6A4B, 0x6A2B, 0x622B, 0x622B, 0x622B, 0x622B, 0x622B, 0x622B, 0x622B, 0x622B,
    0x622B, 0x622B, 0x622B, 0x622B, 0x622B, 0x622B, 0x622A, 0x622A, 0x622A, 0x622A, 0x622A, 0x622A,
    0x622A, 0x622B, 0x6A4B, 0x6A4B, 0x6A4B, 0x6A2B, 0x622A, 0x622A, 0x622A, 0x622A, 0x622A, 0x622A,
    0x622A, 0x5A0A, 0x51E9, 0x51E9, 0x51E9, 0x5A09, 0x5A0A, 0x5A0A, 0x5A09, 0x5A09, 0x5A09, 0x59E9,
    0x51E9, 0x51E9, 0x51C9, 0x51C9, 0x51C9, 0x51C9, 0x51C8, 0x49C8, 0x49C8, 0x4988, 0x4167, 0x4167,
    0x4167, 0x3946, 0x3946, 0x3946, 0x3946, 0x3946, 0x3946, 0x4146, 0x3947, 0x3947, 0x3947, 0x3947,
    0x3947, 0x3947, 0x3947, 0x3946, 0x3946, 0x3946, 0x3946, 0x3946, 0x3946, 0x3946, 0x3946, 0x3946,
    0x3946, 0x3946, 0x4167, 0x3946, 0x4167, 0x4167, 0x4147, 0x4987, 0x49A8, 0x49A8, 0x49A8, 0x49A8,
    0x49A8, 0x4987, 0x4167, 0x4167, 0x4167, 0x3946, 0x3966, 0x4146, 0x3946, 0x3946, 0x3946, 0x3946,
    0x3946, 0x3946, 0x3946, 0x3946, 0x3946, 0x3946, 0x3946, 0x3946, 0x3946, 0x3946, 0x4167, 0x4167,
    0x4167, 0x4167, 0x3946, 0x3946, 0x3946, 0x3946, 0x3946, 0x3946, 0x3946, 0x3946, 0x4167, 0x3946,
    0x3946, 0x3946, 0x3946, 0x3946, 0x3946, 0x3946, 0x3946, 0x3946, 0x3946, 0x3946, 0x3946, 0x4146,
    0x4146, 0x3946, 0x3946, 0x3946, 0x3946, 0x3946, 0x3946, 0x3946, 0x3966, 0x4167, 0x4167, 0x4167,
    0x3966, 0x4167, 0x4167, 0x4167, 0x49A8, 0x49A8, 0x49A8, 0x51C9, 0x51C9, 0x51C9, 0x51C9, 0x51A8,
    0x51A8, 0x51C9, 0x51C8, 0x51C9, 0x51C9, 0x49A8, 0x49A8, 0x4987, 0x4987, 0x4987, 0x4987, 0x4987,
    0x4988, 0x49A8, 0x49A8, 0x51C8, 0x51C9, 0x59E9, 0x59E9, 0x5A09, 0x5A09, 0x59E9, 0x5A0A, 0x622A,
    0x622A, 0x622A, 0x622A, 0x622A, 0x6A4B, 0x6A4B, 0x6A2B, 0x622A, 0x622A, 0x6A2A, 0x622A, 0x620A,
    0x620A, 0x6A2B, 0x6A2B, 0x622B, 0x6A2B, 0x6A4B, 0x6A4B, 0x6A6C, 0x6A6C, 0x6A6C, 0x6A6C, 0x6A6C,
    0x6A6C, 0x6A6C, 0x6A6B, 0x6A4B, 0x6A4B, 0x6A4B, 0x622B, 0x622B, 0x620A, 0x5A0A, 0x5A09, 0x59E9,
    0x51C9, 0x51C8, 0x49A8, 0x49A8, 0x49A8, 0x51C9, 0x51E9, 0x51E9, 0x51E9, 0x5A09, 0x5209, 0x5A09,
    0x5A0A, 0x5A0A, 0x5A09, 0x51E9, 0x51C9, 0x51C8, 0x49C8, 0x49A8, 0x49A8, 0x4167, 0x4167, 0x4167,
    0x4167, 0x4167, 0x4167, 0x4167, 0x4167, 0x4167, 0x4187, 0x4187, 0x4187, 0x4187, 0x4187, 0x4187,
    0x4187, 0x4187, 0x4167, 0x4167, 0x4167, 0x4167, 0x4167, 0x4167, 0x4167, 0x4167, 0x4167, 0x4187,
    0x4187, 0x4187, 0x4187, 0x4187, 0x4187, 0x4187, 0x4187, 0x4187, 0x4187, 0x4187, 0x4187, 0x4187,
    0x4187, 0x4187, 0x4187, 0x4187, 0x4187, 0x4187, 0x4167, 0x4167, 0x4167, 0x4167, 0x4167, 0x4187,
    0x4167, 0x4187, 0x49A8, 0x49A8, 0x4988, 0x49A8, 0x49A8, 0x49A8, 0x4988, 0x4988, 0x49A8, 0x49A8,
    0x51E9, 0x59E9, 0x5A09, 0x5A0A, 0x5A2A, 0x5A0A, 0x5A0A, 0x5A0A, 0x622A, 0x622A, 0x622A, 0x622A,
    0x622A, 0x622A, 0x622A, 0x620A, 0x620A, 0x620A, 0x5A2A, 0x5A0A, 0x5A0A, 0x5A0A, 0x5A0A, 0x5A0A,
    0x59E9, 0x51E9, 0x51E9, 0x51E9, 0x51E9, 0x51E9, 0x51E9, 0x51E9, 0x51E9, 0x5A09, 0x5A09, 0x5A09,
    0x5A09, 0x59E9, 0x5A0A, 0x622A, 0x620A, 0x620A, 0x620A, 0x620A, 0x622A, 0x620A, 0x620A, 0x620A,
    0x620A, 0x5A0A, 0x5A09, 0x51E9, 0x51C9, 0x51C9, 0x51C8, 0x49C8, 0x49C8, 0x49C8, 0x51C9, 0x51C9,
    0x51C8, 0x51C8, 0x51C9, 0x59E9, 0x5A09, 0x5A0A, 0x622A, 0x624B, 0x6A4B, 0x6A4B, 0x6A4B, 0x6A4B,
    0x6A4B, 0x6A4B, 0x6A4B, 0x6A4B, 0x724C, 0x724C, 0x726C, 0x726C, 0x726C, 0x726C, 0x726C, 0x726C,
    0x726C, 0x6A6B, 0x6A4B, 0x6A6B, 0x6A6B, 0x6A6B, 0x6A6B, 0x6A4B, 0x6A2B, 0x6A2B, 0x6A4B, 0x6A4B,
    0x622B, 0x622B, 0x622B, 0x622B, 0x622B, 0x622B, 0x622A, 0x622B, 0x6A4B, 0x6A4B, 0x624B, 0x622A,
    0x622A, 0x6A2B, 0x6A2B, 0x6A2B, 0x622B, 0x622B, 0x622B, 0x622B, 0x622A, 0x620A, 0x620A, 0x620A,
    0x5A09, 0x5A0A, 0x5A0A, 0x59E9, 0x59E9, 0x51E9, 0x51E9, 0x49E8, 0x51E8, 0x51E9, 0x51E9, 0x51E9,
    0x51E9, 0x51E9, 0x51E9, 0x51E9, 0x51E9, 0x51C9, 0x51E9, 0x51C8, 0x49A8, 0x49C8, 0x49C8, 0x49C8,
    0x51C8, 0x49C8, 0x49A8, 0x4187, 0x4187, 0x4187, 0x3967, 0x3946, 0x4167, 0x4167, 0x4167, 0x4147,
    0x3946, 0x3946, 0x3946, 0x3946, 0x3946, 0x3946, 0x3946, 0x3946, 0x3946, 0x3946, 0x3946, 0x3946,
    0x3946, 0x3946, 0x3946, 0x3946, 0x3946, 0x3946, 0x3946, 0x3946, 0x4167, 0x4167, 0x4167, 0x4988,
    0x51C8, 0x51C9, 0x59E9, 0x59E9, 0x5A09, 0x59E9, 0x51C9, 0x51C8, 0x49A8, 0x4987, 0x4167, 0x4167,
    0x4167, 0x4167, 0x3946, 0x3946, 0x3946, 0x3946, 0x3946, 0x3946, 0x4167, 0x4167, 0x3946, 0x3946,
    0x3946, 0x3946, 0x4167, 0x3946, 0x3946, 0x3946, 0x3946, 0x3946, 0x3946, 0x3946, 0x3946, 0x3946,
    0x3946, 0x3946, 0x3946, 0x4167, 0x3946, 0x3946, 0x3946, 0x3946, 0x3946, 0x3946, 0x3946, 0x3946,
    0x3946, 0x3946, 0x3946, 0x4146, 0x4146, 0x3946, 0x3946, 0x3946, 0x3946, 0x3946, 0x3946, 0x3966,
    0x3967, 0x4167, 0x4167, 0x4167, 0x4167, 0x4187, 0x4167, 0x4167, 0x4187, 0x4187, 0x49A8, 0x51E9,
    0x59E9, 0x51E9, 0x5A09, 0x5A0A, 0x59E9, 0x5A09, 0x5A09, 0x5A0A, 0x5A09, 0x51E9, 0x51C9, 0x51C9,
    0x51C9, 0x51C9, 0x51C9, 0x51C9, 0x51C9, 0x51E9, 0x5A09, 0x5A0A, 0x5A2A, 0x622A, 0x622A, 0x620A,
    0x620A, 0x620A, 0x620A, 0x622A, 0x622A, 0x622A, 0x622A, 0x622A, 0x622A, 0x6A2B, 0x6A2B, 0x6A4B,
    0x6A2B, 0x622A, 0x622A, 0x620A, 0x620A, 0x6A2B, 0x6A4B, 0x6A4B, 0x6A4B, 0x6A4B, 0x6A6C, 0x6A6C,
    0x6A6C, 0x6A6B, 0x6A6B, 0x6A6B, 0x6A6C, 0x6A6C, 0x6A6C, 0x6A6B, 0x6A4B, 0x6A4B, 0x622B, 0x622B,
    0x622A, 0x622A, 0x622A, 0x622A, 0x5A0A, 0x59E9, 0x51E9, 0x51E9, 0x51E9, 0x51E9, 0x51E9, 0x51E9,
    0x5A09, 0x5209, 0x5209, 0x5209, 0x51E9, 0x51E9, 0x51E9, 0x51C9, 0x49A8, 0x49A8, 0x49A8, 0x4187,
    0x4187, 0x4187, 0x4167, 0x4167, 0x4187, 0x4187, 0x4187, 0x4187, 0x4187, 0x4167, 0x4167, 0x4167,
    0x4187, 0x4187, 0x4187, 0x4187, 0x4187, 0x4187, 0x4167, 0x4167, 0x4167, 0x4167, 0x4167, 0x4167,
    0x4167, 0x4167, 0x4167, 0x4187, 0x4187, 0x4187, 0x4187, 0x4187, 0x4187, 0x4187, 0x4167, 0x4167,
    0x4187, 0x4187, 0x4187, 0x4187, 0x4167, 0x4167, 0x4167, 0x4167, 0x4187, 0x4187, 0x4187, 0x4187,
    0x4187, 0x4187, 0x4987, 0x4988, 0x4987, 0x4987, 0x4988, 0x4988, 0x49A8, 0x49A8, 0x49A8, 0x49A8,
    0x49A8, 0x49A8, 0x49A8, 0x49A8, 0x51C8, 0x51C9, 0x51E9, 0x5209, 0x5A09, 0x5A0A, 0x5A0A, 0x5A0A,
    0x5A2A, 0x5A2A, 0x5A2A, 0x620A, 0x620A, 0x622A, 0x622A, 0x620A, 0x620A, 0x622A, 0x624A, 0x622A,
    0x622A, 0x5A0A, 0x5A0A, 0x5A2A, 0x620A, 0x5A0A, 0x59E9, 0x59E9, 0x59E9, 0x59E9, 0x59E9, 0x59C9,
    0x59E9, 0x5A0A, 0x5A09, 0x5A09, 0x59E9, 0x59C9, 0x620A, 0x622A, 0x622A, 0x622A, 0x620A, 0x620A,
    0x620A, 0x620A, 0x620A, 0x620A, 0x620A, 0x5A0A, 0x5A09, 0x59E9, 0x51E9, 0x51E9, 0x51C9, 0x51C9,
    0x51C9, 0x51E9, 0x51E9, 0x51E9, 0x51E9, 0x51C9, 0x51C9, 0x59E9, 0x59E9, 0x5A0A, 0x5A0A, 0x622A,
    0x622A, 0x622B, 0x622B, 0x622B, 0x622B, 0x6A4B, 0x6A4B, 0x6A4B, 0x6A4B, 0x6A4B, 0x6A6B, 0x726C,
    0x726C, 0x6A6C, 0x6A6C, 0x726C, 0x726C, 0x6A6C, 0x6A4B, 0x6A4B, 0x6A6B, 0x6A6B, 0x6A6B, 0x6A4B,
    0x6A4B, 0x6A4B, 0x6A4B, 0x6A4B, 0x6A4B, 0x6A4B, 0x620A, 0x622B, 0x622B, 0x622B, 0x622B, 0x622B,
    0x6A4B, 0x622A, 0x622A, 0x622A, 0x624B, 0x6A4B, 0x6A4B, 0x6A4B, 0x6A4B, 0x6A2B, 0x620A, 0x620A,
    0x620A, 0x620A, 0x620A, 0x620A, 0x59E9, 0x59E9, 0x51E9, 0x51C9, 0x51C9, 0x51E9, 0x51E8, 0x51E8,
    0x51E8, 0x51E8, 0x51C9, 0x51E9, 0x51E9, 0x51C9, 0x51C9, 0x51C9, 0x51C9, 0x51C9, 0x51C9, 0x51C8,
    0x49A8, 0x49A8, 0x49A8, 0x49A8, 0x51C8, 0x49C8, 0x49A8, 0x49A8, 0x49A8, 0x41A8, 0x4167, 0x3946,
    0x3946, 0x3946, 0x3946, 0x3946, 0x4147, 0x4167, 0x4167, 0x4167, 0x3946, 0x3946, 0x3946, 0x3946,
    0x3946, 0x3946, 0x3946, 0x3946, 0x3946, 0x3946, 0x3946, 0x3946, 0x3946, 0x3946, 0x3946, 0x4167,
    0x4187, 0x4187, 0x4988, 0x49A8, 0x51E9, 0x59EA, 0x620A, 0x620A, 0x622A, 0x622A, 0x620A, 0x59E9,
    0x51C9, 0x49A8, 0x4167, 0x4167, 0x4167, 0x4167, 0x4167, 0x4167, 0x3946, 0x3946, 0x3946, 0x3946,
    0x4167, 0x4167, 0x3946, 0x3946, 0x3946, 0x3946, 0x4167, 0x3946, 0x3946, 0x3946, 0x3946, 0x3946,
    0x3946, 0x3946, 0x4167, 0x4167, 0x4167, 0x4167, 0x4167, 0x4167, 0x3946, 0x3946, 0x4167, 0x4167,
    0x4167, 0x4167, 0x4167, 0x4167, 0x4167, 0x4167, 0x4167, 0x4146, 0x4146, 0x4166, 0x4166, 0x4166,
    0x3966, 0x3966, 0x3966, 0x4187, 0x4167, 0x4167, 0x4167, 0x4167, 0x4167, 0x4187, 0x4187, 0x4187,
    0x4187, 0x4187, 0x49A8, 0x51C9, 0x51E9, 0x5A0A, 0x5A2A, 0x622A, 0x620A, 0x620A, 0x620A, 0x620A,
    0x5A0A, 0x59E9, 0x59E9, 0x59E9, 0x59E9, 0x59E9, 0x59E9, 0x51E9, 0x51E9, 0x5A0A, 0x5A2A, 0x622A,
    0x622A, 0x622A, 0x622A, 0x622A, 0x622A, 0x622A, 0x622A, 0x620A, 0x622A, 0x622A, 0x622A, 0x622A,
    0x622A, 0x6A2B, 0x6A4B, 0x6A6B, 0x6A4B, 0x6A2B, 0x6A2B, 0x622A, 0x622A, 0x6A2B, 0x6A4B, 0x6A4B,
    0x6A4B, 0x6A4B, 0x6A4B, 0x6A4B, 0x6A4B, 0x6A6C, 0x6A6C, 0x6A6C, 0x6A6B, 0x6A6B, 0x6A6B, 0x6A4B,
    0x6A4B, 0x6A4B, 0x622B, 0x622B, 0x622A, 0x622A, 0x622A, 0x622A, 0x622A, 0x5A0A, 0x59E9, 0x59E9,
    0x51E9, 0x51E9, 0x51E9, 0x51E9, 0x5A09, 0x5209, 0x5209, 0x5209, 0x51E9, 0x51E9, 0x51E9, 0x51C9,
    0x49A8, 0x4187, 0x49A8, 0x4187, 0x4187, 0x4187, 0x4187, 0x4167, 0x4187, 0x4187, 0x4187, 0x4167,
    0x4167, 0x4167, 0x4167, 0x4167, 0x4167, 0x4167, 0x4167, 0x4187, 0x4187, 0x4187, 0x4167, 0x4167,
    0x4167, 0x4167, 0x4167, 0x4167, 0x4167, 0x4167, 0x4167, 0x4187, 0x4187, 0x4187, 0x4187, 0x4187,
    0x4187, 0x4187, 0x4167, 0x4167, 0x4187, 0x4167, 0x4167, 0x4167, 0x4167, 0x4167, 0x4167, 0x4167,
    0x4167, 0x4188, 0x4988, 0x4988, 0x4988, 0x4988, 0x4988, 0x4988, 0x49A8, 0x49A8, 0x49A8, 0x49A8,
    0x49A8, 0x49A8, 0x49C8, 0x49C8, 0x49C8, 0x51C8, 0x51C8, 0x49A8, 0x51C8, 0x51C8, 0x51E9, 0x51E9,
    0x51E9, 0x51E9, 0x5209, 0x5209, 0x51E9, 0x59E9, 0x59E9, 0x5A09, 0x5A0A, 0x5A0A, 0x622A, 0x622A,
    0x620A, 0x620A, 0x622A, 0x622A, 0x6A4B, 0x624B, 0x624B, 0x624B, 0x622A, 0x622A, 0x622A, 0x622A,
    0x622A, 0x622A, 0x620A, 0x5A0A, 0x5A0A, 0x5A0A, 0x5A0A, 0x620A, 0x620A, 0x5A0A, 0x620A, 0x622A,
    0x622A, 0x622A, 0x622A, 0x620A, 0x5A0A, 0x5A0A, 0x5A0A, 0x5A0A, 0x5A0A, 0x620A, 0x620A, 0x620A,
    0x5A0A, 0x59E9, 0x59E9, 0x59E9, 0x59E9, 0x59E9, 0x51E9, 0x51E9, 0x51C9, 0x51C9, 0x59E9, 0x5A0A,
    0x5A09, 0x5A0A, 0x5A09, 0x5A09, 0x620A, 0x622A, 0x622A, 0x622A, 0x622B, 0x622A, 0x622B, 0x622B,
    0x622B, 0x6A4B, 0x6A6B, 0x6A6C, 0x6A6C, 0x6A6C, 0x6A6C, 0x726C, 0x726C, 0x6A6C, 0x6A4B, 0x6A4B,
    0x6A6B, 0x6A6B, 0x6A6B, 0x6A4B, 0x6A4B, 0x6A4B, 0x6A4B, 0x6A4B, 0x6A4B, 0x6A4B, 0x6A4B, 0x6A4B,
    0x6A4B, 0x6A4B, 0x624B, 0x624B, 0x622B, 0x622A, 0x622A, 0x6A6B, 0x6A6B, 0x6A4B, 0x6A4B, 0x6A4B,
    0x6A4B, 0x6A4B, 0x6A4B, 0x6A4B, 0x6A2B, 0x620A, 0x620A, 0x620A, 0x5A09, 0x59E9, 0x51E9, 0x51E9,
    0x51C9, 0x51C8, 0x51E8, 0x51E8, 0x51E9, 0x51E9, 0x59E9, 0x5A09, 0x59E9, 0x59E9, 0x51E9, 0x51E9,
    0x59E9, 0x51E9, 0x51E9, 0x51C9, 0x49C8, 0x49A8, 0x49A8, 0x49A8, 0x49A8, 0x49A8, 0x4187, 0x4188,
    0x4187, 0x4187, 0x4167, 0x3967, 0x4167, 0x4167, 0x4167, 0x4167, 0x4167, 0x4167, 0x4167, 0x4167,
    0x4167, 0x4167, 0x4167, 0x3946, 0x3946, 0x3946, 0x3946, 0x3946, 0x3946, 0x3946, 0x3946, 0x3946,
    0x3946, 0x3946, 0x3946, 0x4167, 0x4187, 0x4988, 0x49A8, 0x51C9, 0x59E9, 0x61EA, 0x620A, 0x620A,
    0x622A, 0x622A, 0x622A, 0x622A, 0x59E9, 0x59E9, 0x51A8, 0x49A8, 0x4988, 0x4167, 0x4167, 0x4167,
    0x4166, 0x3946, 0x3946, 0x3946, 0x3946, 0x3946, 0x3946, 0x3946, 0x3946, 0x3946, 0x4167, 0x3946,
    0x3946, 0x3946, 0x3946, 0x3946, 0x3946, 0x4167, 0x4167, 0x4167, 0x4167, 0x4167, 0x4167, 0x4167,
    0x3946, 0x3946, 0x4167, 0x4167, 0x4167, 0x4167, 0x4167, 0x4167, 0x4187, 0x4187, 0x4187, 0x4187,
    0x4167, 0x4187, 0x4187, 0x4187, 0x4187, 0x4187, 0x4187, 0x4187, 0x4187, 0x4167, 0x4167, 0x4167,
    0x4167, 0x4187, 0x4187, 0x4187, 0x4187, 0x4187, 0x4187, 0x49A8, 0x51C8, 0x51C9, 0x51E9, 0x59E9,
    0x59E9, 0x59E9, 0x61E9, 0x59E9, 0x59E9, 0x59E9, 0x59E9, 0x59E9, 0x5A09, 0x5A09, 0x5A0A, 0x5A0A,
    0x5A0A, 0x5A0A, 0x5A2A, 0x622A, 0x622A, 0x622A, 0x622A, 0x622A, 0x622A, 0x622A, 0x622A, 0x622A,
    0x622A, 0x622A, 0x622A, 0x622A, 0x6A2B, 0x6A4B, 0x6A4B, 0x6A6B, 0x6A4B, 0x6A4B, 0x6A4B, 0x6A4B,
    0x6A4B, 0x6A2B, 0x6A4B, 0x6A4B, 0x6A4B, 0x6A4B, 0x6A4B, 0x6A4B, 0x6A4B, 0x6A4B, 0x6A4B, 0x6A4B,
    0x6A4B, 0x6A4B, 0x6A4B, 0x6A4B, 0x6A4B, 0x6A2B, 0x6A2B, 0x6A2B, 0x622B, 0x622B, 0x622A, 0x5A0A,
    0x5A09, 0x59E9, 0x59E9, 0x51E9, 0x51C8, 0x51C8, 0x51C8, 0x49C8, 0x51C8, 0x49C8, 0x49C8, 0x49C8,
    0x49A8, 0x49A8, 0x49A8, 0x4188, 0x4187, 0x4187, 0x4187, 0x4187, 0x4187, 0x4187, 0x4167, 0x4167,
    0x4167, 0x4167, 0x4167, 0x4167, 0x4167, 0x4167, 0x4167, 0x4167, 0x4167, 0x4167, 0x4167, 0x4187,
    0x4187, 0x4187, 0x4167, 0x4167, 0x4167, 0x4167, 0x4167, 0x4167, 0x4167, 0x4167, 0x4167, 0x4187,
    0x4187, 0x4187, 0x4187, 0x4187, 0x4187, 0x4187, 0x4167, 0x4167, 0x4187, 0x4187, 0x4987, 0x4987,
    0x4988, 0x4988, 0x4988, 0x4988, 0x4988, 0x4988, 0x4988, 0x4988, 0x4988, 0x4988, 0x4988, 0x4988,
    0x49A8, 0x49A8, 0x49A8, 0x49A8, 0x49A8, 0x49A8, 0x49A8, 0x49A8, 0x49A8, 0x49A8, 0x49A8, 0x49A8,
    0x51C8, 0x51C9, 0x51E9, 0x51E9, 0x51E9, 0x51E9, 0x5209, 0x5209, 0x51E9, 0x51E9, 0x5209, 0x5A09,
    0x5A0A, 0x5A0A, 0x5A2A, 0x622A, 0x5A2A, 0x5A0A, 0x622A, 0x622A, 0x624B, 0x6A4B, 0x6A4B, 0x6A4B,
    0x6A4B, 0x6A4B, 0x6A2A, 0x6A4B, 0x6A2A, 0x622A, 0x622A, 0x622A, 0x622A, 0x622A, 0x622A, 0x622A,
    0x622A, 0x622A, 0x622A, 0x622A, 0x622A, 0x622A, 0x622A, 0x622A, 0x622A, 0x622A, 0x622A, 0x622A,
    0x622A, 0x622A, 0x622A, 0x622A, 0x620A, 0x620A, 0x620A, 0x5A0A, 0x5A0A, 0x5A09, 0x59E9, 0x59E9,
    0x59E9, 0x59E9, 0x5A09, 0x5A0A, 0x5A09, 0x5A09, 0x5A09, 0x5A09, 0x5A0A, 0x622A, 0x622A, 0x622A,
    0x622B, 0x622A, 0x622A, 0x622A, 0x622A, 0x6A4B, 0x6A4B, 0x6A6B, 0x6A6B, 0x6A6C, 0x6A6C, 0x6A6C,
    0x726C, 0x726C, 0x6A4B, 0x6A4B, 0x6A6B, 0x6A6B, 0x6A6B, 0x6A4B, 0x6A4B, 0x6A4B, 0x6A4B, 0x6A4B,
    0x6A4B, 0x6A4B, 0x6A4B, 0x6A4B, 0x6A4B, 0x6A4B, 0x622A, 0x622A, 0x622A, 0x622A, 0x622A, 0x6A4B,
    0x6A6B, 0x6A4B, 0x6A4B, 0x6A4B, 0x6A4B, 0x6A4B, 0x6A6B, 0x6A6B, 0x6A4B, 0x622A, 0x622A, 0x620A,
    0x5A09, 0x59E9, 0x51E9, 0x51C9, 0x51E9, 0x51E9, 0x51E8, 0x51E8, 0x49E8, 0x51E9, 0x5209, 0x5A09,
    0x59E9, 0x5A09, 0x59E9, 0x59E9, 0x5A0A, 0x5A0A, 0x59E9, 0x51E9, 0x51C8, 0x49C8, 0x49A8, 0x49A8,
    0x49A8, 0x49A7, 0x4187, 0x4187, 0x4187, 0x4187, 0x4167, 0x4167, 0x4167, 0x4167, 0x4167, 0x4167,
    0x4167, 0x4167, 0x4167, 0x4167, 0x4167, 0x4167, 0x3967, 0x3946, 0x3946, 0x3946, 0x3946, 0x3946,
    0x3946, 0x3946, 0x3946, 0x3946, 0x3946, 0x3967, 0x4167, 0x4187, 0x41A7, 0x49A8, 0x51A8, 0x51C9,
    0x59E9, 0x5A0A, 0x620A, 0x620A, 0x622A, 0x622A, 0x622A, 0x622A, 0x5A09, 0x5A09, 0x51E9, 0x51C8,
    0x4988, 0x4167, 0x4167, 0x3946, 0x3946, 0x3946, 0x3946, 0x3946, 0x3946, 0x3946, 0x3946, 0x3946,
    0x3946, 0x3946, 0x3946, 0x3946, 0x3946, 0x3946, 0x3946, 0x3946, 0x4167, 0x4167, 0x4167, 0x4167,
    0x4167, 0x4167, 0x4167, 0x3967, 0x3967, 0x3967, 0x4167, 0x4167, 0x4167, 0x4167, 0x4167, 0x4167,
    0x4187, 0x4187, 0x4187, 0x4187, 0x4187, 0x4187, 0x4187, 0x4187, 0x4187, 0x4187, 0x4187, 0x4187,
    0x4187, 0x4187, 0x4187, 0x4187, 0x4187, 0x4187, 0x4187, 0x4187, 0x4187, 0x4187, 0x4167, 0x4187,
    0x49A8, 0x49C8, 0x51C8, 0x51C8, 0x51C9, 0x51E9, 0x51E9, 0x51E9, 0x51E9, 0x5A09, 0x5A09, 0x5A09,
    0x5A09, 0x59E9, 0x59E9, 0x5A0A, 0x5A0A, 0x5A0A, 0x5A2A, 0x622A, 0x622A, 0x622A, 0x622A, 0x622A,
    0x5A0A, 0x5A0A, 0x5A0A, 0x622A, 0x622A, 0x622A, 0x622A, 0x622A, 0x6A2B, 0x6A4B, 0x6A4B, 0x6A4B,
    0x6A4B, 0x6A4B, 0x6A4B, 0x6A4B, 0x6A4B, 0x6A4B, 0x6A4B, 0x6A4B, 0x6A4B, 0x6A4B, 0x6A4B, 0x6A4B,
    0x6A4B, 0x6A4B, 0x6A4B, 0x6A4B, 0x6A4B, 0x6A4B, 0x6A4B, 0x6A4B, 0x6A4B, 0x624B, 0x622B, 0x622B,
    0x622B, 0x624B, 0x622A, 0x5A09, 0x59E9, 0x59E9, 0x51E9, 0x51E9, 0x49C8, 0x49A8, 0x4187, 0x4187,
    0x4187, 0x4987, 0x49A8, 0x49A8, 0x49A8, 0x49A7, 0x4187, 0x4187, 0x4187, 0x4187, 0x4187, 0x4187,
    0x4187, 0x4187, 0x4167, 0x4167, 0x4167, 0x4167, 0x4167, 0x4167, 0x4167, 0x4167, 0x4167, 0x4167,
    0x4187, 0x4187, 0x4187, 0x4187, 0x4187, 0x4187, 0x4167, 0x4167, 0x4167, 0x4167, 0x4167, 0x4167,
    0x4167, 0x4167, 0x4167, 0x4167, 0x4167, 0x4167, 0x4167, 0x4187, 0x4187, 0x4187, 0x4187, 0x4187,
    0x4187, 0x4987, 0x49A8, 0x49A8, 0x49A8, 0x49A8, 0x49A8, 0x49A8, 0x4988, 0x49A8, 0x49A8, 0x49A8,
    0x49A8, 0x49A8, 0x49A8, 0x49A8, 0x49A8, 0x49A8, 0x49A8, 0x49A8, 0x49A8, 0x49A8, 0x49A8, 0x49A8,
    0x49A8, 0x49A8, 0x4988, 0x49A8, 0x51C8, 0x51E9, 0x51E9, 0x51E9, 0x51E9, 0x51E9, 0x5209, 0x5A09,
    0x5209, 0x5209, 0x5A09, 0x5A09, 0x5A0A, 0x5A2A, 0x5A2A, 0x5A2A, 0x5A2A, 0x5A0A, 0x5A0A, 0x5A2A,
    0x622A, 0x622A, 0x622A, 0x622A, 0x6A4B, 0x6A2B, 0x6A2A, 0x622A, 0x622A, 0x6A4B, 0x6A4B, 0x6A4B,
    0x6A4B, 0x6A4B, 0x6A4B, 0x6A4B, 0x6A4B, 0x6A4B, 0x6A4B, 0x6A4B, 0x6A4B, 0x6A4B, 0x6A4B, 0x624B,
    0x624B, 0x624B, 0x6A4B, 0x6A4B, 0x6A4B, 0x622A, 0x622A, 0x622A, 0x622A, 0x620A, 0x620A, 0x622A,
    0x622A, 0x5A0A, 0x5A0A, 0x5A09, 0x5A09, 0x5A09, 0x5A09, 0x5A0A, 0x59E9, 0x59E9, 0x5A09, 0x5A09,
    0x5A0A, 0x622A, 0x622A, 0x622A, 0x6A4B, 0x6A4B, 0x624B, 0x6A2B, 0x6A2B, 0x6A4B, 0x6A4B, 0x6A6B,
    0x6A6B, 0x6A6B, 0x6A6C, 0x6A6C, 0x726C, 0x726C, 0x6A4B, 0x6A4B, 0x6A6B, 0x6A6B, 0x6A4B, 0x6A4B,
    0x6A4B, 0x6A4B, 0x6A4B, 0x6A4B, 0x6A4B, 0x6A4B, 0x6A4B, 0x6A4B, 0x6A4B, 0x6A2B, 0x620A, 0x622A,
    0x622A, 0x622A, 0x622A, 0x6A2B, 0x6A4B, 0x6A4B, 0x6A4B, 0x6A4B, 0x6A4B, 0x624B, 0x624B, 0x624B,
    0x622A, 0x620A, 0x59E9, 0x59E9, 0x51E9, 0x51C9, 0x49C8, 0x49C8, 0x49C8, 0x49C8, 0x49A8, 0x49A8,
    0x49A7, 0x49A8, 0x51C8, 0x51E9, 0x59E9, 0x59E9, 0x5A09, 0x59E9, 0x5A0A, 0x5A0A, 0x59E9, 0x59E9,
    0x51E9, 0x51C9, 0x49A8, 0x49A8, 0x49A8, 0x49A7, 0x4187, 0x4187, 0x3967, 0x4167, 0x4187, 0x4187,
    0x4187, 0x4187, 0x4187, 0x4187, 0x4167, 0x4167, 0x4167, 0x4167, 0x4167, 0x4167, 0x4167, 0x4167,
    0x4167, 0x3967, 0x4146, 0x4167, 0x4167, 0x4167, 0x4167, 0x4167, 0x4167, 0x3967, 0x3967, 0x4167,
    0x4187, 0x4987, 0x49A8, 0x49A8, 0x51A8, 0x51A9, 0x51E9, 0x51E9, 0x59E9, 0x59E9, 0x5A09, 0x5A09,
    0x59E9, 0x5209, 0x51E9, 0x51E9, 0x49C8, 0x49A8, 0x4187, 0x4167, 0x4167, 0x4167, 0x4167, 0x4167,
    0x4167, 0x4167, 0x4167, 0x4167, 0x4167, 0x4167, 0x4167, 0x4167, 0x4167, 0x4167, 0x4167, 0x4167,
    0x4187, 0x4187, 0x4187, 0x4167, 0x4167, 0x4167, 0x4167, 0x4167, 0x4167, 0x4167, 0x4187, 0x4187,
    0x4187, 0x4187, 0x4187, 0x4167, 0x4187, 0x4187, 0x4187, 0x4187, 0x4187, 0x4187, 0x4187, 0x4187,
    0x4187, 0x4187, 0x4187, 0x4187, 0x4187, 0x4187, 0x4187, 0x4187, 0x4187, 0x4187, 0x4187, 0x4187,
    0x4187, 0x4187, 0x4187, 0x4187, 0x4187, 0x4187, 0x4187, 0x4987, 0x4988, 0x49A8, 0x49A8, 0x49A8,
    0x49A8, 0x49C8, 0x49C8, 0x51C8, 0x51C9, 0x51C9, 0x51E9, 0x59E9, 0x59E9, 0x5A0A, 0x5A0A, 0x5A2A,
    0x5A2A, 0x5A0A, 0x5A0A, 0x5A0A, 0x5A0A, 0x5A0A, 0x5A0A, 0x5A0A, 0x620A, 0x620A, 0x620A, 0x622A,
    0x6A2B, 0x6A4B, 0x6A4B, 0x6A4B, 0x6A4B, 0x6A4B, 0x6A4B, 0x624B, 0x624B, 0x6A4B, 0x6A4B, 0x6A4B,
    0x624A, 0x624B, 0x622A, 0x622A, 0x624B, 0x624B, 0x624B, 0x624B, 0x624B, 0x624B, 0x624B, 0x622A,
    0x622A, 0x622B, 0x622A, 0x5A0A, 0x5A0A, 0x5A0A, 0x5A09, 0x51C9, 0x49A8, 0x49A8, 0x49A8, 0x49A8,
    0x4187, 0x4187, 0x4187, 0x4187, 0x4187, 0x4187, 0x4187, 0x4187, 0x4187, 0x4187, 0x4187, 0x4187,
    0x4187, 0x4187, 0x4187, 0x4187, 0x4187, 0x4187, 0x4167, 0x4167, 0x4167, 0x4167, 0x4167, 0x4167,
    0x4167, 0x4167, 0x4167, 0x4167, 0x4167, 0x4167, 0x4167, 0x4167, 0x4167, 0x4167, 0x4167, 0x4167,
    0x4167, 0x4167, 0x4167, 0x4167, 0x4167, 0x4167, 0x4167, 0x4167, 0x4187, 0x4167, 0x4187, 0x4187,
    0x4187, 0x4987, 0x4187, 0x4187, 0x4987, 0x4988, 0x49A8, 0x49A8, 0x49A8, 0x49A8, 0x49A8, 0x49A8,
    0x49A8, 0x49A8, 0x49A8, 0x49A8, 0x49A8, 0x49A8, 0x49A8, 0x49A8, 0x49A8, 0x49A8, 0x49A8, 0x49A8,
    0x49A8, 0x49A8, 0x49A8, 0x49A8, 0x49A8, 0x49A8, 0x49A8, 0x49A8, 0x51C8, 0x51C9, 0x59E9, 0x59E9,
    0x59E9, 0x59E9, 0x5A0A, 0x5A0A, 0x5A0A, 0x5A0A, 0x620A, 0x5A0A, 0x5A0A, 0x5A2A, 0x5A2A, 0x5A2A,
    0x5A0A, 0x5A0A, 0x5A0A, 0x5A0A, 0x5A0A, 0x5A0A, 0x620A, 0x620A, 0x622A, 0x622A, 0x624B, 0x622A,
    0x624B, 0x6A6B, 0x6A6B, 0x6A4B, 0x6A4B, 0x6A4B, 0x6A4B, 0x6A4B, 0x6A4B, 0x6A4B, 0x6A4B, 0x6A4B,
    0x6A4B, 0x6A4B, 0x6A4B, 0x6A4B, 0x6A4B, 0x6A4B, 0x6A4B, 0x6A4B, 0x6A4B, 0x6A2B, 0x622A, 0x622A,
    0x622A, 0x622A, 0x622A, 0x622A, 0x622A, 0x622A, 0x622A, 0x5A0A, 0x5A0A, 0x5A2A, 0x5A2A, 0x5A0A,
    0x59E9, 0x59E9, 0x59E9, 0x59E9, 0x5A0A, 0x622A, 0x622A, 0x622A, 0x6A4B, 0x6A6B, 0x6A6B, 0x6A4B,
    0x6A4B, 0x6A4B, 0x6A4B, 0x6A4B, 0x6A6B, 0x6A6C, 0x6A6C, 0x726C, 0x6A6C, 0x6A6C, 0x6A6C, 0x6A4B,
    0x6A4B, 0x6A6B, 0x6A4B, 0x6A6B, 0x6A4B, 0x6A4B, 0x6A4B, 0x6A4B, 0x6A4B, 0x6A4B, 0x6A4B, 0x6A4B,
    0x6A4B, 0x6A4B, 0x622A, 0x622A, 0x622A, 0x622A, 0x622A, 0x622A, 0x622A, 0x6A2B, 0x6A4B, 0x6A4B,
    0x6A4B, 0x622A, 0x622A, 0x622A, 0x620A, 0x5A0A, 0x59E9, 0x51C9, 0x51C9, 0x51C8, 0x49C8, 0x49C8,
    0x49A7, 0x4187, 0x4187, 0x4187, 0x4187, 0x4187, 0x49A8, 0x51C8, 0x51E9, 0x59E9, 0x5A0A, 0x5A0A,
    0x620A, 0x620A, 0x5A0A, 0x5A2A, 0x5A0A, 0x51E9, 0x49A8, 0x49A8, 0x49A8, 0x49A7, 0x4187, 0x4187,
    0x3967, 0x4167, 0x4187, 0x4187, 0x4187, 0x4187, 0x4187, 0x4187, 0x4187, 0x4187, 0x4187, 0x4167,
    0x4167, 0x4167, 0x4167, 0x4167, 0x4167, 0x4167, 0x4167, 0x4167, 0x4167, 0x4187, 0x4187, 0x4187,
    0x4187, 0x4167, 0x4167, 0x3966, 0x4167, 0x4187, 0x49A8, 0x49A8, 0x4987, 0x4987, 0x49A8, 0x49A8,
    0x51C8, 0x51C9, 0x51E9, 0x51C9, 0x51E9, 0x51E9, 0x5209, 0x51E9, 0x51E9, 0x51E8, 0x4187, 0x4167,
    0x4167, 0x4167, 0x4167, 0x4167, 0x4167, 0x4167, 0x4167, 0x4167, 0x4167, 0x4167, 0x4187, 0x4187,
    0x4187, 0x4187, 0x4187, 0x4187, 0x4187, 0x4187, 0x4187, 0x4187, 0x4187, 0x4187, 0x4187, 0x4187,
    0x4167, 0x4167, 0x4167, 0x4167, 0x4167, 0x4167, 0x4167, 0x4187, 0x4187, 0x4187, 0x4187, 0x4187,
    0x4187, 0x4187, 0x4187, 0x4187, 0x4187, 0x4187, 0x4187, 0x4187, 0x4187, 0x4187, 0x4187, 0x4187,
    0x4187, 0x4187, 0x4187, 0x4187, 0x4187, 0x4187, 0x4187, 0x4187, 0x4187, 0x4187, 0x4187, 0x4187,
    0x4187, 0x4187, 0x4187, 0x4187, 0x41A7, 0x49A8, 0x49A8, 0x49A8, 0x51C8, 0x51E9, 0x51E9, 0x51E9,
    0x51E9, 0x5A09, 0x5A0A, 0x5A09, 0x59E9, 0x59E9, 0x51E9, 0x59E9, 0x59E9, 0x5A0A, 0x5A0A, 0x5A0A,
    0x620A, 0x620A, 0x622A, 0x622A, 0x622A, 0x6A4B, 0x6A4B, 0x6A4B, 0x6A4B, 0x6A4B, 0x6A4B, 0x622A,
    0x622A, 0x622A, 0x622A, 0x622A, 0x622A, 0x620A, 0x620A, 0x620A, 0x620A, 0x5A0A, 0x5A0A, 0x5A0A,
    0x5A0A, 0x5A2A, 0x620A, 0x622A, 0x622A, 0x622A, 0x5A2A, 0x5A0A, 0x5A09, 0x51E9, 0x51C9, 0x49A8,
    0x4167, 0x4167, 0x4167, 0x4167, 0x4167, 0x4187, 0x4187, 0x4167, 0x4187, 0x4187, 0x4187, 0x4187,
    0x4187, 0x4187, 0x4187, 0x4187, 0x4187, 0x4187, 0x4187, 0x4187, 0x4187, 0x4187, 0x4167, 0x4167,
    0x4167, 0x4167, 0x4167, 0x4167, 0x4167, 0x4167, 0x4167, 0x4167, 0x4167, 0x4167, 0x4167, 0x4167,
    0x4167, 0x4167, 0x4167, 0x4167, 0x4167, 0x4167, 0x4167, 0x4167, 0x4167, 0x4167, 0x4167, 0x4187,
    0x4987, 0x4988, 0x49A8, 0x4988, 0x4987, 0x4988, 0x4987, 0x4988, 0x4988, 0x4987, 0x4988, 0x49A8,
    0x49A8, 0x49C8, 0x51E9, 0x51C9, 0x51E9, 0x49C8, 0x49A8, 0x49A8, 0x49A8, 0x49A8, 0x49A8, 0x49A8,
    0x49A8, 0x49A8, 0x49A8, 0x49A8, 0x49A8, 0x49A8, 0x49A8, 0x49A8, 0x49A8, 0x49A8, 0x49A8, 0x49A8,
    0x51C9, 0x51C9, 0x51E9, 0x51E9, 0x51E9, 0x51E9, 0x59E9, 0x5A0A, 0x59E9, 0x620A, 0x620A, 0x622A,
    0x620A, 0x620A, 0x620A, 0x620A, 0x620A, 0x620A, 0x5A0A, 0x5A0A, 0x5A0A, 0x5A0A, 0x5A0A, 0x5A0A,
    0x5A0A, 0x622A, 0x622A, 0x622A, 0x622A, 0x624B, 0x6A4B, 0x6A4B, 0x6A4B, 0x6A4B, 0x6A4B, 0x6A4B,
    0x6A4B, 0x6A4B, 0x6A6B, 0x6A6B, 0x6A4B, 0x6A6B, 0x6A6C, 0x6A4C, 0x6A4C, 0x6A4C, 0x6A4C, 0x6A4C,
    0x6A4C, 0x6A4B, 0x6A4B, 0x6A4B, 0x6A4B, 0x6A2B, 0x6A2B, 0x622B, 0x622A, 0x622A, 0x622A, 0x620A,
    0x622A, 0x622A, 0x622A, 0x622A, 0x5A0A, 0x5A0A, 0x5A0A, 0x5A0A, 0x620A, 0x622A, 0x622A, 0x622A,
    0x6A4B, 0x6A6C, 0x726B, 0x726B, 0x726B, 0x726B, 0x726B, 0x726B, 0x726B, 0x726C, 0x6A6C, 0x6A6C,
    0x6A6C, 0x6A6C, 0x6A6C, 0x6A6B, 0x6A6B, 0x6A6C, 0x6A6C, 0x6A6C, 0x6A6B, 0x6A6B, 0x6A4B, 0x6A4B,
    0x6A4B, 0x6A4B, 0x6A4B, 0x6A4B, 0x6A4B, 0x6A4B, 0x622A, 0x622A, 0x622A, 0x622A, 0x622A, 0x622A,
    0x622A, 0x622A, 0x622A, 0x622A, 0x622A, 0x620A, 0x5A0A, 0x5A09, 0x5A09, 0x59E9, 0x51E9, 0x51C9,
    0x51C9, 0x51C8, 0x49A8, 0x49A8, 0x4187, 0x4187, 0x4187, 0x4187, 0x4187, 0x4187, 0x49A8, 0x49A8,
    0x51C8, 0x51E9, 0x5A09, 0x5A0A, 0x620A, 0x620A, 0x5A0A, 0x622A, 0x5A2A, 0x5A09, 0x51C9, 0x49C8,
    0x49A8, 0x49A7, 0x4187, 0x4187, 0x4167, 0x4187, 0x4187, 0x4187, 0x4187, 0x4187, 0x4187, 0x4187,
    0x4187, 0x4187, 0x4167, 0x4167, 0x4187, 0x4168, 0x4187, 0x4187, 0x4187, 0x4187, 0x4187, 0x4187,
    0x4187, 0x4187, 0x4187, 0x4187, 0x41A8, 0x4187, 0x4167, 0x4167, 0x4167, 0x4187, 0x41A7, 0x41A7,
    0x41A8, 0x49A7, 0x4987, 0x4987, 0x49A8, 0x49A8, 0x49A8, 0x49A8, 0x49A8, 0x49A8, 0x49A8, 0x49C8,
    0x49A8, 0x49A8, 0x4187, 0x4167, 0x4167, 0x4167, 0x4167, 0x4167, 0x4167, 0x4167, 0x4187, 0x4187,
    0x4187, 0x4187, 0x4167, 0x4187, 0x4187, 0x4187, 0x4187, 0x4187, 0x4187, 0x4166, 0x4187, 0x4187,
    0x4187, 0x4187, 0x4187, 0x4167, 0x4187, 0x4988, 0x4988, 0x4988, 0x4988, 0x4988, 0x4987, 0x4187,
    0x4167, 0x4187, 0x4187, 0x4187, 0x4187, 0x4187, 0x4187, 0x4187, 0x4187, 0x4187, 0x4187, 0x4187,
    0x4187, 0x4187, 0x4187, 0x4187, 0x4167, 0x4167, 0x4167, 0x4187, 0x4187, 0x4187, 0x4187, 0x4187,
    0x4187, 0x4187, 0x4187, 0x4187, 0x4187, 0x4187, 0x4187, 0x4187, 0x41A7, 0x41A7, 0x41A7, 0x4188,
    0x49A8, 0x49C8, 0x49C8, 0x49C8, 0x51E9, 0x51E9, 0x51E9, 0x59E9, 0x51E9, 0x51C9, 0x51C9, 0x51C9,
    0x59E9, 0x5A0A, 0x622A, 0x622A, 0x622A, 0x622A, 0x622A, 0x622A, 0x622A, 0x6A4B, 0x6A4B, 0x6A4B,
    0x6A4B, 0x6A2B, 0x6A2B, 0x622A, 0x620A, 0x620A, 0x622A, 0x622A, 0x622A, 0x620A, 0x620A, 0x620A,
    0x620A, 0x620A, 0x5A0A, 0x5A0A, 0x5A0A, 0x5A0A, 0x5A09, 0x5A0A, 0x59E9, 0x51E9, 0x51C9, 0x49C8,
    0x49A8, 0x49A8, 0x49A8, 0x4987, 0x4167, 0x4187, 0x4187, 0x4187, 0x4187, 0x4187, 0x4187, 0x4167,
    0x4187, 0x4187, 0x4187, 0x4187, 0x4187, 0x4167, 0x4187, 0x4187, 0x4187, 0x4187, 0x4187, 0x4187,
    0x4187, 0x4187, 0x4167, 0x4167, 0x4167, 0x4167, 0x4167, 0x4167, 0x4167, 0x4167, 0x4167, 0x4187,
    0x4167, 0x4167, 0x4167, 0x4167, 0x4167, 0x4167, 0x4167, 0x4167, 0x4167, 0x4167, 0x4187, 0x4987,
    0x4988, 0x4987, 0x4987, 0x4988, 0x4988, 0x4987, 0x4987, 0x4987, 0x4988, 0x49A8, 0x49A8, 0x49A8,
    0x51C8, 0x51C8, 0x51C8, 0x51C8, 0x51C9, 0x51E9, 0x51E9, 0x51E9, 0x51C8, 0x49A8, 0x49A8, 0x49A8,
    0x49A8, 0x49A8, 0x49A8, 0x49A8, 0x49A8, 0x49A8, 0x49A8, 0x49A8, 0x49A8, 0x49A8, 0x49A8, 0x49A8,
    0x49A8, 0x4988, 0x4988, 0x4988, 0x51C9, 0x51C9, 0x51C9, 0x51C9, 0x51C9, 0x51C9, 0x59E9, 0x5A0A,
    0x59E9, 0x59E9, 0x620A, 0x622A, 0x620A, 0x620A, 0x620A, 0x620A, 0x620A, 0x622A, 0x622A, 0x622A,
    0x622A, 0x5A2A, 0x5A2A, 0x5A0A, 0x5A0A, 0x5A2A, 0x5A0A, 0x5A2A, 0x622A, 0x622A, 0x622A, 0x6A2B,
    0x6A4B, 0x6A4B, 0x6A6B, 0x6A4B, 0x6A4B, 0x6A4B, 0x6A6B, 0x6A6B, 0x6A6B, 0x6A6B, 0x6A6B, 0x6A4C,
    0x6A4C, 0x6A4C, 0x6A6C, 0x6A6C, 0x6A4C, 0x6A4B, 0x6A4B, 0x6A4B, 0x6A4B, 0x6A4B, 0x6A4B, 0x6A4B,
    0x6A4B, 0x624B, 0x622A, 0x622A, 0x622A, 0x622A, 0x622A, 0x622A, 0x622A, 0x5A2A, 0x5A2A, 0x622A,
    0x622A, 0x622A, 0x622A, 0x624A, 0x6A4B, 0x6A6B, 0x726B, 0x726B, 0x726B, 0x726C, 0x728C, 0x726C,
    0x726C, 0x726C, 0x726C, 0x6A6C, 0x6A6C, 0x6A6C, 0x6A6C, 0x6A6C, 0x6A6C, 0x6A6C, 0x6A6C, 0x6A6C,
    0x6A6C, 0x6A6C, 0x6A6B, 0x6A4B, 0x6A4B, 0x6A4B, 0x6A4B, 0x624B, 0x624B, 0x622B, 0x622A, 0x622A,
    0x622A, 0x622A, 0x624A, 0x624B, 0x622A, 0x620A, 0x5A0A, 0x5A0A, 0x59E9, 0x59E9, 0x59E9, 0x59E9,
    0x59E9, 0x51C9, 0x51C9, 0x51C9, 0x51C8, 0x49C8, 0x4987, 0x4187, 0x4187, 0x4187, 0x4187, 0x4187,
    0x4187, 0x4187, 0x4987, 0x49A8, 0x49C8, 0x51E9, 0x51E9, 0x5A09, 0x5A0A, 0x5A0A, 0x5A0A, 0x5A0A,
    0x622A, 0x5A2A, 0x51E9, 0x51C9, 0x49A8, 0x49A8, 0x49A8, 0x4187, 0x4187, 0x4187, 0x4187, 0x4187,
    0x4187, 0x4187, 0x4187, 0x4187, 0x4187, 0x4187, 0x4167, 0x4187, 0x49A8, 0x49A8, 0x49A8, 0x49A8,
    0x49A8, 0x49A8, 0x49A8, 0x49A8, 0x49A8, 0x49A8, 0x49A8, 0x49A8, 0x49A8, 0x49A8, 0x4187, 0x4187,
    0x4187, 0x4187, 0x41A7, 0x41A8, 0x41A8, 0x49A7, 0x4187, 0x4167, 0x4187, 0x4187, 0x4167, 0x4187,
    0x4167, 0x4167, 0x4187, 0x4187, 0x4187, 0x4187, 0x4167, 0x4167, 0x4167, 0x4167, 0x4167, 0x4167,
    0x4167, 0x4167, 0x4187, 0x4167, 0x4167, 0x4167, 0x4167, 0x4187, 0x4187, 0x4187, 0x4187, 0x4187,
    0x4187, 0x4187, 0x4187, 0x4187, 0x4187, 0x4187, 0x4187, 0x4987, 0x49A8, 0x51E9, 0x51E9, 0x51E9,
    0x51E9, 0x51E9, 0x49C8, 0x4987, 0x4187, 0x4187, 0x4167, 0x4187, 0x4187, 0x4187, 0x4187, 0x4187,
    0x4187, 0x4187, 0x4187, 0x4187, 0x4187, 0x4187, 0x4187, 0x4187, 0x4167, 0x4167, 0x4187, 0x4187,
    0x4187, 0x4187, 0x4187, 0x4187, 0x4187, 0x4187, 0x4187, 0x41A7, 0x4187, 0x4187, 0x4187, 0x4187,
    0x4187, 0x41A7, 0x4187, 0x4187, 0x4187, 0x41A8, 0x4187, 0x49A8, 0x49C8, 0x51E9, 0x51E9, 0x59E9,
    0x59E9, 0x59E9, 0x59E9, 0x59E9, 0x5A09, 0x620A, 0x622A, 0x624B, 0x6A4B, 0x6A4B, 0x6A4B, 0x6A4B,
    0x6A4B, 0x6A4B, 0x6A4B, 0x6A4B, 0x6A4B, 0x6A4A, 0x622A, 0x622A, 0x622A, 0x620A, 0x622A, 0x622A,
    0x622A, 0x622A, 0x622A, 0x622A, 0x622A, 0x622A, 0x620A, 0x620A, 0x620A, 0x5A0A, 0x59E9, 0x51C9,
    0x51C8, 0x49A8, 0x4187, 0x4187, 0x4187, 0x4187, 0x4187, 0x4187, 0x4187, 0x4187, 0x4187, 0x4187,
    0x4187, 0x4187, 0x4187, 0x4187, 0x4187, 0x4187, 0x4187, 0x4187, 0x4187, 0x4187, 0x4187, 0x4187,
    0x4187, 0x4187, 0x4187, 0x4187, 0x4187, 0x4187, 0x4167, 0x4167, 0x4167, 0x4187, 0x4187, 0x4167,
    0x4167, 0x4167, 0x4167, 0x4167, 0x4167, 0x4167, 0x4167, 0x4167, 0x4167, 0x4167, 0x4188, 0x4988,
    0x4988, 0x4187, 0x4987, 0x49A8, 0x49A8, 0x49A8, 0x49A8, 0x49A8, 0x4988, 0x4987, 0x4987, 0x49A8,
    0x49A8, 0x49A8, 0x51C8, 0x51C9, 0x59E9, 0x5A09, 0x59E9, 0x51E9, 0x51E9, 0x5A09, 0x51E9, 0x51C8,
    0x49A8, 0x4988, 0x49A8, 0x49A8, 0x49A8, 0x49A8, 0x49A8, 0x49A8, 0x49A8, 0x49A8, 0x49A8, 0x49A8,
    0x49A8, 0x49A8, 0x49A8, 0x49A8, 0x49A8, 0x4988, 0x4988, 0x4988, 0x51C9, 0x51C8, 0x49A8, 0x49A8,
    0x49A8, 0x49A8, 0x51C9, 0x51E9, 0x51C9, 0x51C9, 0x51E9, 0x51E9, 0x51E9, 0x59E9, 0x5A0A, 0x5A0A,
    0x5A0A, 0x5A0A, 0x622A, 0x5A0A, 0x59E9, 0x59E9, 0x59E9, 0x59E9, 0x5209, 0x5A0A, 0x59E9, 0x5A09,
    0x5A0A, 0x622A, 0x620A, 0x622A, 0x622A, 0x6A4B, 0x6A4B, 0x6A4B, 0x6A4B, 0x6A4B, 0x6A6B, 0x6A6B,
    0x6A6C, 0x6A6C, 0x6A6B, 0x6A6B, 0x6A6B, 0x6A6B, 0x6A6B, 0x6A6B, 0x6A6B, 0x6A6B, 0x6A6B, 0x6A6B,
    0x6A6C, 0x6A6B, 0x6A4B, 0x6A4B, 0x6A4B, 0x6A4B, 0x6A4B, 0x6A4B, 0x622B, 0x622A, 0x624B, 0x624B,
    0x622B, 0x622A, 0x622A, 0x622A, 0x622A, 0x622A, 0x622A, 0x624A, 0x624B, 0x6A6B, 0x6A6B, 0x726B,
    0x726B, 0x726B, 0x726B, 0x6A6B, 0x726C, 0x724C, 0x724C, 0x6A6C, 0x6A6C, 0x6A6C, 0x6A6C, 0x6A6C,
    0x6A6C, 0x6A6C, 0x6A6C, 0x6A6B, 0x6A6C, 0x6A6C, 0x6A4B, 0x6A4B, 0x6A4B, 0x6A4B, 0x624B, 0x622B,
    0x622B, 0x622B, 0x622A, 0x622A, 0x5A0A, 0x5A0A, 0x622A, 0x622A, 0x5A09, 0x59E9, 0x51E9, 0x51E9,
    0x51C9, 0x51C8, 0x51C9, 0x51C9, 0x51C9, 0x51A8, 0x49A8, 0x49A8, 0x49A8, 0x4988, 0x4187, 0x4187,
    0x4187, 0x4187, 0x4187, 0x4187, 0x4187, 0x4187, 0x4187, 0x41A8, 0x49A8, 0x49C8, 0x51C8, 0x51C9,
    0x59E9, 0x5A09, 0x5A0A, 0x5A09, 0x5A0A, 0x5A0A, 0x59E9, 0x51C9, 0x49C8, 0x49A8, 0x49A8, 0x4187,
    0x4167, 0x4187, 0x4187, 0x4187, 0x4187, 0x4187, 0x4187, 0x4187, 0x4187, 0x4187, 0x4187, 0x4187,
    0x49A8, 0x49A8, 0x49A8, 0x49C8, 0x49C8, 0x49C8, 0x49C8, 0x49C8, 0x49C8, 0x51C8, 0x49C8, 0x49C8,
    0x49C8, 0x49A8, 0x49A8, 0x49A8, 0x49A8, 0x41A7, 0x49A8, 0x49A8, 0x49A8, 0x49A8, 0x41A7, 0x4187,
    0x4187, 0x4167, 0x4187, 0x4187, 0x4167, 0x4167, 0x4167, 0x4187, 0x4187, 0x4187, 0x4167, 0x4167,
    0x4167, 0x4167, 0x4167, 0x4167, 0x4167, 0x4187, 0x4187, 0x4167, 0x4167, 0x4187, 0x4167, 0x4187,
    0x4187, 0x4167, 0x4167, 0x4167, 0x4187, 0x4187, 0x4187, 0x4187, 0x49A7, 0x49A8, 0x49C8, 0x51C9,
    0x59E9, 0x5A2A, 0x5A2A, 0x5A0A, 0x5A0A, 0x5A0A, 0x51E9, 0x49C8, 0x49A7, 0x4187, 0x4187, 0x4187,
    0x4187, 0x4187, 0x4187, 0x4187, 0x4187, 0x4187, 0x4187, 0x4187, 0x4187, 0x4187, 0x4187, 0x4187,
    0x4167, 0x4987, 0x49A8, 0x49A8, 0x49A8, 0x4987, 0x4187, 0x4187, 0x4187, 0x41A7, 0x41A7, 0x41A7,
    0x4187, 0x4187, 0x4187, 0x4187, 0x4187, 0x49A7, 0x49A8, 0x49A8, 0x49A8, 0x49C8, 0x49C8, 0x51C8,
    0x51E9, 0x51E9, 0x5209, 0x5A09, 0x5A0A, 0x5A0A, 0x5A0A, 0x5A0A, 0x620A, 0x620A, 0x622A, 0x622B,
    0x6A4B, 0x6A4B, 0x6A4B, 0x6A4B, 0x6A4B, 0x6A4B, 0x6A4B, 0x6A4B, 0x622A, 0x622A, 0x622A, 0x622A,
    0x5A09, 0x59E9, 0x5A0A, 0x5A0A, 0x5A0A, 0x5A0A, 0x5A0A, 0x5A0A, 0x5A09, 0x5A09, 0x59E9, 0x51E9,
    0x51C9, 0x51C9, 0x51C8, 0x49A8, 0x49A8, 0x4187, 0x4187, 0x4187, 0x4187, 0x4187, 0x4187, 0x4187,
    0x4187, 0x4187, 0x4187, 0x4187, 0x4187, 0x4187, 0x4187, 0x4187, 0x4187, 0x4187, 0x4187, 0x4187,
    0x4187, 0x4187, 0x4187, 0x4187, 0x4187, 0x4187, 0x4187, 0x4187, 0x4187, 0x4187, 0x4167, 0x4167,
    0x4167, 0x4187, 0x4187, 0x4167, 0x4187, 0x4187, 0x4187, 0x4187, 0x4187, 0x4187, 0x4187, 0x4168,
    0x4188, 0x4988, 0x4988, 0x4988, 0x4988, 0x4988, 0x4988, 0x4988, 0x4988, 0x4988, 0x49A8, 0x49A8,
    0x49A8, 0x49C8, 0x49C8, 0x51C8, 0x51E9, 0x51E9, 0x51E9, 0x59E9, 0x59E9, 0x59E9, 0x59E9, 0x59E9,
    0x59E9, 0x51E9, 0x51C8, 0x49A8, 0x4988, 0x4987, 0x49A8, 0x49A8, 0x49A8, 0x49A8, 0x49A8, 0x49A8,
    0x49A8, 0x49A8, 0x49A8, 0x49A8, 0x49A8, 0x49A8, 0x49A8, 0x49A8, 0x49A8, 0x4988, 0x4988, 0x4988,
    0x49C8, 0x49C8, 0x4988, 0x4187, 0x4187, 0x4187, 0x49A8, 0x4988, 0x49A8, 0x49A8, 0x4988, 0x49A8,
    0x49A8, 0x49C8, 0x51E9, 0x51E9, 0x5209, 0x51E9, 0x59E9, 0x51C9, 0x51A8, 0x51A8, 0x49A8, 0x49A8,
    0x51C8, 0x51E9, 0x51E9, 0x51C9, 0x51E9, 0x59E9, 0x59E9, 0x5A09, 0x5A0A, 0x5A0A, 0x620A, 0x622A,
    0x6A4B, 0x6A4B, 0x6A6C, 0x6A6C, 0x726C, 0x726C, 0x6A6B, 0x6A6B, 0x6A6B, 0x6A6B, 0x6A6B, 0x6A6B,
    0x6A6B, 0x6A6B, 0x6A6B, 0x6A6B, 0x6A6B, 0x6A6B, 0x6A4B, 0x6A6B, 0x6A6B, 0x6A4B, 0x6A6B, 0x6A4B,
    0x6A4B, 0x6A4B, 0x622B, 0x624B, 0x622B, 0x622A, 0x622A, 0x622A, 0x622A, 0x622A, 0x622A, 0x624A,
    0x624B, 0x6A4B, 0x6A6B, 0x6A6B, 0x6A6B, 0x6A6B, 0x6A6B, 0x6A6B, 0x6A6B, 0x6A4B, 0x6A4B, 0x6A6C,
    0x6A6C, 0x6A6C, 0x6A6C, 0x6A6C, 0x6A6B, 0x6A6B, 0x6A6C, 0x6A6B, 0x6A6B, 0x6A4B, 0x6A4B, 0x6A4B,
    0x624B, 0x624B, 0x622B, 0x622B, 0x622A, 0x622A, 0x5A0A, 0x5A0A, 0x59E9, 0x59E9, 0x5209, 0x51E9,
    0x51C8, 0x49C8, 0x49A8, 0x49A8, 0x49A8, 0x49A8, 0x49A8, 0x49A8, 0x49A8, 0x49A8, 0x4987, 0x4187,
    0x4187, 0x4187, 0x4187, 0x4187, 0x4187, 0x4187, 0x4187, 0x4187, 0x4187, 0x4187, 0x4187, 0x4187,
    0x4187, 0x4988, 0x49A8, 0x49A8, 0x51C9, 0x59E9, 0x59E9, 0x59E9, 0x59E9, 0x59E9, 0x59E9, 0x51C9,
    0x49C8, 0x49A8, 0x4987, 0x4167, 0x4167, 0x4187, 0x4187, 0x4187, 0x4187, 0x4187, 0x4187, 0x4187,
    0x4187, 0x4187, 0x4187, 0x4187, 0x4988, 0x49A8, 0x49C8, 0x51C9, 0x51C8, 0x51C8, 0x51C9, 0x51C9,
    0x51C9, 0x51C8, 0x51C9, 0x49C8, 0x51C9, 0x49C8, 0x49C8, 0x49C8, 0x49C8, 0x49A8, 0x49A8, 0x49C8,
    0x49C8, 0x51C8, 0x49C8, 0x49A8, 0x4187, 0x4167, 0x4187, 0x4187, 0x4187, 0x4187, 0x4187, 0x4187,
    0x4187, 0x4187, 0x4167, 0x4167, 0x4167, 0x4167, 0x4167, 0x4167, 0x4167, 0x4187, 0x4187, 0x4187,
    0x4187, 0x4187, 0x4167, 0x4167, 0x4167, 0x4166, 0x4167, 0x4167, 0x4167, 0x4187, 0x4187, 0x49A8,
    0x49C8, 0x51E9, 0x51E9, 0x5A0A, 0x622A, 0x622A, 0x622A, 0x622A, 0x622A, 0x622A, 0x5A09, 0x51C9,
    0x49A8, 0x4187, 0x4167, 0x4167, 0x4167, 0x4187, 0x4187, 0x4187, 0x4187, 0x4187, 0x4187, 0x4187,
    0x4187, 0x4187, 0x4187, 0x4187, 0x4187, 0x49A8, 0x49C8, 0x51E9, 0x49C8, 0x49A8, 0x49A7, 0x49A8,
    0x49A8, 0x49A8, 0x41A7, 0x4187, 0x4187, 0x4187, 0x4187, 0x4187, 0x4187, 0x49A8, 0x51C8, 0x51C9,
    0x51E9, 0x51E9, 0x5A09, 0x5A09, 0x5A09, 0x5209, 0x5209, 0x5A09, 0x5A2A, 0x622A, 0x620A, 0x620A,
    0x620A, 0x620A, 0x622A, 0x622A, 0x6A2A, 0x622A, 0x622A, 0x622A, 0x622A, 0x622A, 0x622A, 0x622A,
    0x5A0A, 0x59E9, 0x59E9, 0x59E9, 0x51C9, 0x51C9, 0x51E9, 0x51E9, 0x51E9, 0x51E9, 0x51C9, 0x51C9,
    0x51C8, 0x49C8, 0x49C8, 0x49A8, 0x4987, 0x4187, 0x4187, 0x4187, 0x4187, 0x4187, 0x4187, 0x4187,
    0x4187, 0x4187, 0x4187, 0x4187, 0x4187, 0x4187, 0x4187, 0x4187, 0x4187, 0x4187, 0x4187, 0x4187,
    0x4187, 0x4187, 0x4187, 0x4187, 0x4187, 0x4187, 0x4187, 0x4187, 0x4187, 0x4187, 0x4167, 0x4187,
    0x4187, 0x4187, 0x4167, 0x4167, 0x4167, 0x4167, 0x4167, 0x4187, 0x4988, 0x4988, 0x4988, 0x4987,
    0x4988, 0x4988, 0x4988, 0x4988, 0x4988, 0x4988, 0x4988, 0x4988, 0x4988, 0x4988, 0x4988, 0x4988,
    0x4988, 0x4988, 0x4988, 0x4988, 0x49A8, 0x51E9, 0x5209, 0x51E9, 0x5209, 0x5A09, 0x59E9, 0x59E9,
    0x59E9, 0x59E9, 0x51E9, 0x51C9, 0x51C9, 0x51C8, 0x4988, 0x4988, 0x4988, 0x4988, 0x49A8, 0x4987,
    0x49A8, 0x4187, 0x49A8, 0x49A8, 0x49C8, 0x49C8, 0x49C8, 0x49C8, 0x49A8, 0x49A8, 0x49A8, 0x49A8,
    0x49A8, 0x4988, 0x4988, 0x4988, 0x51C9, 0x49C8, 0x49A8, 0x4988, 0x4987, 0x4987, 0x4187, 0x4187,
    0x4988, 0x49A8, 0x49A8, 0x49A7, 0x49A7, 0x49A8, 0x49A8, 0x49C8, 0x49C8, 0x49C8, 0x49C8, 0x49A8,
    0x49A8, 0x49A8, 0x49A8, 0x49A8, 0x49A8, 0x49C8, 0x49C8, 0x49A8, 0x49A8, 0x49A8, 0x49C8, 0x51C8,
    0x51C9, 0x51C9, 0x51E9, 0x5A09, 0x5A2A, 0x622A, 0x622A, 0x6A4B, 0x6A4B, 0x6A4B, 0x6A6B, 0x6A4B,
    0x6A4B, 0x6A6B, 0x6A6B, 0x6A6B, 0x6A6B, 0x6A6B, 0x6A6B, 0x6A4B, 0x6A6B, 0x6A6B, 0x6A4B, 0x6A6B,
    0x6A4B, 0x6A4B, 0x6A6B, 0x6A6B, 0x6A6B, 0x6A6B, 0x6A4B, 0x6A4B, 0x6A4B, 0x622B, 0x622A, 0x622A,
    0x622A, 0x622A, 0x622A, 0x622A, 0x622A, 0x6A2B, 0x6A4B, 0x6A4B, 0x6A4B, 0x6A4B, 0x6A6B, 0x6A6B,
    0x6A6B, 0x6A6B, 0x6A6B, 0x6A6B, 0x6A6B, 0x6A6B, 0x6A6B, 0x6A6B, 0x6A6B, 0x6A6B, 0x6A6B, 0x6A6B,
    0x6A4B, 0x624B, 0x624B, 0x622B, 0x622A, 0x622A, 0x622A, 0x620A, 0x620A, 0x5A0A, 0x59E9, 0x51C9,
    0x51C8, 0x51C8, 0x49C9, 0x49C8, 0x49A8, 0x49A8, 0x4987, 0x4987, 0x49A8, 0x41A8, 0x49A7, 0x41A7,
    0x41A8, 0x49A8, 0x4187, 0x4167, 0x4167, 0x4167, 0x4187, 0x4187, 0x4187, 0x4187, 0x4187, 0x4187,
    0x4187, 0x4187, 0x4187, 0x4187, 0x4187, 0x4187, 0x4188, 0x49A8, 0x49C8, 0x51C8, 0x51C9, 0x51C9,
    0x51C8, 0x51C8, 0x51C8, 0x51C9, 0x51C8, 0x49A8, 0x49A8, 0x4187, 0x4167, 0x4187, 0x4187, 0x4187,
    0x4187, 0x4187, 0x4187, 0x4187, 0x4187, 0x4187, 0x4187, 0x4167, 0x4187, 0x49A8, 0x49A8, 0x49A8,
    0x49A8, 0x49A8, 0x49C8, 0x49C8, 0x49C8, 0x49C8, 0x49A8, 0x49C8, 0x49C8, 0x49C8, 0x49C8, 0x49C8,
    0x49C8, 0x49C8, 0x49A8, 0x49A8, 0x51C8, 0x51C9, 0x51C9, 0x49C8, 0x4988, 0x4187, 0x4187, 0x4187,
    0x4187, 0x4187, 0x4167, 0x4187, 0x4187, 0x4187, 0x4187, 0x4187, 0x4187, 0x4187, 0x4187, 0x4187,
    0x4167, 0x4187, 0x4167, 0x4187, 0x4187, 0x4167, 0x4187, 0x4187, 0x4187, 0x4187, 0x4987, 0x49A7,
    0x4988, 0x49A8, 0x49A8, 0x51C8, 0x51E9, 0x51E9, 0x5A0A, 0x5A0A, 0x622A, 0x624A, 0x624A, 0x622A,
    0x622A, 0x622A, 0x5A09, 0x51C9, 0x49A8, 0x49A8, 0x4187, 0x4187, 0x4187, 0x4187, 0x4187, 0x4187,
    0x4187, 0x4187, 0x4187, 0x4187, 0x4187, 0x4187, 0x4187, 0x4187, 0x4187, 0x49A8, 0x49C8, 0x49C8,
    0x49C8, 0x4988, 0x49A8, 0x49A8, 0x49A8, 0x49A8, 0x49A8, 0x49A8, 0x4187, 0x4187, 0x4987, 0x49A8,
    0x49A8, 0x51C8, 0x51C9, 0x51C9, 0x51E9, 0x5A09, 0x5A0A, 0x5A09, 0x5209, 0x5209, 0x5209, 0x5A09,
    0x5A0A, 0x5A0A, 0x622A, 0x620A, 0x620A, 0x620A, 0x620A, 0x622A, 0x622A, 0x622A, 0x622A, 0x622A,
    0x622A, 0x622A, 0x620A, 0x5A09, 0x51E9, 0x51C9, 0x51C8, 0x49A8, 0x49A8, 0x49A8, 0x49C8, 0x49C8,
    0x49C8, 0x49A8, 0x49A8, 0x49A8, 0x49A8, 0x4988, 0x4988, 0x4987, 0x4187, 0x4167, 0x4187, 0x4187,
    0x4187, 0x4187, 0x4187, 0x4187, 0x4167, 0x4187, 0x4187, 0x4167, 0x4187, 0x4187, 0x4187, 0x4187,
    0x4187, 0x4187, 0x4187, 0x4187, 0x4187, 0x4187, 0x4187, 0x4187, 0x4187, 0x4167, 0x4167, 0x4167,
    0x4167, 0x4167, 0x4167, 0x4167, 0x4167, 0x4167, 0x4167, 0x4167, 0x4167, 0x4167, 0x4187, 0x4988,
    0x4988, 0x4988, 0x4988, 0x4988, 0x49A8, 0x49A8, 0x49A8, 0x4988, 0x4988, 0x4988, 0x4988, 0x4988,
    0x4988, 0x4988, 0x4988, 0x4988, 0x4988, 0x4988, 0x4988, 0x4988, 0x49A8, 0x51E9, 0x51E9, 0x51E9,
    0x51E9, 0x51E9, 0x51E9, 0x51E9, 0x51E9, 0x51E9, 0x51C9, 0x51C9, 0x51C9, 0x51C8, 0x49A8, 0x4988,
    0x49A8, 0x49A8, 0x49A8, 0x4988, 0x49A8, 0x49A8, 0x49A8, 0x49C8, 0x49C8, 0x51C8, 0x49C8, 0x49C8,
    0x49A8, 0x49A8, 0x49A8, 0x4988, 0x49A8, 0x4988, 0x4988, 0x4988, 0x5A0A, 0x59E9, 0x51C9, 0x51C8,
    0x51A8, 0x49A8, 0x4988, 0x4987, 0x49A8, 0x49A8, 0x49A8, 0x49A8, 0x49A8, 0x49A8, 0x49A8, 0x49A8,
    0x49A8, 0x49A8, 0x49A8, 0x49A8, 0x49A8, 0x49A8, 0x49A8, 0x49A8, 0x49A8, 0x4187, 0x4187, 0x4187,
    0x4187, 0x4167, 0x4187, 0x4187, 0x4987, 0x4187, 0x4988, 0x49A8, 0x51C9, 0x51A8, 0x51C8, 0x59E9,
    0x5A0A, 0x622A, 0x624B, 0x6A4B, 0x6A4B, 0x6A4B, 0x6A6B, 0x6A6B, 0x6A6B, 0x6A6B, 0x6A6B, 0x6A6B,
    0x6A4B, 0x6A4B, 0x6A4B, 0x726C, 0x726C, 0x6A6C, 0x6A6C, 0x6A6B, 0x6A4B, 0x6A6B, 0x6A6B, 0x6A6B,
    0x6A6B, 0x6A4B, 0x6A2B, 0x622A, 0x622A, 0x622A, 0x622A, 0x620A, 0x620A, 0x620A, 0x622A, 0x622B,
    0x6A4B, 0x6A4B, 0x6A4B, 0x6A6B, 0x6A6B, 0x6A6B, 0x6A6B, 0x6A6B, 0x6A6B, 0x726B, 0x726B, 0x6A6B,
    0x6A6B, 0x6A4B, 0x6A4B, 0x6A4B, 0x622A, 0x622A, 0x622A, 0x5A0A, 0x59E9, 0x59E9, 0x59E9, 0x59E9,
    0x59E9, 0x59E9, 0x51C9, 0x49A8, 0x4987, 0x49A8, 0x41A7, 0x41A7, 0x4187, 0x4187, 0x4187, 0x4187,
    0x4187, 0x4187, 0x4187, 0x4187, 0x4187, 0x4187, 0x4187, 0x4187, 0x4187, 0x4187, 0x4187, 0x4187,
    0x4187, 0x4187, 0x4187, 0x4187, 0x4187, 0x4187, 0x4187, 0x4187, 0x4187, 0x4187, 0x4187, 0x4187,
    0x4188, 0x49A8, 0x49A8, 0x49A8, 0x49A8, 0x49A8, 0x49A8, 0x49C8, 0x51C8, 0x49C8, 0x49C8, 0x49A8,
    0x4187, 0x4167, 0x4187, 0x4187, 0x4187, 0x4187, 0x4187, 0x4187, 0x4187, 0x4187, 0x4187, 0x4167,
    0x4167, 0x4167, 0x4167, 0x4187, 0x4187, 0x4187, 0x4187, 0x4187, 0x4187, 0x4187, 0x4187, 0x4187,
    0x4187, 0x4187, 0x4188, 0x49A8, 0x49A8, 0x49A8, 0x51C8, 0x51C9, 0x51C9, 0x51C9, 0x51C9, 0x51C9,
    0x51C9, 0x49A8, 0x4988, 0x4167, 0x4167, 0x4187, 0x4187, 0x4167, 0x4167, 0x4187, 0x4187, 0x4187,
    0x4187, 0x4187, 0x4187, 0x4187, 0x4167, 0x4167, 0x4167, 0x4187, 0x4187, 0x4187, 0x49C8, 0x51C8,
    0x51E9, 0x51E9, 0x5A09, 0x5A09, 0x5A09, 0x5A0A, 0x5A0A, 0x620A, 0x5A0A, 0x620A, 0x622A, 0x620A,
    0x622A, 0x622A, 0x622A, 0x622A, 0x622A, 0x622A, 0x5A09, 0x59E9, 0x5209, 0x51E9, 0x51C8, 0x51A8,
    0x49A8, 0x4988, 0x4187, 0x4187, 0x4187, 0x4187, 0x4187, 0x4187, 0x4187, 0x4187, 0x4187, 0x4187,
    0x4187, 0x4187, 0x4187, 0x49A8, 0x49A8, 0x49A8, 0x49A8, 0x49A8, 0x49A8, 0x49A8, 0x49A8, 0x49C8,
    0x51C9, 0x51E9, 0x51C9, 0x51E9, 0x5A09, 0x5A09, 0x5A09, 0x59E9, 0x51E9, 0x5A09, 0x5A0A, 0x5209,
    0x51E9, 0x51E9, 0x5209, 0x51E9, 0x59E9, 0x5A09, 0x622A, 0x622A, 0x620A, 0x622A, 0x620A, 0x620A,
    0x620A, 0x5A2A, 0x5A0A, 0x5A09, 0x5A09, 0x5A09, 0x59E9, 0x51E9, 0x51E9, 0x51C8, 0x4988, 0x4187,
    0x4187, 0x4187, 0x4187, 0x4187, 0x4187, 0x4187, 0x4187, 0x4187, 0x4987, 0x4187, 0x4187, 0x4987,
    0x4187, 0x4187, 0x4187, 0x4187, 0x4187, 0x4187, 0x4187, 0x4187, 0x4187, 0x4187, 0x4187, 0x4187,
    0x4187, 0x4187, 0x4187, 0x4187, 0x4187, 0x4187, 0x4187, 0x4187, 0x4167, 0x4187, 0x4167, 0x4167,
    0x4167, 0x4167, 0x4167, 0x4167, 0x4167, 0x4167, 0x4988, 0x4168, 0x4168, 0x4988, 0x4988, 0x4988,
    0x4988, 0x4988, 0x49A8, 0x49A8, 0x4988, 0x4988, 0x4988, 0x4988, 0x4988, 0x4988, 0x4988, 0x4988,
    0x4988, 0x4988, 0x4988, 0x4988, 0x4988, 0x4988, 0x4988, 0x4988, 0x4988, 0x4988, 0x4988, 0x4988,
    0x49A8, 0x49C8, 0x51C8, 0x51C8, 0x49C8, 0x49C8, 0x49C8, 0x51C9, 0x51C9, 0x51C9, 0x51C9, 0x51C9,
    0x51E9, 0x51E9, 0x51E9, 0x51C9, 0x51C9, 0x51C9, 0x51C9, 0x51C9, 0x51C9, 0x51C9, 0x51C9, 0x51E9,
    0x51E9, 0x51C8, 0x49A8, 0x49A8, 0x49A8, 0x4988, 0x4988, 0x4988, 0x4988, 0x4988, 0x4988, 0x4988,
    0x620A, 0x5A0A, 0x59E9, 0x59E9, 0x59E9, 0x51C9, 0x49A8, 0x49A8, 0x49A8, 0x49A8, 0x49A8, 0x49A8,
    0x49A8, 0x49A8, 0x49A8, 0x49A8, 0x49A8, 0x49A8, 0x49A8, 0x49A8, 0x49A8, 0x49A8, 0x49A8, 0x49A8,
    0x49A8, 0x4187, 0x4167, 0x4187, 0x4187, 0x4167, 0x4167, 0x4167, 0x4167, 0x4187, 0x4987, 0x4987,
    0x49A8, 0x4988, 0x4988, 0x51C8, 0x51C9, 0x59E9, 0x5A0A, 0x622A, 0x622A, 0x624B, 0x6A6B, 0x6A4B,
    0x6A4B, 0x6A6B, 0x6A6B, 0x6A6B, 0x6A4B, 0x6A4B, 0x6A4B, 0x6A6C, 0x6A6C, 0x6A6C, 0x6A6C, 0x6A6B,
    0x6A4B, 0x6A6B, 0x6A6C, 0x6A6C, 0x6A6C, 0x6A4B, 0x6A4B, 0x6A4B, 0x624B, 0x622A, 0x622A, 0x620A,
    0x620A, 0x622A, 0x622A, 0x620A, 0x622A, 0x622A, 0x624A, 0x624B, 0x6A4B, 0x6A4B, 0x6A4B, 0x6A4B,
    0x6A4B, 0x6A4B, 0x6A6B, 0x6A6B, 0x624B, 0x624A, 0x622A, 0x622A, 0x622A, 0x622A, 0x622A, 0x59E9,
    0x59E9, 0x59E9, 0x59E9, 0x59E9, 0x59E9, 0x59E9, 0x51C9, 0x49A8, 0x49A8, 0x4988, 0x4187, 0x4187,
    0x4187, 0x4187, 0x4187, 0x4187, 0x4187, 0x4187, 0x4187, 0x4187, 0x4187, 0x4187, 0x4187, 0x4187,
    0x4187, 0x4187, 0x4187, 0x4187, 0x4187, 0x4187, 0x4187, 0x4187, 0x4187, 0x4187, 0x4187, 0x4187,
    0x4187, 0x4187, 0x4187, 0x4167, 0x4187, 0x4187, 0x4987, 0x49A7, 0x49A7, 0x4987, 0x49A8, 0x49A8,
    0x49A8, 0x49C8, 0x49C8, 0x49C8, 0x4187, 0x4167, 0x4187, 0x4187, 0x4187, 0x4187, 0x4187, 0x4187,
    0x4187, 0x4187, 0x4187, 0x4187, 0x4167, 0x4167, 0x4167, 0x4167, 0x4167, 0x4167, 0x4167, 0x4167,
    0x4167, 0x4167, 0x4167, 0x4167, 0x4167, 0x4167, 0x4187, 0x4187, 0x49A7, 0x49A8, 0x51C8, 0x51C9,
    0x51C9, 0x51C9, 0x51E9, 0x51E9, 0x51E9, 0x49C8, 0x49A8, 0x4187, 0x4187, 0x4167, 0x4187, 0x4187,
    0x4167, 0x4167, 0x4167, 0x4167, 0x4167, 0x4167, 0x4167, 0x4167, 0x4187, 0x4187, 0x4187, 0x4187,
    0x49A8, 0x49A8, 0x51E9, 0x5A09, 0x622A, 0x622A, 0x622A, 0x622A, 0x622A, 0x622A, 0x622A, 0x620A,
    0x620A, 0x622A, 0x622B, 0x622A, 0x622A, 0x622A, 0x622A, 0x622A, 0x622A, 0x620A, 0x620A, 0x5A0A,
    0x622A, 0x5A0A, 0x59E9, 0x59E9, 0x51E9, 0x51A8, 0x49A8, 0x4987, 0x4187, 0x4187, 0x4187, 0x4187,
    0x4187, 0x4187, 0x4187, 0x4187, 0x4187, 0x4187, 0x4187, 0x4187, 0x49A8, 0x49A8, 0x49A8, 0x49A8,
    0x49A8, 0x49A8, 0x49A8, 0x51C9, 0x51E9, 0x5A09, 0x5A09, 0x5A0A, 0x5A2A, 0x5A0A, 0x5A0A, 0x5A0A,
    0x59E9, 0x59E9, 0x5A09, 0x51E9, 0x51E9, 0x51E9, 0x51E9, 0x51E9, 0x51E9, 0x59E9, 0x5A0A, 0x5A0A,
    0x5A0A, 0x5A0A, 0x5A0A, 0x5A0A, 0x5A0A, 0x5A0A, 0x5A0A, 0x59E9, 0x59E9, 0x59E9, 0x51E9, 0x51E9,
    0x51E9, 0x51C8, 0x49A8, 0x4187, 0x4987, 0x4187, 0x4187, 0x4187, 0x4167, 0x4167, 0x4187, 0x4187,
    0x4187, 0x4187, 0x4187, 0x4187, 0x4187, 0x4187, 0x4187, 0x4187, 0x4187, 0x4187, 0x4187, 0x4187,
    0x4187, 0x4187, 0x4187, 0x4187, 0x4187, 0x4187, 0x4187, 0x4187, 0x4187, 0x4187, 0x4187, 0x4167,
    0x4187, 0x4167, 0x4167, 0x4167, 0x4167, 0x4187, 0x4187, 0x4167, 0x4167, 0x4988, 0x49A8, 0x4988,
    0x4988, 0x4988, 0x49A8, 0x49A8, 0x49A8, 0x49A8, 0x4988, 0x4988, 0x4988, 0x4988, 0x4988, 0x4988,
    0x4988, 0x4988, 0x4988, 0x4988, 0x4988, 0x4988, 0x4988, 0x4988, 0x4988, 0x4988, 0x4988, 0x4988,
    0x4988, 0x4988, 0x4988, 0x4988, 0x4188, 0x4988, 0x49A8, 0x49A8, 0x49A8, 0x49A8, 0x49A8, 0x49C8,
    0x51C8, 0x51C8, 0x51C8, 0x51C9, 0x51C8, 0x51C9, 0x51E9, 0x51E9, 0x51E9, 0x51E9, 0x59E9, 0x51E9,
    0x51C9, 0x51C9, 0x51C9, 0x51C9, 0x51C9, 0x49C8, 0x4988, 0x4987, 0x4988, 0x4988, 0x4988, 0x4988,
    0x4988, 0x4988, 0x4988, 0x4988, 0x620A, 0x620A, 0x622A, 0x620A, 0x620A, 0x5A0A, 0x5A09, 0x59E9,
    0x51E9, 0x51E9, 0x51C8, 0x51C9, 0x49A8, 0x4988, 0x49A8, 0x49A8, 0x49A8, 0x49A8, 0x49A8, 0x49A8,
    0x49A8, 0x49A8, 0x49A8, 0x49A8, 0x49A8, 0x49A8, 0x49A8, 0x49A8, 0x49A8, 0x49A8, 0x49A8, 0x49A8,
    0x49A8, 0x49C8, 0x49A8, 0x4987, 0x4187, 0x41A7, 0x49A8, 0x49A8, 0x4988, 0x4988, 0x49A8, 0x51E9,
    0x51E9, 0x59E9, 0x5A09, 0x620A, 0x622A, 0x622A, 0x622A, 0x624B, 0x622A, 0x6A4B, 0x6A4B, 0x6A4B,
    0x6A4B, 0x6A4B, 0x6A4B, 0x6A4B, 0x6A4B, 0x6A4B, 0x6A6B, 0x6A6C, 0x6A6C, 0x6A6B, 0x6A4B, 0x626B,
    0x624B, 0x624A, 0x5A2A, 0x622A, 0x5A2A, 0x5A2A, 0x5A09, 0x59E9, 0x59E9, 0x59E9, 0x5209, 0x5209,
    0x5A09, 0x5A09, 0x5A09, 0x5A09, 0x5A09, 0x5A09, 0x59E9, 0x59E9, 0x51E9, 0x51C9, 0x51E9, 0x5A2A,
    0x624A, 0x622A, 0x622A, 0x622A, 0x622A, 0x622A, 0x620A, 0x622A, 0x622A, 0x5A0A, 0x5A0A, 0x5A09,
    0x59E9, 0x51C9, 0x49C8, 0x49A8, 0x4988, 0x4187, 0x4187, 0x4187, 0x4187, 0x4187, 0x4187, 0x4187,
    0x4187, 0x4187, 0x4187, 0x4187, 0x4187, 0x4187, 0x4187, 0x4187, 0x4187, 0x4187, 0x4187, 0x4187,
    0x4187, 0x4187, 0x4187, 0x4187, 0x4187, 0x4187, 0x4187, 0x4187, 0x4187, 0x4187, 0x4187, 0x41A7,
    0x4187, 0x4187, 0x4187, 0x4187, 0x4187, 0x49A8, 0x49C8, 0x49A8, 0x49A8, 0x4987, 0x4167, 0x4167,
    0x4187, 0x4187, 0x4187, 0x4187, 0x4187, 0x4187, 0x4187, 0x4187, 0x4187, 0x4187, 0x4187, 0x4187,
    0x4187, 0x4187, 0x4187, 0x4187, 0x4187, 0x4187, 0x4187, 0x4187, 0x4187, 0x4187, 0x4187, 0x4187,
    0x4187, 0x4987, 0x49A8, 0x49A8, 0x49A8, 0x49A8, 0x51C9, 0x51E9, 0x51E9, 0x51C9, 0x51C9, 0x51C8,
    0x49A8, 0x4988, 0x49A8, 0x49A8, 0x49A8, 0x49A8, 0x4187, 0x4187, 0x4187, 0x4187, 0x4187, 0x4187,
    0x4988, 0x49A8, 0x49A8, 0x49C8, 0x49C8, 0x51E9, 0x51C9, 0x59E9, 0x5A0A, 0x5A0A, 0x59E9, 0x59E9,
    0x5A0A, 0x5A09, 0x5A0A, 0x5A0A, 0x5A0A, 0x620A, 0x622A, 0x622A, 0x622A, 0x622A, 0x622A, 0x622A,
    0x622A, 0x620A, 0x622A, 0x622A, 0x622A, 0x622A, 0x620A, 0x5A0A, 0x5A0A, 0x5A0A, 0x51E9, 0x51C8,
    0x49A8, 0x49A8, 0x4187, 0x4187, 0x4187, 0x4187, 0x4187, 0x4187, 0x4187, 0x4187, 0x4187, 0x4187,
    0x41A8, 0x4187, 0x4188, 0x49A8, 0x49A8, 0x49A8, 0x51C9, 0x51E9, 0x51E9, 0x59E9, 0x5A0A, 0x5A0A,
    0x5A2A, 0x5A0A, 0x5A0A, 0x5A0A, 0x59E9, 0x59E9, 0x59E9, 0x51E9, 0x51E9, 0x51E9, 0x51E9, 0x51E9,
    0x51E9, 0x51E9, 0x51E9, 0x51E9, 0x51E9, 0x51E9, 0x59E9, 0x51E9, 0x51E9, 0x5209, 0x5209, 0x5209,
    0x51E9, 0x51E9, 0x51E9, 0x51E9, 0x51E9, 0x51E9, 0x51E9, 0x51E9, 0x51C9, 0x51C9, 0x51E9, 0x49C8,
    0x49A8, 0x4987, 0x4187, 0x4167, 0x4187, 0x4187, 0x4187, 0x4187, 0x4187, 0x4187, 0x4187, 0x4187,
    0x4187, 0x4187, 0x4187, 0x4187, 0x4187, 0x4167, 0x4167, 0x4167, 0x4187, 0x4167, 0x4167, 0x4167,
    0x4187, 0x4187, 0x4187, 0x4187, 0x49A8, 0x4988, 0x4988, 0x4988, 0x4988, 0x4988, 0x4988, 0x4988,
    0x4988, 0x4988, 0x4988, 0x4988, 0x4988, 0x4988, 0x4988, 0x4988, 0x4988, 0x49A8, 0x49A8, 0x4988,
    0x4988, 0x4988, 0x4988, 0x4988, 0x4988, 0x4988, 0x4988, 0x4988, 0x4988, 0x4988, 0x4988, 0x4988,
    0x4988, 0x4988, 0x4988, 0x4988, 0x4988, 0x4988, 0x4988, 0x4988, 0x4988, 0x49A8, 0x49A8, 0x49A8,
    0x49A8, 0x49A8, 0x4988, 0x49A8, 0x49A8, 0x49A8, 0x49A8, 0x49A8, 0x49A8, 0x49A8, 0x49A8, 0x51A8,
    0x51A8, 0x51C8, 0x51A8, 0x51A8, 0x51A8, 0x51A8, 0x51A8, 0x4988, 0x4987, 0x4987, 0x4988, 0x4987,
    0x4988, 0x4988, 0x4988, 0x4988, 0x4988, 0x4988, 0x4988, 0x4988, 0x622A, 0x622A, 0x622A, 0x622A,
    0x620A, 0x5A0A, 0x5A0A, 0x5A0A, 0x59E9, 0x51E9, 0x51C9, 0x51E9, 0x49A8, 0x4988, 0x4988, 0x4988,
    0x49A8, 0x49A8, 0x49A8, 0x49A8, 0x49A8, 0x49A8, 0x49A8, 0x49A8, 0x49A8, 0x49A8, 0x49A8, 0x49A8,
    0x49A8, 0x49A8, 0x49A8, 0x49A8, 0x49A8, 0x49C8, 0x49C8, 0x49A8, 0x4187, 0x4187, 0x4187, 0x4187,
    0x4167, 0x4187, 0x4187, 0x49A8, 0x49A8, 0x49A8, 0x51C8, 0x51E9, 0x5A09, 0x5A0A, 0x622A, 0x622A,
    0x622A, 0x624B, 0x622B, 0x624B, 0x6A4B, 0x6A4B, 0x6A4B, 0x6A4B, 0x6A4B, 0x6A4B, 0x6A4B, 0x6A4B,
    0x6A6C, 0x6A6C, 0x6A6B, 0x6A6B, 0x624B, 0x622A, 0x5A2A, 0x5A0A, 0x5A09, 0x51E9, 0x51C8, 0x49A8,
    0x49A8, 0x49A8, 0x41A7, 0x41A7, 0x4187, 0x41A7, 0x41A7, 0x41A8, 0x4187, 0x4187, 0x4187, 0x4187,
    0x4167, 0x4167, 0x49A8, 0x51E9, 0x5A09, 0x5A0A, 0x5A0A, 0x622A, 0x622A, 0x624A, 0x624A, 0x624A,
    0x624A, 0x622A, 0x5A2A, 0x5A2A, 0x5A0A, 0x51E9, 0x51C9, 0x49C8, 0x49A8, 0x4187, 0x4187, 0x4187,
    0x4187, 0x4187, 0x4187, 0x4187, 0x4187, 0x4187, 0x4187, 0x4187, 0x4187, 0x4187, 0x4187, 0x4187,
    0x4187, 0x4187, 0x4187, 0x4187, 0x4187, 0x4187, 0x4187, 0x4187, 0x4187, 0x4187, 0x4187, 0x4187,
    0x4187, 0x4187, 0x4187, 0x4187, 0x4187, 0x4187, 0x4187, 0x4187, 0x4187, 0x49A8, 0x49A8, 0x49A8,
    0x49A8, 0x4988, 0x4187, 0x4167, 0x4187, 0x4187, 0x4187, 0x4187, 0x4187, 0x4187, 0x4187, 0x4187,
    0x4187, 0x4187, 0x4187, 0x4187, 0x4167, 0x4187, 0x4187, 0x4187, 0x4187, 0x4187, 0x4187, 0x4187,
    0x4187, 0x4187, 0x4187, 0x4187, 0x4187, 0x41A7, 0x49A8, 0x49A8, 0x49A8, 0x49A8, 0x51C8, 0x51C9,
    0x51E9, 0x51C9, 0x51C9, 0x51C9, 0x51A8, 0x49A8, 0x49A8, 0x49C8, 0x49C8, 0x49C8, 0x49A8, 0x49A8,
    0x49A8, 0x49A8, 0x49A8, 0x49A8, 0x49A8, 0x49C8, 0x51E9, 0x51E9, 0x51E9, 0x51E9, 0x51E9, 0x51E9,
    0x59E9, 0x59E9, 0x59E9, 0x59E9, 0x5A09, 0x5209, 0x5A09, 0x5A09, 0x5A0A, 0x5A0A, 0x5A0A, 0x620A,
    0x622A, 0x622B, 0x622A, 0x622A, 0x622A, 0x622A, 0x622A, 0x622A, 0x5A2A, 0x622A, 0x620A, 0x622A,
    0x5A2A, 0x5A2A, 0x5A0A, 0x51E9, 0x51C9, 0x49A8, 0x49A8, 0x49A8, 0x49A8, 0x49A8, 0x49A8, 0x4187,
    0x4187, 0x4187, 0x4187, 0x4187, 0x4187, 0x4187, 0x4187, 0x4988, 0x49C8, 0x49C8, 0x51E9, 0x5209,
    0x59E9, 0x5A0A, 0x5A2A, 0x5A0A, 0x622A, 0x5A0A, 0x5A0A, 0x5A0A, 0x5A09, 0x51E9, 0x51E9, 0x51C9,
    0x51E9, 0x51E9, 0x51E9, 0x51E9, 0x51E9, 0x51C9, 0x51C9, 0x51E9, 0x51E9, 0x51E9, 0x51E9, 0x51E9,
    0x51E9, 0x51E9, 0x51E9, 0x51E9, 0x51E9, 0x51E9, 0x51E9, 0x51E9, 0x51E9, 0x51E9, 0x5209, 0x5209,
    0x51E9, 0x51E9, 0x5209, 0x51E9, 0x51C9, 0x49A8, 0x4187, 0x4167, 0x4167, 0x4167, 0x4167, 0x4167,
    0x4187, 0x4187, 0x4187, 0x4187, 0x4187, 0x4187, 0x4187, 0x4187, 0x4187, 0x4167, 0x4167, 0x4167,
    0x4167, 0x4167, 0x4167, 0x4187, 0x4167, 0x4167, 0x4187, 0x49A8, 0x49A8, 0x49A8, 0x49A8, 0x49A8,
    0x49A8, 0x49A8, 0x49A8, 0x49A8, 0x4988, 0x4988, 0x4988, 0x4988, 0x4988, 0x4988, 0x4988, 0x4988,
    0x4988, 0x4988, 0x4988, 0x49A8, 0x4988, 0x4988, 0x4988, 0x4988, 0x4988, 0x4988, 0x4988, 0x4988,
    0x4988, 0x4988, 0x4988, 0x4988, 0x4988, 0x4988, 0x4988, 0x4988, 0x4988, 0x4988, 0x4988, 0x49A8,
    0x49A8, 0x49A8, 0x49A8, 0x49A8, 0x49A8, 0x49A8, 0x49A8, 0x49A8, 0x49A8, 0x49A8, 0x4988, 0x4988,
    0x4187, 0x4987, 0x4988, 0x49A8, 0x51A8, 0x49A8, 0x51A8, 0x49A8, 0x49A8, 0x49A8, 0x4988, 0x4987,
    0x4187, 0x4987, 0x4988, 0x4988, 0x4988, 0x4988, 0x49A8, 0x4988, 0x49A8, 0x49A8, 0x4988, 0x4988,
    0x59E9, 0x59E9, 0x59E9, 0x5A0A, 0x620A, 0x622A, 0x622A, 0x5A0A, 0x5A0A, 0x5A0A, 0x5A09, 0x5A0A,
    0x59C9, 0x59E9, 0x51C9, 0x51C9, 0x51C9, 0x49A8, 0x49A8, 0x49A8, 0x49A8, 0x49A8, 0x49A8, 0x49A8,
    0x49A8, 0x49A8, 0x49A8, 0x49A8, 0x49A8, 0x49A8, 0x49A8, 0x49A8, 0x49A8, 0x49A8, 0x49A8, 0x49A8,
    0x49A8, 0x49A8, 0x49A8, 0x4988, 0x4987, 0x4988, 0x4988, 0x49A8, 0x49A8, 0x49A8, 0x49A8, 0x49A8,
    0x51C9, 0x51E9, 0x5A09, 0x5A0A, 0x5A0A, 0x622A, 0x622A, 0x622A, 0x622A, 0x622A, 0x622B, 0x6A2A,
    0x6A2A, 0x6A2B, 0x6A4B, 0x6A4B, 0x6A4B, 0x6A4B, 0x622A, 0x59E9, 0x51E9, 0x49C8, 0x4988, 0x49A8,
    0x41A8, 0x4167, 0x3966, 0x3946, 0x3946, 0x3946, 0x3146, 0x3146, 0x3946, 0x3946, 0x3967, 0x4167,
    0x4187, 0x4167, 0x4167, 0x4167, 0x4167, 0x4167, 0x4167, 0x4167, 0x4187, 0x49A7, 0x49A8, 0x49A8,
    0x49C8, 0x51E9, 0x5A0A, 0x5A0A, 0x5A0A, 0x5A0A, 0x5A0A, 0x59E9, 0x59E9, 0x59E9, 0x51E9, 0x51E9,
    0x49C8, 0x4187, 0x4187, 0x4187, 0x4187, 0x4187, 0x4187, 0x4187, 0x4187, 0x4187, 0x4187, 0x4187,
    0x4187, 0x4187, 0x4187, 0x4187, 0x4187, 0x4187, 0x4187, 0x4187, 0x4187, 0x4187, 0x4187, 0x4187,
    0x4187, 0x4187, 0x4187, 0x4187, 0x4187, 0x4187, 0x4187, 0x4187, 0x4187, 0x4187, 0x4187, 0x4187,
    0x4187, 0x4187, 0x4987, 0x49A8, 0x49A8, 0x49A8, 0x4187, 0x4167, 0x4187, 0x4187, 0x4187, 0x4187,
    0x4187, 0x4187, 0x4187, 0x4187, 0x4187, 0x4187, 0x4187, 0x4187, 0x4187, 0x4187, 0x4187, 0x4187,
    0x4187, 0x4187, 0x4187, 0x4187, 0x4187, 0x4187, 0x4187, 0x4187, 0x4187, 0x41A7, 0x41A8, 0x49A8,
    0x49C8, 0x51E9, 0x51C9, 0x51C9, 0x51E9, 0x51C9, 0x51C9, 0x59E9, 0x51C9, 0x51C9, 0x51E9, 0x51C9,
    0x51C9, 0x51C9, 0x51E9, 0x49C8, 0x49C8, 0x49C8, 0x49A8, 0x49A8, 0x4988, 0x49A8, 0x49A8, 0x49A8,
    0x49A8, 0x49A8, 0x49A8, 0x49C8, 0x51C9, 0x51C9, 0x51E9, 0x5A09, 0x51E9, 0x51E9, 0x51E9, 0x51E9,
    0x5A0A, 0x5A0A, 0x5A0A, 0x5A0A, 0x5A0A, 0x622A, 0x5A0A, 0x5A0A, 0x5A0A, 0x5A0A, 0x5A0A, 0x5A0A,
    0x5A0A, 0x5A0A, 0x5A0A, 0x5A0A, 0x59E9, 0x5A09, 0x51E9, 0x51E9, 0x51E9, 0x49C8, 0x49A8, 0x49A8,
    0x49A8, 0x49A8, 0x49A8, 0x4988, 0x4187, 0x4187, 0x4187, 0x4187, 0x41A8, 0x49A8, 0x49A8, 0x49C8,
    0x51C8, 0x51E9, 0x51E9, 0x5209, 0x5A09, 0x5A2A, 0x5A2A, 0x5A09, 0x5A09, 0x5A09, 0x59E9, 0x51C9,
    0x51C8, 0x51C8, 0x51C8, 0x49C8, 0x51C8, 0x51E9, 0x51E9, 0x51C9, 0x51E9, 0x51E9, 0x51E9, 0x51E9,
    0x51E9, 0x51E8, 0x51E8, 0x49C8, 0x49C8, 0x49C8, 0x49C8, 0x49C8, 0x49C8, 0x49C8, 0x49C8, 0x49C8,
    0x51E9, 0x51E9, 0x5209, 0x5209, 0x5209, 0x5209, 0x51E9, 0x51E9, 0x51E9, 0x51C9, 0x49A8, 0x4988,
    0x4187, 0x4187, 0x4187, 0x4987, 0x4988, 0x4187, 0x4187, 0x4187, 0x4187, 0x4187, 0x4187, 0x4187,
    0x4187, 0x4187, 0x4187, 0x4187, 0x4187, 0x4187, 0x4187, 0x4987, 0x4187, 0x4187, 0x4187, 0x4988,
    0x49A8, 0x49A8, 0x49A8, 0x49A8, 0x49A8, 0x49A8, 0x49A8, 0x49A8, 0x4988, 0x4988, 0x4988, 0x4988,
    0x4988, 0x4988, 0x4988, 0x4988, 0x4988, 0x4988, 0x4988, 0x4988, 0x4988, 0x4988, 0x4988, 0x4988,
    0x4988, 0x4988, 0x4988, 0x4988, 0x4988, 0x4988, 0x4988, 0x4988, 0x4988, 0x4988, 0x4988, 0x4988,
    0x4988, 0x4988, 0x4988, 0x49A8, 0x49A8, 0x49A8, 0x49A8, 0x49A8, 0x49A8, 0x49A8, 0x49A8, 0x49A8,
    0x49A8, 0x49A8, 0x4988, 0x4988, 0x49A8, 0x49A8, 0x49A8, 0x49A8, 0x49C8, 0x49C8, 0x49A8, 0x4988,
    0x4988, 0x49A8, 0x49A8, 0x49A8, 0x4187, 0x4988, 0x4988, 0x49A8, 0x4988, 0x4988, 0x49A8, 0x4988,
    0x4988, 0x49A8, 0x4988, 0x4988, 0x51C9, 0x51E9, 0x51E9, 0x59E9, 0x5A0A, 0x622A, 0x622A, 0x622A,
    0x5A2A, 0x622A, 0x622A, 0x622A, 0x620A, 0x622A, 0x622A, 0x5A0A, 0x59E9, 0x59E9, 0x51C9, 0x51C8,
    0x4988, 0x49A8, 0x49A8, 0x49A8, 0x49A8, 0x49A8, 0x49A8, 0x49A8, 0x49A8, 0x49A8, 0x49A8, 0x49A8,
    0x49A8, 0x49A8, 0x49A8, 0x49A8, 0x49A8, 0x4988, 0x49A8, 0x49A8, 0x49A8, 0x49A8, 0x49A8, 0x4988,
    0x4988, 0x49A8, 0x49A8, 0x49A8, 0x49C8, 0x51E9, 0x51E9, 0x5A09, 0x5A09, 0x622A, 0x622A, 0x622A,
    0x622A, 0x622A, 0x622A, 0x6A2B, 0x6A4B, 0x6A2B, 0x622B, 0x624B, 0x622B, 0x5A0A, 0x51C9, 0x4987,
    0x3946, 0x3946, 0x3946, 0x3946, 0x3966, 0x3966, 0x3946, 0x3946, 0x3146, 0x3146, 0x3146, 0x3146,
    0x3126, 0x3946, 0x4167, 0x4187, 0x4167, 0x4167, 0x4167, 0x4167, 0x3967, 0x4167, 0x3967, 0x3946,
    0x3946, 0x4167, 0x3967, 0x3966, 0x3966, 0x49A8, 0x49E8, 0x51C9, 0x51E9, 0x59E9, 0x59E9, 0x51E9,
    0x51E9, 0x59E9, 0x5A09, 0x5209, 0x51C9, 0x49A8, 0x4187, 0x4187, 0x4187, 0x4187, 0x4187, 0x4187,
    0x4187, 0x4187, 0x4187, 0x4187, 0x4187, 0x4187, 0x4187, 0x4187, 0x4187, 0x4187, 0x4187, 0x4187,
    0x4187, 0x4187, 0x4187, 0x4187, 0x4187, 0x4187, 0x4187, 0x4187, 0x4187, 0x4187, 0x4187, 0x4187,
    0x4187, 0x4187, 0x4187, 0x4187, 0x4187, 0x4187, 0x4187, 0x4187, 0x4187, 0x4187, 0x4187, 0x4167,
    0x4187, 0x4187, 0x4187, 0x4187, 0x4187, 0x4187, 0x4187, 0x4187, 0x4187, 0x4187, 0x4187, 0x4187,
    0x4187, 0x4187, 0x4187, 0x4187, 0x4187, 0x4187, 0x4187, 0x4187, 0x4187, 0x4187, 0x4187, 0x4187,
    0x4187, 0x49A7, 0x41A8, 0x49C8, 0x51E8, 0x51E9, 0x51C9, 0x51C9, 0x59E9, 0x59E9, 0x59E9, 0x59E9,
    0x59E9, 0x59E9, 0x59E9, 0x59E9, 0x51E9, 0x51E9, 0x51E9, 0x51C8, 0x49A8, 0x49A8, 0x49A8, 0x4987,
    0x4187, 0x4187, 0x4187, 0x4167, 0x4167, 0x4167, 0x4187, 0x4187, 0x49A8, 0x49C8, 0x51E9, 0x51E9,
    0x51E9, 0x51E9, 0x51E9, 0x59E9, 0x5A09, 0x5A0A, 0x620A, 0x620A, 0x5A0A, 0x622A, 0x5A0A, 0x5A0A,
    0x5A0A, 0x59E9, 0x59E9, 0x59E9, 0x51E9, 0x51E9, 0x59E9, 0x59E9, 0x51C9, 0x51E9, 0x51C8, 0x51E8,
    0x49C8, 0x49A8, 0x49A8, 0x49C8, 0x49C8, 0x49A8, 0x51A8, 0x49A8, 0x41A8, 0x41A8, 0x49A8, 0x49A8,
    0x49A8, 0x49A8, 0x49A8, 0x51C8, 0x51C9, 0x51E9, 0x5209, 0x51E9, 0x51E9, 0x5A0A, 0x5A0A, 0x51E9,
    0x51C9, 0x51C9, 0x51C9, 0x49A8, 0x49A8, 0x49A8, 0x49C8, 0x49A8, 0x49C8, 0x51E9, 0x51E9, 0x49C8,
    0x51E9, 0x51E9, 0x51E9, 0x51E9, 0x49E8, 0x49C8, 0x49C8, 0x49C8, 0x49C8, 0x49A8, 0x49A8, 0x49A8,
    0x49A8, 0x49A8, 0x49A8, 0x49A8, 0x51C8, 0x51E9, 0x5A09, 0x5209, 0x5209, 0x5209, 0x51E9, 0x51E9,
    0x51E9, 0x51E9, 0x51C9, 0x49A8, 0x49A8, 0x4988, 0x4988, 0x4988, 0x4987, 0x4187, 0x4167, 0x4187,
    0x4187, 0x4187, 0x4187, 0x4187, 0x4987, 0x4987, 0x4987, 0x4987, 0x4987, 0x4987, 0x4987, 0x4987,
    0x4988, 0x4988, 0x4987, 0x4988, 0x49A8, 0x49A8, 0x49A8, 0x49A8, 0x49A8, 0x49A8, 0x4987, 0x4988,
    0x4988, 0x4988, 0x4988, 0x4988, 0x4988, 0x4988, 0x4988, 0x4988, 0x4988, 0x4988, 0x4987, 0x4987,
    0x4988, 0x4988, 0x4988, 0x4988, 0x4988, 0x4988, 0x4988, 0x4988, 0x4988, 0x4988, 0x4988, 0x4988,
    0x4988, 0x4988, 0x4988, 0x4988, 0x4988, 0x4988, 0x4988, 0x49A8, 0x49A8, 0x49A8, 0x49A8, 0x49A8,
    0x49A8, 0x49A8, 0x49A8, 0x49A8, 0x49A8, 0x49A8, 0x4988, 0x4988, 0x49A8, 0x49C8, 0x49C8, 0x49C8,
    0x49A8, 0x49C8, 0x4988, 0x4987, 0x4187, 0x4187, 0x4987, 0x49A8, 0x49A8, 0x4988, 0x49A8, 0x49A8,
    0x4987, 0x4987, 0x4988, 0x4988, 0x4988, 0x4987, 0x4987, 0x4987, 0x49A8, 0x49A8, 0x49A8, 0x51C9,
    0x51E9, 0x51E9, 0x51E9, 0x51E9, 0x5A09, 0x59E9, 0x5A09, 0x59E9, 0x5A09, 0x5A0A, 0x620A, 0x620A,
    0x620A, 0x5A0A, 0x59E9, 0x59E9, 0x51E9, 0x51E9, 0x51C9, 0x49A8, 0x49A8, 0x49A8, 0x49A8, 0x49A8,
    0x49A8, 0x4988, 0x49A8, 0x49A8, 0x49A8, 0x49A8, 0x4988, 0x4988, 0x4988, 0x4988, 0x49A8, 0x49A8,
    0x49A8, 0x49A8, 0x49A8, 0x49A8, 0x49A8, 0x49A8, 0x49A8, 0x49A8, 0x49A8, 0x51C9, 0x51E9, 0x5A09,
    0x5A09, 0x5A0A, 0x622A, 0x624B, 0x624A, 0x622A, 0x59E9, 0x59E9, 0x51C9, 0x51C9, 0x49A8, 0x4987,
    0x4187, 0x4187, 0x4167, 0x3946, 0x3146, 0x3946, 0x3946, 0x3946, 0x3946, 0x3966, 0x3966, 0x3966,
    0x3966, 0x4187, 0x3967, 0x3946, 0x3966, 0x3967, 0x4167, 0x4187, 0x4187, 0x4167, 0x4147, 0x4167,
    0x4167, 0x4167, 0x4167, 0x3967, 0x3947, 0x3946, 0x3946, 0x3946, 0x3946, 0x3966, 0x3967, 0x4167,
    0x41A7, 0x4187, 0x4187, 0x4167, 0x4187, 0x4988, 0x49A8, 0x49A8, 0x41A7, 0x4187, 0x4187, 0x4187,
    0x4187, 0x4187, 0x4167, 0x4187, 0x4187, 0x4167, 0x4167, 0x4187, 0x4187, 0x4187, 0x4187, 0x4167,
    0x4167, 0x4167, 0x4187, 0x4187, 0x4187, 0x4187, 0x4187, 0x4187, 0x4187, 0x4167, 0x4187, 0x4187,
    0x4187, 0x4187, 0x4187, 0x4187, 0x4167, 0x4187, 0x4187, 0x4187, 0x4187, 0x4187, 0x4187, 0x4187,
    0x4187, 0x4187, 0x4187, 0x4187, 0x4187, 0x4187, 0x4187, 0x4187, 0x4187, 0x4187, 0x4187, 0x4187,
    0x4187, 0x4187, 0x4187, 0x4187, 0x4187, 0x4187, 0x4187, 0x4187, 0x4187, 0x4187, 0x4187, 0x4187,
    0x4187, 0x4187, 0x4187, 0x4167, 0x4187, 0x49A8, 0x51C9, 0x51E9, 0x5A09, 0x5A09, 0x620A, 0x620A,
    0x622A, 0x622A, 0x622A, 0x620A, 0x620A, 0x620A, 0x5A09, 0x5A0A, 0x59E9, 0x5A0A, 0x59E9, 0x51C9,
    0x49A8, 0x49A8, 0x49A8, 0x4187, 0x4187, 0x4187, 0x4187, 0x4167, 0x4187, 0x4187, 0x4187, 0x4988,
    0x49A8, 0x49A8, 0x49C8, 0x51E9, 0x51E9, 0x51E9, 0x5A09, 0x5A0A, 0x5A0A, 0x622A, 0x622A, 0x622A,
    0x622A, 0x622A, 0x622A, 0x622A, 0x622A, 0x5A0A, 0x5A0A, 0x5A09, 0x59E9, 0x59E9, 0x59C9, 0x51C9,
    0x49C8, 0x49C8, 0x49C8, 0x49C8, 0x49C8, 0x49C8, 0x49C8, 0x51C8, 0x51C9, 0x51C9, 0x51C8, 0x51C8,
    0x51C8, 0x49C8, 0x49A8, 0x49A8, 0x49A8, 0x49A8, 0x49A8, 0x51A8, 0x51C9, 0x59E9, 0x59E9, 0x5A09,
    0x5A0A, 0x5A0A, 0x5A0A, 0x5A0A, 0x5A09, 0x51E9, 0x51E9, 0x51E9, 0x51C9, 0x51C9, 0x51C8, 0x51C9,
    0x49C8, 0x49C8, 0x49A8, 0x49A8, 0x49A8, 0x49A8, 0x49A8, 0x49C8, 0x49C8, 0x41A7, 0x41A7, 0x4187,
    0x4187, 0x4187, 0x4187, 0x4987, 0x49A8, 0x49A8, 0x49A8, 0x49C8, 0x51C8, 0x51E9, 0x51E9, 0x51E9,
    0x5209, 0x51E9, 0x51E9, 0x51E9, 0x51E9, 0x51E9, 0x51E9, 0x51C9, 0x49A8, 0x4988, 0x4988, 0x4988,
    0x4988, 0x4987, 0x4187, 0x4987, 0x4988, 0x4988, 0x4187, 0x4988, 0x4988, 0x4188, 0x41A8, 0x49A8,
    0x4187, 0x4987, 0x4988, 0x4988, 0x4988, 0x4988, 0x49A8, 0x49A8, 0x49A8, 0x49C8, 0x49C8, 0x49C8,
    0x49A8, 0x49A8, 0x4987, 0x49A8, 0x49A8, 0x49A8, 0x49A8, 0x4988, 0x4988, 0x4988, 0x4988, 0x4988,
    0x4988, 0x4988, 0x4987, 0x4987, 0x4988, 0x4988, 0x4988, 0x4988, 0x4988, 0x4988, 0x4988, 0x4988,
    0x4988, 0x4988, 0x4988, 0x4988, 0x4988, 0x4988, 0x4988, 0x4988, 0x4988, 0x4988, 0x4988, 0x4988,
    0x4988, 0x4988, 0x4988, 0x4988, 0x4988, 0x4988, 0x49A8, 0x4988, 0x4988, 0x4988, 0x4988, 0x4988,
    0x49A8, 0x49A8, 0x49A8, 0x49A8, 0x49A8, 0x49A8, 0x4988, 0x4988, 0x4988, 0x4987, 0x4187, 0x4187,
    0x49A8, 0x4187, 0x4987, 0x49A8, 0x4988, 0x4988, 0x49A8, 0x49A8, 0x49A8, 0x4988, 0x49A8, 0x49A8,
    0x4987, 0x4988, 0x4987, 0x4988, 0x49A8, 0x49A8, 0x49A8, 0x49A8, 0x51C8, 0x51C9, 0x51C9, 0x51C9,
    0x59E9, 0x59E9, 0x59E9, 0x5A0A, 0x622A, 0x622A, 0x622A, 0x5A0A, 0x5A0A, 0x5A2A, 0x5A09, 0x51E9,
    0x49C8, 0x49A8, 0x4987, 0x49A8, 0x49A8, 0x49A8, 0x49A8, 0x49A8, 0x49A8, 0x49A8, 0x49A8, 0x49A8,
    0x49A8, 0x49A8, 0x49A8, 0x49A8, 0x49A8, 0x49A8, 0x49A8, 0x49A8, 0x49A8, 0x49A8, 0x49A8, 0x49A8,
    0x49C8, 0x51C8, 0x51E9, 0x5A0A, 0x5A0A, 0x622A, 0x624A, 0x624B, 0x624A, 0x5A09, 0x49A8, 0x4167,
    0x4146, 0x4147, 0x4167, 0x3946, 0x3946, 0x3966, 0x3946, 0x3126, 0x3146, 0x3946, 0x3946, 0x3946,
    0x3946, 0x3966, 0x3967, 0x4187, 0x4187, 0x41A8, 0x4187, 0x4167, 0x4167, 0x3967, 0x3967, 0x3967,
    0x3967, 0x4167, 0x4167, 0x4167, 0x4167, 0x4167, 0x4167, 0x4167, 0x3946, 0x3926, 0x3946, 0x3946,
    0x3946, 0x3126, 0x3126, 0x3946, 0x3946, 0x3926, 0x3946, 0x3946, 0x3947, 0x3967, 0x4167, 0x4167,
    0x4167, 0x4167, 0x4187, 0x4187, 0x4187, 0x4167, 0x4167, 0x4167, 0x4167, 0x4167, 0x3967, 0x4167,
    0x4187, 0x4188, 0x4187, 0x4167, 0x4167, 0x4167, 0x4167, 0x4187, 0x4187, 0x4187, 0x4187, 0x3967,
    0x4167, 0x4187, 0x4187, 0x4187, 0x4187, 0x4187, 0x4187, 0x4187, 0x4187, 0x4187, 0x4187, 0x4187,
    0x4187, 0x4187, 0x4187, 0x4187, 0x4187, 0x4187, 0x4188, 0x4187, 0x4187, 0x4187, 0x4187, 0x4187,
    0x4187, 0x4187, 0x4187, 0x4187, 0x4187, 0x4187, 0x4187, 0x4187, 0x4187, 0x4187, 0x4187, 0x4187,
    0x4187, 0x4187, 0x4187, 0x4187, 0x4187, 0x4187, 0x4187, 0x4167, 0x4187, 0x49A8, 0x51E9, 0x59E9,
    0x5A0A, 0x622A, 0x622A, 0x622A, 0x6A4B, 0x6A4B, 0x6A4B, 0x6A4B, 0x6A2B, 0x622A, 0x622A, 0x622A,
    0x622A, 0x622A, 0x59E9, 0x51C9, 0x49A8, 0x49A8, 0x4187, 0x4167, 0x4187, 0x4187, 0x4187, 0x4187,
    0x4187, 0x4187, 0x4187, 0x4187, 0x4187, 0x49A8, 0x49C8, 0x49C8, 0x49C8, 0x51C9, 0x5209, 0x5A0A,
    0x5A0A, 0x622A, 0x624A, 0x622A, 0x624A, 0x624A, 0x624A, 0x622A, 0x622A, 0x622A, 0x622A, 0x620A,
    0x5A0A, 0x59E9, 0x51C9, 0x51C8, 0x49A8, 0x49A8, 0x49A8, 0x49A8, 0x41A8, 0x49C8, 0x51E8, 0x51E9,
    0x51E9, 0x51E9, 0x51E9, 0x51E9, 0x51E9, 0x49C8, 0x49A8, 0x49A8, 0x49A8, 0x49A8, 0x4988, 0x51A8,
    0x59E9, 0x59E9, 0x5A0A, 0x622A, 0x622A, 0x622A, 0x622A, 0x622A, 0x622A, 0x5A0A, 0x5A0A, 0x5A0A,
    0x5A0A, 0x59E9, 0x51E9, 0x51E9, 0x49C8, 0x49A8, 0x49A8, 0x4187, 0x4187, 0x4187, 0x4187, 0x4187,
    0x4187, 0x41A7, 0x4187, 0x4187, 0x4187, 0x4167, 0x4167, 0x4167, 0x4187, 0x49A7, 0x49A8, 0x49C8,
    0x49C8, 0x51C9, 0x51E9, 0x51E9, 0x51E9, 0x51E9, 0x51E9, 0x51E9, 0x51E9, 0x51E9, 0x51E9, 0x51E9,
    0x51C8, 0x4988, 0x4988, 0x4988, 0x49A8, 0x4987, 0x4187, 0x49A8, 0x49A8, 0x49A8, 0x4988, 0x4988,
    0x4188, 0x4188, 0x4187, 0x4187, 0x4987, 0x4187, 0x4987, 0x49A8, 0x49A8, 0x49C8, 0x51C8, 0x51E9,
    0x51E9, 0x51E9, 0x51E9, 0x51C9, 0x49C8, 0x49A8, 0x4987, 0x49A8, 0x4988, 0x4988, 0x4988, 0x4988,
    0x4988, 0x4988, 0x4988, 0x4988, 0x4988, 0x4988, 0x4988, 0x4988, 0x4988, 0x4988, 0x4988, 0x4988,
    0x4988, 0x4988, 0x4988, 0x4988, 0x4988, 0x4988, 0x4988, 0x4988, 0x4988, 0x4988, 0x4988, 0x4988,
    0x4988, 0x4988, 0x4988, 0x4988, 0x4988, 0x4988, 0x4988, 0x4988, 0x4988, 0x4988, 0x4988, 0x4988,
    0x4988, 0x4988, 0x4988, 0x4988, 0x4187, 0x4187, 0x4187, 0x4187, 0x4187, 0x4187, 0x4987, 0x4988,
    0x4988, 0x4987, 0x4187, 0x49A8, 0x4987, 0x4187, 0x4187, 0x49A8, 0x49A8, 0x49A8, 0x51C8, 0x51A8,
    0x51A8, 0x51A8, 0x51C8, 0x51C9, 0x4988, 0x4988, 0x4988, 0x4988, 0x4988, 0x4988, 0x4988, 0x49A8,
    0x49A8, 0x49A8, 0x49A8, 0x51A8, 0x51A8, 0x51A8, 0x51C8, 0x51C9, 0x51E9, 0x59E9, 0x59E9, 0x59E9,
    0x5A09, 0x5A09, 0x5209, 0x51E9, 0x51C9, 0x49A8, 0x49C8, 0x49A8, 0x49A8, 0x49A8, 0x49A8, 0x49A8,
    0x49A8, 0x4988, 0x4988, 0x4988, 0x49A8, 0x49A8, 0x49A8, 0x49A8, 0x49A8, 0x49A8, 0x49A8, 0x49A8,
    0x49A8, 0x49A8, 0x4187, 0x49A8, 0x41A8, 0x4187, 0x49A8, 0x49A8, 0x49A8, 0x49C8, 0x51A8, 0x49A8,
    0x49A8, 0x41A8, 0x4167, 0x3946, 0x3946, 0x3967, 0x3967, 0x3967, 0x3946, 0x3946, 0x3946, 0x3146,
    0x3146, 0x3146, 0x3946, 0x3967, 0x4187, 0x4187, 0x4187, 0x4187, 0x4188, 0x4187, 0x4167, 0x3967,
    0x3967, 0x3967, 0x3946, 0x3146, 0x3946, 0x3966, 0x4167, 0x3967, 0x3967, 0x4167, 0x4167, 0x3946,
    0x3926, 0x3926, 0x3946, 0x3126, 0x3946, 0x3946, 0x3946, 0x3946, 0x3946, 0x3946, 0x3946, 0x3946,
    0x3946, 0x3966, 0x3967, 0x3967, 0x4167, 0x4167, 0x4187, 0x4187, 0x4187, 0x3967, 0x3967, 0x3967,
    0x3947, 0x3966, 0x3967, 0x4167, 0x4187, 0x4187, 0x4187, 0x4187, 0x4187, 0x4167, 0x4167, 0x4187,
    0x4187, 0x4187, 0x4187, 0x3967, 0x3967, 0x3967, 0x3967, 0x3966, 0x3967, 0x4167, 0x4187, 0x4187,
    0x4187, 0x4187, 0x4187, 0x4187, 0x4187, 0x4187, 0x4187, 0x4187, 0x4187, 0x4187, 0x4188, 0x4187,
    0x4187, 0x4187, 0x4187, 0x4187, 0x4187, 0x4187, 0x4187, 0x4187, 0x4187, 0x4187, 0x4187, 0x4187,
    0x4167, 0x4167, 0x4167, 0x4167, 0x4187, 0x4187, 0x4187, 0x4187, 0x4187, 0x4187, 0x4187, 0x4187,
    0x4187, 0x49A8, 0x51C9, 0x59E9, 0x5A0A, 0x622A, 0x622A, 0x622A, 0x6A4B, 0x6A4B, 0x6A4B, 0x6A4B,
    0x6A4B, 0x6A4B, 0x622B, 0x622A, 0x620A, 0x59E9, 0x51C9, 0x51A8, 0x4987, 0x4988, 0x4187, 0x4187,
    0x4187, 0x4187, 0x4187, 0x4187, 0x4988, 0x49A8, 0x4988, 0x4987, 0x4187, 0x49A8, 0x49A8, 0x49A8,
    0x4988, 0x49A8, 0x51C8, 0x51C9, 0x51C9, 0x59E9, 0x5A0A, 0x5A0A, 0x622A, 0x622A, 0x622A, 0x5A2A,
    0x5A0A, 0x5A0A, 0x5A0A, 0x5A0A, 0x5A0A, 0x59E9, 0x51C9, 0x51C8, 0x49A8, 0x49A8, 0x49A8, 0x49A8,
    0x49A8, 0x49C8, 0x49C8, 0x49C8, 0x51C9, 0x51E9, 0x49C8, 0x49C8, 0x51C8, 0x49C8, 0x49A8, 0x49A8,
    0x49A8, 0x49A8, 0x49A8, 0x51C8, 0x59E9, 0x59E9, 0x5A09, 0x620A, 0x622A, 0x620A, 0x620A, 0x622A,
    0x622A, 0x622A, 0x622A, 0x620A, 0x5A0A, 0x5A0A, 0x5209, 0x51E9, 0x49C8, 0x49A8, 0x49A8, 0x4187,
    0x41A7, 0x49A7, 0x4987, 0x41A7, 0x41A7, 0x41A7, 0x41A7, 0x49A7, 0x49A7, 0x49A8, 0x49A8, 0x49A8,
    0x49C8, 0x49C8, 0x51C8, 0x51E9, 0x51C9, 0x51E9, 0x51E9, 0x51E9, 0x59E9, 0x59E9, 0x51E9, 0x5209,
    0x51E9, 0x51E9, 0x5209, 0x5209, 0x51C9, 0x49A8, 0x49A8, 0x49A8, 0x49A8, 0x49A8, 0x49A8, 0x49A8,
    0x49A8, 0x49A8, 0x49A8, 0x49A8, 0x49A8, 0x49A8, 0x49A8, 0x49A8, 0x49A8, 0x49A8, 0x49A8, 0x49C8,
    0x51C8, 0x51C9, 0x51C8, 0x51C9, 0x51C8, 0x49C8, 0x49A8, 0x49A8, 0x49A8, 0x49A8, 0x4987, 0x49A8,
    0x4988, 0x4988, 0x4988, 0x4988, 0x4988, 0x4988, 0x4988, 0x4988, 0x4988, 0x4988, 0x4988, 0x4988,
    0x4988, 0x4988, 0x4988, 0x4988, 0x4988, 0x4988, 0x4988, 0x4988, 0x4988, 0x4988, 0x4988, 0x4988,
    0x4988, 0x4988, 0x4988, 0x4988, 0x4988, 0x4988, 0x4988, 0x4988, 0x4988, 0x4988, 0x4988, 0x4988,
    0x4988, 0x4988, 0x4988, 0x4988, 0x4988, 0x49A8, 0x49A8, 0x49A8, 0x49A8, 0x49A8, 0x49A8, 0x49A8,
    0x49A8, 0x49A8, 0x49A8, 0x49C8, 0x49C8, 0x49A8, 0x49C8, 0x49C8, 0x49C8, 0x49A8, 0x49A8, 0x51E9,
    0x51C9, 0x51C9, 0x59E9, 0x59E9, 0x59E9, 0x59E9, 0x59E9, 0x59E9, 0x4988, 0x4988, 0x4988, 0x4988,
    0x4988, 0x4988, 0x4988, 0x4988, 0x4988, 0x4988, 0x4988, 0x4988, 0x4988, 0x4988, 0x4988, 0x4988,
    0x4988, 0x4988, 0x4988, 0x4987, 0x51C8, 0x51C9, 0x51E9, 0x51E9, 0x51E9, 0x51E9, 0x51E9, 0x51C9,
    0x49C8, 0x49A8, 0x49A8, 0x49A8, 0x49A8, 0x49A8, 0x49A8, 0x49A8, 0x49A8, 0x49A8, 0x49A8, 0x49A8,
    0x49A8, 0x4187, 0x4187, 0x4187, 0x4187, 0x4187, 0x4187, 0x4187, 0x4167, 0x3946, 0x3146, 0x3946,
    0x3946, 0x3946, 0x3946, 0x3126, 0x3946, 0x3967, 0x3967, 0x3967, 0x3967, 0x3967, 0x3967, 0x3146,
    0x3146, 0x3146, 0x3146, 0x3146, 0x3146, 0x3946, 0x3946, 0x4187, 0x4187, 0x4187, 0x4187, 0x4187,
    0x4187, 0x4187, 0x4187, 0x3967, 0x3966, 0x3967, 0x3146, 0x3126, 0x3146, 0x3946, 0x3946, 0x3946,
    0x3946, 0x3967, 0x4187, 0x3967, 0x3146, 0x3926, 0x3126, 0x3126, 0x3946, 0x3966, 0x3967, 0x3966,
    0x3946, 0x3946, 0x3946, 0x3946, 0x3146, 0x3146, 0x3946, 0x3967, 0x4187, 0x4187, 0x4187, 0x4187,
    0x3967, 0x3966, 0x3946, 0x3126, 0x3146, 0x3126, 0x3967, 0x4187, 0x4187, 0x3967, 0x4187, 0x41A7,
    0x4187, 0x3967, 0x3967, 0x3967, 0x4187, 0x4187, 0x4187, 0x4187, 0x4167, 0x3946, 0x3946, 0x3126,
    0x3126, 0x3946, 0x4167, 0x4187, 0x4187, 0x4987, 0x4988, 0x4187, 0x4187, 0x4187, 0x4187, 0x4187,
    0x4187, 0x4187, 0x4187, 0x4187, 0x4187, 0x4187, 0x4187, 0x4187, 0x4987, 0x4187, 0x4187, 0x4187,
    0x4187, 0x4187, 0x4187, 0x4187, 0x4187, 0x4187, 0x4187, 0x4187, 0x4187, 0x4187, 0x4187, 0x4187,
    0x4187, 0x4187, 0x4187, 0x4187, 0x41A7, 0x49A8, 0x49A8, 0x51C9, 0x59E9, 0x620A, 0x6A4B, 0x6A4B,
    0x6A4B, 0x6A4B, 0x6A4B, 0x6A4B, 0x6A4B, 0x6A4B, 0x624A, 0x622A, 0x5A09, 0x51C9, 0x49A8, 0x4988,
    0x4187, 0x4987, 0x4187, 0x4187, 0x49A8, 0x4187, 0x4187, 0x4187, 0x49A8, 0x49A8, 0x49A8, 0x4988,
    0x4187, 0x4187, 0x4187, 0x4988, 0x4987, 0x4187, 0x4987, 0x4987, 0x4987, 0x49A8, 0x51A8, 0x51C9,
    0x5A09, 0x5A09, 0x5A09, 0x59E9, 0x59E9, 0x51E9, 0x51E9, 0x51E9, 0x51E9, 0x51E9, 0x51C8, 0x49C8,
    0x49C8, 0x4988, 0x49A8, 0x49A8, 0x49C8, 0x49C8, 0x49A8, 0x49A8, 0x49A8, 0x49A8, 0x49A8, 0x49C8,
    0x49A8, 0x49A8, 0x49A8, 0x49A8, 0x4987, 0x49A8, 0x49C8, 0x51C9, 0x51C9, 0x59E9, 0x5A0A, 0x620A,
    0x620A, 0x620A, 0x622A, 0x622A, 0x622A, 0x622A, 0x622A, 0x620A, 0x620A, 0x5A0A, 0x5209, 0x51E9,
    0x49C8, 0x49A8, 0x49A8, 0x49A8, 0x49A8, 0x49A8, 0x49A8, 0x49A8, 0x49C8, 0x49A8, 0x49A8, 0x49C8,
    0x49C8, 0x51C8, 0x51E9, 0x51E9, 0x51E9, 0x51E9, 0x51E9, 0x51E9, 0x51E9, 0x51E9, 0x51E9, 0x59E9,
    0x5A09, 0x5A0A, 0x5A0A, 0x5A09, 0x51E9, 0x51E9, 0x51E9, 0x59E9, 0x51E9, 0x51C8, 0x49A8, 0x49C8,
    0x49A8, 0x49A8, 0x49A8, 0x49C8, 0x49C8, 0x49C8, 0x49C9, 0x49C9, 0x51C9, 0x51C9, 0x51E9, 0x51E9,
    0x51E9, 0x51E9, 0x51E9, 0x51E9, 0x51C9, 0x49C8, 0x49A8, 0x49A8, 0x4988, 0x4988, 0x4988, 0x4987,
    0x4988, 0x4988, 0x4988, 0x4988, 0x4988, 0x4988, 0x4988, 0x4988, 0x4988, 0x4988, 0x49A8, 0x4987,
    0x4988, 0x4988, 0x4987, 0x4987, 0x4987, 0x49A8, 0x49A8, 0x49A8, 0x49A8, 0x4988, 0x4988, 0x4988,
    0x4988, 0x4988, 0x4988, 0x4988, 0x4988, 0x4988, 0x4988, 0x4988, 0x4988, 0x4988, 0x4988, 0x4988,
    0x4988, 0x4988, 0x4988, 0x4988, 0x4988, 0x4988, 0x4988, 0x4988, 0x49A8, 0x51C8, 0x51C8, 0x51C9,
    0x51E9, 0x51C9, 0x51C9, 0x51C9, 0x51E9, 0x51E9, 0x51E9, 0x51E9, 0x51E9, 0x51E9, 0x51E9, 0x51E9,
    0x51E9, 0x51E9, 0x59E9, 0x5A0A, 0x5A0A, 0x59EA, 0x620A, 0x622A, 0x622A, 0x620A, 0x620A, 0x620A,
    0x4988, 0x4988, 0x4988, 0x4988, 0x4988, 0x4988, 0x4988, 0x4988, 0x4988, 0x4988, 0x4988, 0x49A8,
    0x4988, 0x4988, 0x4988, 0x4988, 0x4987, 0x4987, 0x4987, 0x4187, 0x49A8, 0x49A8, 0x51A8, 0x51C8,
    0x51C9, 0x51C9, 0x51C8, 0x51C9, 0x51C8, 0x49A8, 0x49C8, 0x49C8, 0x49A8, 0x49A8, 0x49A8, 0x41A8,
    0x41A8, 0x49A8, 0x49A8, 0x4187, 0x4187, 0x4167, 0x4187, 0x4187, 0x4187, 0x4187, 0x4187, 0x4167,
    0x3947, 0x3946, 0x3146, 0x3146, 0x3146, 0x3946, 0x3946, 0x3946, 0x3946, 0x3967, 0x4167, 0x3967,
    0x3967, 0x3967, 0x3966, 0x3126, 0x3126, 0x3126, 0x3126, 0x3126, 0x3146, 0x3146, 0x3946, 0x3967,
    0x4167, 0x3967, 0x4167, 0x4167, 0x4167, 0x4167, 0x3967, 0x3967, 0x3146, 0x3146, 0x3146, 0x3126,
    0x3126, 0x3126, 0x3946, 0x3946, 0x3946, 0x3966, 0x3967, 0x3966, 0x3146, 0x3126, 0x3126, 0x3126,
    0x3946, 0x3946, 0x3966, 0x3967, 0x4167, 0x3947, 0x3966, 0x3946, 0x3126, 0x3126, 0x3146, 0x3966,
    0x3966, 0x4167, 0x4187, 0x3967, 0x3946, 0x3146, 0x3126, 0x3126, 0x3146, 0x3146, 0x3967, 0x3967,
    0x3966, 0x3966, 0x3967, 0x3987, 0x3987, 0x3967, 0x3966, 0x3946, 0x3967, 0x4167, 0x4187, 0x4187,
    0x3967, 0x3946, 0x3966, 0x3146, 0x3146, 0x3146, 0x3946, 0x3967, 0x4167, 0x4187, 0x4987, 0x4187,
    0x4187, 0x4187, 0x4187, 0x4987, 0x4987, 0x4987, 0x4187, 0x4187, 0x49A8, 0x4187, 0x4187, 0x4187,
    0x49A8, 0x4187, 0x4187, 0x4187, 0x4187, 0x4187, 0x4187, 0x4187, 0x4187, 0x4187, 0x4187, 0x4187,
    0x4187, 0x4187, 0x4187, 0x4187, 0x4188, 0x4187, 0x4187, 0x4187, 0x4187, 0x4187, 0x49A8, 0x51A8,
    0x51C8, 0x51E9, 0x5A0A, 0x5A0A, 0x5A0A, 0x5A0A, 0x620A, 0x620A, 0x620A, 0x5A0A, 0x5A09, 0x59E9,
    0x51C9, 0x49A8, 0x49A8, 0x4987, 0x4187, 0x4187, 0x4187, 0x4187, 0x49A8, 0x4187, 0x4187, 0x4187,
    0x49A8, 0x49A8, 0x49A8, 0x4988, 0x4187, 0x4187, 0x4187, 0x4987, 0x4987, 0x4187, 0x4187, 0x4167,
    0x4167, 0x4187, 0x49A8, 0x49A8, 0x51C8, 0x51C9, 0x51C9, 0x51C8, 0x51C8, 0x51C8, 0x51C9, 0x51C9,
    0x51C9, 0x51C8, 0x49A8, 0x49A8, 0x49A8, 0x4987, 0x4988, 0x49A8, 0x49A8, 0x49A8, 0x49A8, 0x49A8,
    0x49A8, 0x49A8, 0x49A8, 0x49A8, 0x49A8, 0x49C8, 0x51C8, 0x49C8, 0x49A8, 0x49C8, 0x51C9, 0x51C9,
    0x59E9, 0x59E9, 0x5A0A, 0x622A, 0x620A, 0x620A, 0x620A, 0x620A, 0x5A2A, 0x622A, 0x622A, 0x622A,
    0x622A, 0x5A2A, 0x5A09, 0x51E9, 0x51C8, 0x49C8, 0x49A8, 0x49C8, 0x49C8, 0x49C8, 0x49C8, 0x49C8,
    0x49C8, 0x49C8, 0x51C9, 0x51E9, 0x51E9, 0x51E9, 0x59E9, 0x5A09, 0x5A0A, 0x5A09, 0x5A09, 0x59E9,
    0x5A0A, 0x5A0A, 0x5A0A, 0x5A2A, 0x620A, 0x622A, 0x622A, 0x5A0A, 0x5A09, 0x59E9, 0x5A09, 0x5A0A,
    0x5A0A, 0x59E9, 0x59E9, 0x51E9, 0x51C9, 0x51C8, 0x51C8, 0x51C9, 0x51C9, 0x51C9, 0x51E9, 0x51E9,
    0x51E9, 0x51E9, 0x51E9, 0x51E9, 0x51E9, 0x51E9, 0x51E9, 0x51C9, 0x49A8, 0x49A8, 0x49A8, 0x4987,
    0x4987, 0x4987, 0x4987, 0x4987, 0x4988, 0x4988, 0x4988, 0x4988, 0x4988, 0x4988, 0x4988, 0x4988,
    0x4988, 0x4988, 0x49A8, 0x4987, 0x4988, 0x49A8, 0x49A8, 0x49A8, 0x49A8, 0x49A8, 0x49A8, 0x49A8,
    0x49C8, 0x49A8, 0x4987, 0x4988, 0x4988, 0x4988, 0x4988, 0x4988, 0x4988, 0x4988, 0x4988, 0x4988,
    0x4988, 0x4988, 0x4988, 0x4988, 0x4988, 0x4988, 0x4988, 0x4988, 0x49A8, 0x49A8, 0x49A8, 0x51C9,
    0x51C8, 0x51C9, 0x59E9, 0x5A09, 0x59E9, 0x59E9, 0x59E9, 0x59E9, 0x59E9, 0x5A09, 0x59E9, 0x59E9,
    0x59E9, 0x5A09, 0x5A0A, 0x5A0A, 0x5A0A, 0x5A0A, 0x5A0A, 0x622A, 0x622A, 0x622A, 0x622B, 0x622A,
    0x622A, 0x622A, 0x622A, 0x622A, 0x4988, 0x4988, 0x4988, 0x4988, 0x4988, 0x4988, 0x4988, 0x4988,
    0x4988, 0x4988, 0x49A8, 0x49A8, 0x49A8, 0x49A8, 0x49A8, 0x49A8, 0x49A8, 0x49A8, 0x49A8, 0x49A8,
    0x49A8, 0x4988, 0x4988, 0x4988, 0x49A8, 0x49A8, 0x49A8, 0x49C8, 0x49C8, 0x49C8, 0x49A8, 0x49A8,
    0x49A8, 0x4187, 0x4167, 0x4167, 0x3967, 0x4167, 0x4167, 0x3967, 0x3967, 0x3967, 0x3967, 0x3967,
    0x4167, 0x4187, 0x4187, 0x4167, 0x3967, 0x3967, 0x3967, 0x3967, 0x3967, 0x4167, 0x3967, 0x4167,
    0x3967, 0x4167, 0x4167, 0x4167, 0x4147, 0x3947, 0x3946, 0x3146, 0x3146, 0x3126, 0x3125, 0x3125,
    0x3125, 0x3126, 0x3126, 0x3126, 0x3126, 0x3126, 0x3946, 0x4167, 0x3967, 0x3967, 0x3946, 0x3146,
    0x3126, 0x3146, 0x3146, 0x3146, 0x3126, 0x3125, 0x3946, 0x3967, 0x3966, 0x3946, 0x3146, 0x3146,
    0x3126, 0x3126, 0x3126, 0x3126, 0x3126, 0x3946, 0x3967, 0x4187, 0x4187, 0x4167, 0x4167, 0x3946,
    0x3126, 0x3146, 0x3146, 0x3146, 0x3146, 0x3946, 0x3966, 0x3967, 0x3946, 0x3146, 0x3126, 0x3126,
    0x3146, 0x3967, 0x3967, 0x3946, 0x3126, 0x3146, 0x3146, 0x3146, 0x3966, 0x3967, 0x3967, 0x3946,
    0x3126, 0x3946, 0x3966, 0x4167, 0x3967, 0x3967, 0x3967, 0x3966, 0x3146, 0x3146, 0x3146, 0x3966,
    0x3946, 0x3966, 0x4187, 0x4187, 0x4987, 0x4187, 0x4187, 0x4987, 0x4987, 0x4987, 0x4187, 0x4187,
    0x49A7, 0x49A8, 0x49A8, 0x41A8, 0x49A8, 0x4187, 0x4187, 0x4187, 0x4187, 0x4187, 0x4187, 0x4187,
    0x4187, 0x4187, 0x4187, 0x4187, 0x4187, 0x4187, 0x4187, 0x41A8, 0x49A8, 0x49A8, 0x49A8, 0x4187,
    0x4187, 0x4187, 0x4987, 0x4988, 0x49A8, 0x4988, 0x49A8, 0x4988, 0x51A8, 0x51A8, 0x51A8, 0x51A8,
    0x51A8, 0x49A8, 0x4988, 0x4988, 0x4988, 0x4988, 0x4987, 0x4987, 0x4187, 0x4187, 0x4187, 0x4187,
    0x4988, 0x4188, 0x4188, 0x4988, 0x4988, 0x4988, 0x4987, 0x4988, 0x49A8, 0x49A8, 0x4187, 0x4987,
    0x4987, 0x4187, 0x4187, 0x4187, 0x4187, 0x49A8, 0x41A7, 0x4988, 0x4987, 0x4988, 0x4988, 0x4987,
    0x4987, 0x4988, 0x4988, 0x4988, 0x4988, 0x4988, 0x4988, 0x4987, 0x4167, 0x4987, 0x4187, 0x4987,
    0x4187, 0x49A8, 0x49A8, 0x49A8, 0x4988, 0x49A8, 0x49A8, 0x49A8, 0x49A8, 0x49C8, 0x51E9, 0x51E9,
    0x51E9, 0x51E9, 0x51E9, 0x51E9, 0x5A0A, 0x5A0A, 0x5A0A, 0x5A0A, 0x51E9, 0x59E9, 0x59E9, 0x59E9,
    0x5A0A, 0x5A2A, 0x622A, 0x622A, 0x622A, 0x622A, 0x5A0A, 0x5A0A, 0x5A09, 0x51E9, 0x51C9, 0x51C9,
    0x51E9, 0x51E9, 0x51E9, 0x51E9, 0x51E9, 0x51E9, 0x59E9, 0x5A0A, 0x5A0A, 0x5A0A, 0x5A0A, 0x622A,
    0x622A, 0x622A, 0x622A, 0x622A, 0x622A, 0x622A, 0x624A, 0x622A, 0x622A, 0x5A2A, 0x620A, 0x620A,
    0x620A, 0x620A, 0x622A, 0x622A, 0x622A, 0x622A, 0x622A, 0x5A0A, 0x5A0A, 0x5A0A, 0x5A09, 0x59E9,
    0x59E9, 0x59E9, 0x59E9, 0x59E9, 0x59E9, 0x59E9, 0x51E9, 0x51C9, 0x51C9, 0x51C9, 0x49C8, 0x49A8,
    0x4987, 0x49A8, 0x49A8, 0x4988, 0x4988, 0x4988, 0x4988, 0x49A8, 0x4988, 0x4988, 0x4988, 0x4988,
    0x4988, 0x4988, 0x4988, 0x4987, 0x4988, 0x4988, 0x4988, 0x4987, 0x4988, 0x49A8, 0x49C8, 0x49C8,
    0x49C8, 0x49A8, 0x4988, 0x4988, 0x49A8, 0x49A8, 0x49A8, 0x4988, 0x4988, 0x4988, 0x4988, 0x4988,
    0x4988, 0x4988, 0x4988, 0x4988, 0x4988, 0x4988, 0x4988, 0x4988, 0x4988, 0x4988, 0x4988, 0x4988,
    0x49A8, 0x51C9, 0x51E9, 0x51E9, 0x51E9, 0x59E9, 0x5A09, 0x5A2A, 0x5A0A, 0x5A0A, 0x5A09, 0x59E9,
    0x5A0A, 0x5A0A, 0x5A0A, 0x5A09, 0x5A09, 0x620A, 0x622A, 0x622A, 0x622A, 0x622A, 0x622A, 0x624B,
    0x624B, 0x6A4B, 0x6A4B, 0x6A4B, 0x6A4B, 0x6A4B, 0x6A4B, 0x6A4B, 0x4988, 0x4988, 0x4988, 0x4988,
    0x4988, 0x4988, 0x4988, 0x4988, 0x4988, 0x4988, 0x49A8, 0x49A8, 0x49A8, 0x49A8, 0x49A8, 0x49A8,
    0x49A8, 0x49A8, 0x49A8, 0x49A8, 0x4988, 0x4988, 0x4988, 0x4988, 0x49A8, 0x49A8, 0x4187, 0x4187,
    0x4187, 0x41A8, 0x4187, 0x4187, 0x4187, 0x4167, 0x3966, 0x3946, 0x3946, 0x3946, 0x3946, 0x3946,
    0x3946, 0x3967, 0x4167, 0x4167, 0x4187, 0x4187, 0x4187, 0x4167, 0x3967, 0x3967, 0x3967, 0x4167,
    0x4167, 0x3967, 0x4167, 0x4167, 0x4167, 0x4167, 0x4167, 0x4167, 0x4167, 0x4167, 0x3946, 0x3946,
    0x3946, 0x3126, 0x3126, 0x3126, 0x3125, 0x3126, 0x3946, 0x3926, 0x3126, 0x3926, 0x3946, 0x4167,
    0x3966, 0x3146, 0x3146, 0x3146, 0x3126, 0x3946, 0x3946, 0x3146, 0x3126, 0x3126, 0x3946, 0x4187,
    0x4167, 0x3946, 0x3146, 0x3146, 0x3126, 0x3126, 0x3926, 0x3126, 0x3146, 0x3966, 0x4187, 0x4187,
    0x4167, 0x4167, 0x3967, 0x3946, 0x3126, 0x3126, 0x3146, 0x3146, 0x3146, 0x3146, 0x3946, 0x3946,
    0x3146, 0x3146, 0x3126, 0x3946, 0x3946, 0x4167, 0x3967, 0x3946, 0x3126, 0x3126, 0x3126, 0x3126,
    0x3946, 0x3966, 0x3967, 0x3966, 0x3126, 0x3126, 0x3946, 0x3967, 0x4167, 0x4167, 0x3967, 0x3966,
    0x3946, 0x3146, 0x3146, 0x3146, 0x3126, 0x3946, 0x3966, 0x4167, 0x4187, 0x4187, 0x4167, 0x4187,
    0x4187, 0x4187, 0x4187, 0x4187, 0x41A7, 0x49A8, 0x4988, 0x49A8, 0x49A8, 0x49A8, 0x41A8, 0x4187,
    0x4187, 0x4187, 0x4187, 0x4187, 0x4187, 0x4187, 0x4187, 0x4187, 0x4187, 0x4187, 0x4187, 0x4188,
    0x4188, 0x4188, 0x4187, 0x4187, 0x4187, 0x4187, 0x4187, 0x4187, 0x4187, 0x4187, 0x4167, 0x4167,
    0x4187, 0x4987, 0x4187, 0x4187, 0x4187, 0x4187, 0x4187, 0x4187, 0x4187, 0x4187, 0x4187, 0x4187,
    0x4187, 0x4187, 0x4187, 0x4187, 0x4988, 0x4188, 0x4188, 0x4988, 0x4188, 0x4187, 0x4187, 0x4987,
    0x49A8, 0x49A7, 0x4187, 0x4987, 0x4987, 0x4187, 0x4187, 0x4187, 0x4187, 0x4988, 0x4187, 0x4187,
    0x4187, 0x4187, 0x4187, 0x4187, 0x4187, 0x4187, 0x4187, 0x4187, 0x4187, 0x4187, 0x4187, 0x4187,
    0x4187, 0x4987, 0x4187, 0x4187, 0x4187, 0x4187, 0x4187, 0x4187, 0x4187, 0x4988, 0x4988, 0x49A8,
    0x49A8, 0x51C9, 0x51E9, 0x5209, 0x51E9, 0x51E9, 0x51E9, 0x51E9, 0x5A09, 0x5209, 0x51E9, 0x51E9,
    0x51C8, 0x51C8, 0x51C9, 0x51E9, 0x51E9, 0x5A09, 0x5A0A, 0x5A0A, 0x5A0A, 0x5A0A, 0x5A09, 0x59E9,
    0x59E9, 0x51E9, 0x59E9, 0x5A09, 0x5A0A, 0x620A, 0x620A, 0x5A0A, 0x5A0A, 0x620A, 0x620A, 0x622A,
    0x622B, 0x622B, 0x6A4B, 0x6A4B, 0x6A4B, 0x6A4B, 0x6A4B, 0x6A4B, 0x6A4B, 0x622B, 0x624B, 0x624A,
    0x622A, 0x622A, 0x622A, 0x622A, 0x622A, 0x622A, 0x622A, 0x622A, 0x622A, 0x622A, 0x622A, 0x622A,
    0x622A, 0x5A0A, 0x5A0A, 0x59E9, 0x59E9, 0x59E9, 0x59E9, 0x59E9, 0x59E9, 0x59E9, 0x51E9, 0x51C9,
    0x51C9, 0x51C9, 0x49C8, 0x4988, 0x4187, 0x4988, 0x4988, 0x4988, 0x4988, 0x4988, 0x4988, 0x49A8,
    0x49A8, 0x4988, 0x4988, 0x4988, 0x4988, 0x4988, 0x4988, 0x4987, 0x4988, 0x4988, 0x49A8, 0x4988,
    0x49A8, 0x49C8, 0x49C8, 0x49C8, 0x49A8, 0x49A8, 0x4987, 0x4988, 0x4988, 0x49A8, 0x49A8, 0x4988,
    0x4988, 0x4988, 0x49A8, 0x49A8, 0x49A8, 0x4988, 0x4988, 0x4988, 0x4988, 0x4988, 0x4988, 0x4988,
    0x4988, 0x4988, 0x4988, 0x49A8, 0x51C9, 0x51E9, 0x51E9, 0x5A0A, 0x51E9, 0x5A09, 0x5A0A, 0x5A0A,
    0x5A0A, 0x5A0A, 0x5A0A, 0x5A0A, 0x5A0A, 0x5A0A, 0x5A0A, 0x5A0A, 0x620A, 0x622A, 0x622A, 0x622A,
    0x622A, 0x622A, 0x622A, 0x6A4B, 0x6A4B, 0x6A4B, 0x6A4B, 0x6A4B, 0x6A6B, 0x6A6B, 0x6A6B, 0x6A6B,
    0x4988, 0x4988, 0x4988, 0x4988, 0x4988, 0x4988, 0x4988, 0x4988, 0x4988, 0x4988, 0x4988, 0x4988,
    0x4988, 0x4988, 0x4988, 0x4988, 0x4988, 0x4988, 0x49A8, 0x49A8, 0x49A8, 0x4988, 0x49A8, 0x49A8,
    0x49A8, 0x4187, 0x3966, 0x3146, 0x3966, 0x3987, 0x4187, 0x4187, 0x4187, 0x4187, 0x4187, 0x4167,
    0x3966, 0x3966, 0x3966, 0x3967, 0x3987, 0x4187, 0x41A7, 0x4187, 0x4187, 0x4187, 0x4187, 0x4187,
    0x4167, 0x3946, 0x3946, 0x3947, 0x3946, 0x3946, 0x3946, 0x4167, 0x4167, 0x4167, 0x4167, 0x4187,
    0x4187, 0x4187, 0x4167, 0x3946, 0x3946, 0x3946, 0x3946, 0x3146, 0x3126, 0x3146, 0x3966, 0x4167,
    0x4167, 0x4167, 0x4187, 0x4166, 0x3146, 0x3125, 0x2925, 0x3146, 0x3146, 0x3946, 0x3966, 0x3946,
    0x3966, 0x3967, 0x4167, 0x4187, 0x4187, 0x4167, 0x3946, 0x3946, 0x3146, 0x3946, 0x3966, 0x3966,
    0x3966, 0x3967, 0x3987, 0x3967, 0x3946, 0x3946, 0x3146, 0x3146, 0x3146, 0x3126, 0x3146, 0x3146,
    0x3146, 0x3146, 0x3146, 0x3126, 0x3146, 0x3146, 0x3946, 0x3967, 0x4167, 0x4167, 0x3967, 0x3967,
    0x3966, 0x3146, 0x3146, 0x3146, 0x3146, 0x3946, 0x3966, 0x3967, 0x3966, 0x3926, 0x3946, 0x3966,
    0x4187, 0x4187, 0x3967, 0x4167, 0x4167, 0x3966, 0x3146, 0x3126, 0x3146, 0x3146, 0x3126, 0x3946,
    0x3967, 0x4187, 0x4187, 0x4188, 0x4187, 0x4187, 0x41A7, 0x41A7, 0x4187, 0x4187, 0x4187, 0x4187,
    0x4988, 0x4988, 0x4987, 0x4187, 0x4187, 0x4187, 0x4187, 0x4187, 0x4187, 0x4167, 0x4188, 0x4188,
    0x4188, 0x4988, 0x4988, 0x4188, 0x4188, 0x4188, 0x4188, 0x4187, 0x4187, 0x4187, 0x4987, 0x4987,
    0x4987, 0x4187, 0x4187, 0x4187, 0x4187, 0x4187, 0x4187, 0x4187, 0x4187, 0x4187, 0x4187, 0x4187,
    0x4187, 0x4987, 0x4187, 0x4187, 0x4187, 0x4187, 0x4187, 0x4187, 0x4187, 0x4187, 0x4187, 0x4187,
    0x4187, 0x4187, 0x4187, 0x4187, 0x49A7, 0x4187, 0x4187, 0x4187, 0x4987, 0x4987, 0x4987, 0x4987,
    0x4987, 0x4987, 0x4987, 0x4187, 0x4987, 0x4187, 0x4187, 0x4187, 0x4187, 0x4987, 0x4987, 0x4987,
    0x4988, 0x4988, 0x4987, 0x4987, 0x4987, 0x4987, 0x4987, 0x4987, 0x4987, 0x4987, 0x4187, 0x4187,
    0x41A7, 0x4988, 0x4988, 0x49C8, 0x51E9, 0x51E9, 0x51E9, 0x51E9, 0x51E9, 0x51E9, 0x51E9, 0x51E9,
    0x51E9, 0x51E9, 0x51E9, 0x51C8, 0x49C8, 0x49C8, 0x49C8, 0x49C8, 0x51C8, 0x49C8, 0x49C8, 0x49C8,
    0x49C8, 0x49C8, 0x51C8, 0x49A8, 0x49A8, 0x51C9, 0x5A09, 0x622A, 0x622A, 0x620A, 0x622A, 0x622B,
    0x620A, 0x622B, 0x6A4B, 0x6A4B, 0x6A4B, 0x6A4B, 0x6A4B, 0x6A4B, 0x6A4B, 0x6A6C, 0x6A6C, 0x6A4B,
    0x6A4B, 0x6A4B, 0x624B, 0x622A, 0x5A2A, 0x622A, 0x622B, 0x622B, 0x622A, 0x622A, 0x620A, 0x620A,
    0x5A09, 0x59E9, 0x51E9, 0x59E9, 0x59E9, 0x51C9, 0x51E9, 0x51E9, 0x51E9, 0x51E9, 0x51C9, 0x51C9,
    0x51E9, 0x51C9, 0x51C9, 0x51C9, 0x51C9, 0x51C9, 0x49C8, 0x4988, 0x4988, 0x4988, 0x4988, 0x4988,
    0x4988, 0x4988, 0x4988, 0x4988, 0x49A8, 0x4988, 0x4988, 0x4988, 0x4988, 0x4988, 0x4988, 0x4988,
    0x49A8, 0x49A8, 0x49A8, 0x49A8, 0x49A8, 0x49A8, 0x49A8, 0x49A8, 0x4988, 0x4988, 0x49A8, 0x49A8,
    0x4988, 0x4988, 0x4988, 0x49A8, 0x49A8, 0x49A8, 0x49A8, 0x49A8, 0x49A8, 0x4988, 0x4988, 0x4988,
    0x4988, 0x4988, 0x4988, 0x4988, 0x4988, 0x4988, 0x49A8, 0x49C9, 0x51C9, 0x51E9, 0x51E9, 0x51E9,
    0x5A0A, 0x5A0A, 0x5A0A, 0x5A0A, 0x5A0A, 0x59E9, 0x5A09, 0x5A0A, 0x5A0A, 0x5A0A, 0x5A0A, 0x5A0A,
    0x5A2A, 0x622A, 0x622A, 0x622A, 0x622A, 0x622A, 0x624A, 0x6A4B, 0x6A4B, 0x6A4B, 0x6A4B, 0x6A4B,
    0x6A4B, 0x6A4B, 0x6A4B, 0x6A4B, 0x4988, 0x4988, 0x4988, 0x4988, 0x4988, 0x4988, 0x4988, 0x4988,
    0x4988, 0x4988, 0x4988, 0x4988, 0x4988, 0x4988, 0x4988, 0x4988, 0x4988, 0x4988, 0x49A8, 0x49A8,
    0x49A8, 0x49A8, 0x49A8, 0x49A8, 0x41A8, 0x3946, 0x3105, 0x3125, 0x3966, 0x3987, 0x4187, 0x4187,
    0x4187, 0x4187, 0x4187, 0x3967, 0x3967, 0x3967, 0x3967, 0x3987, 0x4187, 0x4187, 0x41A7, 0x4187,
    0x4187, 0x4187, 0x4187, 0x4187, 0x4187, 0x3967, 0x3946, 0x3967, 0x3946, 0x3146, 0x3146, 0x3966,
    0x3966, 0x3967, 0x3967, 0x4187, 0x4187, 0x4187, 0x4167, 0x3946, 0x3946, 0x3967, 0x3966, 0x3946,
    0x3946, 0x3966, 0x3967, 0x4187, 0x4187, 0x4187, 0x4187, 0x3966, 0x3125, 0x2905, 0x2905, 0x3125,
    0x3146, 0x3946, 0x3967, 0x3967, 0x3967, 0x3967, 0x4187, 0x4187, 0x4187, 0x4187, 0x3967, 0x3947,
    0x3946, 0x3967, 0x3967, 0x3967, 0x3967, 0x3967, 0x3967, 0x3967, 0x3946, 0x3146, 0x3146, 0x3146,
    0x3146, 0x3146, 0x3146, 0x3146, 0x3146, 0x3146, 0x3146, 0x3126, 0x3126, 0x3146, 0x3946, 0x3967,
    0x3967, 0x3967, 0x3967, 0x3967, 0x3946, 0x3146, 0x3146, 0x3146, 0x3146, 0x3166, 0x3966, 0x3967,
    0x3967, 0x3946, 0x3946, 0x3967, 0x3967, 0x4187, 0x4167, 0x4187, 0x3967, 0x3966, 0x3146, 0x3146,
    0x3146, 0x3126, 0x3125, 0x3125, 0x3146, 0x3967, 0x41A8, 0x4988, 0x4988, 0x4988, 0x49A8, 0x49A8,
    0x49A8, 0x4988, 0x4987, 0x4167, 0x4987, 0x4987, 0x4187, 0x4987, 0x4987, 0x4187, 0x4187, 0x4187,
    0x4187, 0x4167, 0x4188, 0x4188, 0x4188, 0x4988, 0x4988, 0x4988, 0x4988, 0x4987, 0x4988, 0x4987,
    0x4987, 0x4987, 0x4987, 0x4987, 0x4987, 0x4987, 0x4987, 0x4987, 0x4987, 0x4987, 0x4987, 0x4987,
    0x4988, 0x4988, 0x4987, 0x4187, 0x4187, 0x4987, 0x4987, 0x4987, 0x4187, 0x4187, 0x4187, 0x4187,
    0x4187, 0x4187, 0x4187, 0x4187, 0x4187, 0x4187, 0x4187, 0x4187, 0x41A7, 0x49A7, 0x41A7, 0x4187,
    0x4987, 0x4987, 0x4987, 0x4987, 0x4987, 0x4987, 0x4987, 0x4987, 0x4987, 0x4987, 0x4987, 0x4987,
    0x4987, 0x4987, 0x4987, 0x4987, 0x4988, 0x4987, 0x4987, 0x4987, 0x4987, 0x4987, 0x4987, 0x4987,
    0x4987, 0x4987, 0x4187, 0x4187, 0x49A8, 0x49A8, 0x49A8, 0x49C8, 0x51E9, 0x59E9, 0x5A09, 0x51E9,
    0x51E9, 0x51E9, 0x51E9, 0x51E9, 0x51E9, 0x51E9, 0x51E9, 0x51C9, 0x51C8, 0x49C8, 0x49C8, 0x49A8,
    0x49A8, 0x4987, 0x4187, 0x4987, 0x4987, 0x4988, 0x49A8, 0x49A8, 0x49A8, 0x51E9, 0x5209, 0x5A2A,
    0x622A, 0x622A, 0x6A4B, 0x6A4B, 0x6A2B, 0x6A2B, 0x6A6C, 0x6A6C, 0x6A4B, 0x6A4B, 0x6A4B, 0x6A4B,
    0x6A4B, 0x726C, 0x726C, 0x6A4B, 0x6A4B, 0x6A4B, 0x6A4B, 0x622A, 0x620A, 0x622A, 0x622A, 0x622A,
    0x622A, 0x620A, 0x620A, 0x620A, 0x59E9, 0x51C9, 0x51C9, 0x51E9, 0x51E9, 0x51E9, 0x51E9, 0x51C9,
    0x51C9, 0x51C9, 0x51C9, 0x51E9, 0x51C9, 0x51C9, 0x51C9, 0x51C9, 0x51C9, 0x51C9, 0x49A8, 0x4988,
    0x4988, 0x4988, 0x4988, 0x4988, 0x4988, 0x4988, 0x4988, 0x4988, 0x4988, 0x4988, 0x4988, 0x4988,
    0x4988, 0x4988, 0x4988, 0x4987, 0x49A8, 0x49C8, 0x49C8, 0x49A8, 0x49A8, 0x49A8, 0x4987, 0x4987,
    0x4988, 0x4988, 0x49A8, 0x49A8, 0x4988, 0x4988, 0x4988, 0x49A8, 0x49A8, 0x49A8, 0x49A8, 0x49A8,
    0x49A8, 0x49A8, 0x4988, 0x4988, 0x4988, 0x4988, 0x4988, 0x4988, 0x4988, 0x49A8, 0x49C9, 0x51C9,
    0x51C9, 0x51E9, 0x51E9, 0x51C9, 0x5A0A, 0x5A0A, 0x5A0A, 0x5A0A, 0x5A0A, 0x51E9, 0x5A0A, 0x5A2A,
    0x5A2A, 0x5A2A, 0x5A2A, 0x5A2A, 0x5A2A, 0x622A, 0x622A, 0x620A, 0x620A, 0x622A, 0x624B, 0x624B,
    0x624B, 0x624B, 0x624B, 0x622B, 0x624B, 0x624B, 0x6A4B, 0x6A4B, 0x4988, 0x4988, 0x4988, 0x4988,
    0x4988, 0x4988, 0x4988, 0x4988, 0x4988, 0x4988, 0x4988, 0x4988, 0x4988, 0x4988, 0x4988, 0x4988,
    0x4988, 0x4988, 0x4988, 0x49A8, 0x49A8, 0x49A8, 0x4167, 0x3967, 0x3946, 0x3125, 0x3946, 0x3966,
    0x4187, 0x4187, 0x4187, 0x4187, 0x4187, 0x4187, 0x3966, 0x3966, 0x3146, 0x3966, 0x3966, 0x3946,
    0x3966, 0x3967, 0x3967, 0x4167, 0x4167, 0x4187, 0x4187, 0x4187, 0x4187, 0x4187, 0x3967, 0x3946,
    0x3146, 0x3146, 0x3146, 0x3146, 0x3146, 0x3146, 0x3946, 0x3946, 0x3946, 0x3946, 0x4167, 0x3946,
    0x3946, 0x3967, 0x3966, 0x3967, 0x4167, 0x4167, 0x4167, 0x3947, 0x3926, 0x3126, 0x2925, 0x2925,
    0x2925, 0x3125, 0x3125, 0x3125, 0x3146, 0x3966, 0x3946, 0x3946, 0x3126, 0x3946, 0x3967, 0x4187,
    0x41A8, 0x4187, 0x4187, 0x4167, 0x4167, 0x3966, 0x3966, 0x3966, 0x3966, 0x3966, 0x3967, 0x3967,
    0x3967, 0x3967, 0x3967, 0x3966, 0x3946, 0x3146, 0x3946, 0x3146, 0x3146, 0x3966, 0x3946, 0x3946,
    0x3946, 0x3947, 0x3967, 0x3967, 0x3967, 0x3946, 0x3946, 0x3146, 0x3146, 0x3125, 0x3126, 0x3126,
    0x3146, 0x3146, 0x3146, 0x3966, 0x3946, 0x3926, 0x3926, 0x3946, 0x3946, 0x3946, 0x3946, 0x3966,
    0x3966, 0x3946, 0x3946, 0x3126, 0x3146, 0x3126, 0x3146, 0x3126, 0x3126, 0x3966, 0x4187, 0x49A8,
    0x51C9, 0x51C9, 0x51C9, 0x51C9, 0x51C9, 0x51C9, 0x51A8, 0x49A8, 0x49A8, 0x49A8, 0x49A8, 0x4988,
    0x4987, 0x4187, 0x4187, 0x4187, 0x4187, 0x4167, 0x4188, 0x4188, 0x4188, 0x4988, 0x4988, 0x4988,
    0x4987, 0x4987, 0x4987, 0x4987, 0x4987, 0x4987, 0x4987, 0x4987, 0x4987, 0x4987, 0x4988, 0x4988,
    0x4988, 0x4988, 0x4988, 0x4988, 0x4988, 0x4988, 0x49A8, 0x49A8, 0x49A8, 0x49A8, 0x4988, 0x4987,
    0x4987, 0x4987, 0x4187, 0x4187, 0x4987, 0x4987, 0x4987, 0x4987, 0x4987, 0x4187, 0x4987, 0x4987,
    0x4987, 0x4988, 0x4988, 0x4987, 0x4187, 0x4187, 0x4187, 0x4187, 0x4187, 0x4187, 0x4187, 0x4987,
    0x4987, 0x4987, 0x4987, 0x4987, 0x4987, 0x4187, 0x4187, 0x4187, 0x4987, 0x4988, 0x4988, 0x4987,
    0x4987, 0x4987, 0x4187, 0x4187, 0x4187, 0x4187, 0x4187, 0x4987, 0x4988, 0x49A8, 0x49A8, 0x51C9,
    0x51E9, 0x59E9, 0x59E9, 0x51E9, 0x5A09, 0x5A2A, 0x5A0A, 0x5A0A, 0x5A0A, 0x5A0A, 0x59E9, 0x59E9,
    0x51E9, 0x49C8, 0x49A8, 0x49A8, 0x49A8, 0x49A8, 0x49A8, 0x49A8, 0x49A8, 0x49A8, 0x49A8, 0x49A8,
    0x49C8, 0x49C8, 0x49C8, 0x51E9, 0x5A0A, 0x5A2A, 0x622A, 0x6A4B, 0x6A2B, 0x6A4B, 0x6A6C, 0x6A6C,
    0x6A4B, 0x6A4B, 0x6A4B, 0x6A4B, 0x6A4B, 0x6A6C, 0x6A6C, 0x6A6C, 0x6A6B, 0x6A4B, 0x6A4B, 0x6A4B,
    0x622A, 0x624A, 0x624A, 0x622A, 0x622A, 0x622A, 0x620A, 0x620A, 0x5A0A, 0x59E9, 0x59E9, 0x59E9,
    0x5A09, 0x5209, 0x51E9, 0x59E9, 0x59E9, 0x59E9, 0x59E9, 0x59E9, 0x59E9, 0x59E9, 0x51E9, 0x51C9,
    0x49C8, 0x49A8, 0x4988, 0x4988, 0x4988, 0x4988, 0x4988, 0x4988, 0x4988, 0x4988, 0x4987, 0x4988,
    0x4988, 0x4988, 0x4988, 0x4988, 0x4988, 0x4988, 0x4988, 0x4987, 0x4988, 0x49A8, 0x49A8, 0x49A8,
    0x49A8, 0x49A8, 0x4988, 0x4988, 0x4988, 0x4988, 0x4988, 0x4988, 0x4988, 0x4988, 0x4988, 0x49A8,
    0x49A8, 0x49A8, 0x49A8, 0x49A8, 0x49A8, 0x4988, 0x4988, 0x4988, 0x4988, 0x4988, 0x4988, 0x49A8,
    0x49A8, 0x49A8, 0x49C9, 0x49A8, 0x49C9, 0x49C9, 0x49A8, 0x49A8, 0x51E9, 0x51E9, 0x51E9, 0x51E9,
    0x5209, 0x51E9, 0x51E9, 0x51E9, 0x51E9, 0x51E9, 0x51E9, 0x51E9, 0x51E9, 0x59E9, 0x5A09, 0x59E9,
    0x59E9, 0x59E9, 0x59E9, 0x5A0A, 0x5A0A, 0x5A0A, 0x5A0A, 0x5A0A, 0x5A0A, 0x620A, 0x5A0A, 0x5A0A,
    0x4988, 0x4988, 0x4988, 0x4988, 0x4988, 0x4988, 0x4988, 0x4988, 0x4988, 0x4988, 0x4988, 0x4988,
    0x4988, 0x4988, 0x4988, 0x4988, 0x4988, 0x49A8, 0x49A8, 0x49A8, 0x49A8, 0x4167, 0x3126, 0x3126,
    0x3126, 0x3946, 0x3946, 0x4187, 0x41A7, 0x4187, 0x4187, 0x4187, 0x4187, 0x3966, 0x3966, 0x3146,
    0x3146, 0x3146, 0x3146, 0x3146, 0x3146, 0x3146, 0x3146, 0x3946, 0x3946, 0x3967, 0x4187, 0x4187,
    0x4187, 0x4167, 0x3966, 0x3946, 0x3146, 0x3146, 0x3146, 0x3146, 0x3146, 0x3146, 0x3126, 0x3126,
    0x3126, 0x3946, 0x3967, 0x3966, 0x3946, 0x3946, 0x3967, 0x4167, 0x4187, 0x4187, 0x4167, 0x3926,
    0x3105, 0x2905, 0x2905, 0x28E4, 0x2905, 0x3125, 0x3126, 0x3125, 0x3125, 0x3146, 0x3146, 0x3126,
    0x3126, 0x3946, 0x3967, 0x4187, 0x4187, 0x4187, 0x4187, 0x3967, 0x3966, 0x3946, 0x3946, 0x3146,
    0x3966, 0x3967, 0x3967, 0x3987, 0x4187, 0x4187, 0x4187, 0x3967, 0x3967, 0x3946, 0x3146, 0x3146,
    0x3146, 0x3967, 0x3967, 0x4167, 0x4167, 0x4167, 0x4167, 0x4187, 0x3967, 0x3946, 0x3146, 0x3146,
    0x3146, 0x2905, 0x2905, 0x2905, 0x2925, 0x2925, 0x3125, 0x3966, 0x3146, 0x3926, 0x3946, 0x3946,
    0x3146, 0x3146, 0x3126, 0x3146, 0x3966, 0x3966, 0x3946, 0x3126, 0x3146, 0x3146, 0x3146, 0x3126,
    0x3126, 0x3146, 0x3967, 0x51E9, 0x5A2A, 0x5A0A, 0x5A0A, 0x5A0A, 0x5A0A, 0x5A0A, 0x59E9, 0x51E9,
    0x49A8, 0x49A8, 0x49A8, 0x49A8, 0x49A8, 0x4988, 0x4988, 0x4988, 0x4988, 0x4988, 0x4988, 0x4988,
    0x4988, 0x4988, 0x4988, 0x4988, 0x4987, 0x4987, 0x4987, 0x4987, 0x4987, 0x4987, 0x4987, 0x4987,
    0x4987, 0x4988, 0x4988, 0x4988, 0x4987, 0x4987, 0x4987, 0x49A8, 0x49A8, 0x49A8, 0x49C8, 0x51C9,
    0x51C9, 0x51C8, 0x49A8, 0x4988, 0x49A8, 0x49A8, 0x4988, 0x4167, 0x4988, 0x4988, 0x4988, 0x4988,
    0x4988, 0x4988, 0x4987, 0x4987, 0x4987, 0x4987, 0x4987, 0x4987, 0x4988, 0x4188, 0x4188, 0x4188,
    0x4188, 0x4188, 0x4188, 0x4988, 0x4988, 0x4988, 0x4988, 0x4988, 0x4988, 0x4988, 0x4988, 0x4988,
    0x49A8, 0x49A8, 0x49A8, 0x49A8, 0x49A8, 0x49A8, 0x49A8, 0x49A8, 0x49A8, 0x49A8, 0x49A8, 0x4988,
    0x49A8, 0x49C8, 0x51C8, 0x51C9, 0x51E9, 0x59E9, 0x59E9, 0x5A09, 0x5A0A, 0x622A, 0x622A, 0x622A,
    0x622A, 0x5A0A, 0x5A0A, 0x5A0A, 0x51E9, 0x51C8, 0x49A8, 0x49A8, 0x49A8, 0x49A8, 0x49A8, 0x49A8,
    0x49A8, 0x49A8, 0x49C8, 0x49C8, 0x49C8, 0x49A8, 0x49A8, 0x51C9, 0x59E9, 0x5A0A, 0x622A, 0x622B,
    0x6A2B, 0x6A4B, 0x6A6B, 0x6A6C, 0x6A6B, 0x6A6B, 0x6A6B, 0x6A6B, 0x6A4B, 0x6A4B, 0x6A6B, 0x726C,
    0x726C, 0x6A6B, 0x6A6B, 0x6A6B, 0x624B, 0x624B, 0x622A, 0x622A, 0x622A, 0x622A, 0x622A, 0x622A,
    0x5A0A, 0x59E9, 0x59E9, 0x5A09, 0x5A09, 0x5A09, 0x59E9, 0x59E9, 0x59E9, 0x59E9, 0x59E9, 0x5A09,
    0x5A0A, 0x5A0A, 0x51E9, 0x51E9, 0x49A8, 0x4988, 0x4188, 0x4988, 0x4988, 0x4988, 0x4988, 0x4988,
    0x4988, 0x4988, 0x4988, 0x4988, 0x4988, 0x4988, 0x4988, 0x4988, 0x4988, 0x4988, 0x4988, 0x4988,
    0x4988, 0x4988, 0x4988, 0x4988, 0x4988, 0x4988, 0x4988, 0x4988, 0x4988, 0x4988, 0x4988, 0x4988,
    0x4988, 0x4988, 0x4988, 0x49A8, 0x49A8, 0x49A8, 0x49A8, 0x49A8, 0x49A8, 0x49A8, 0x49A8, 0x49A8,
    0x49A8, 0x49A8, 0x49A8, 0x49A8, 0x49A8, 0x49A8, 0x49A8, 0x49A8, 0x49A8, 0x49A8, 0x49A8, 0x49A8,
    0x51E9, 0x51E9, 0x51E9, 0x51E9, 0x51E9, 0x51E9, 0x51E9, 0x51E9, 0x51E9, 0x51E9, 0x51C9, 0x51C9,
    0x51C9, 0x51C9, 0x51C8, 0x51C9, 0x51C9, 0x51C9, 0x51C9, 0x51C9, 0x51C9, 0x51C9, 0x51C9, 0x51C9,
    0x51E9, 0x51C9, 0x51E9, 0x51E9, 0x4988, 0x4988, 0x4988, 0x4988, 0x4988, 0x4988, 0x4988, 0x49A8,
    0x49A8, 0x49A8, 0x49A8, 0x49A8, 0x49A8, 0x49A8, 0x49A8, 0x49A8, 0x49A8, 0x49A8, 0x49A8, 0x4187,
    0x3946, 0x3946, 0x3926, 0x3946, 0x3946, 0x3946, 0x3966, 0x3967, 0x4187, 0x3987, 0x4187, 0x4167,
    0x3966, 0x3966, 0x3966, 0x3146, 0x3146, 0x3146, 0x3146, 0x3146, 0x3146, 0x3146, 0x3146, 0x3946,
    0x3946, 0x3967, 0x4187, 0x3987, 0x4187, 0x3967, 0x3946, 0x3946, 0x3946, 0x3946, 0x3966, 0x3966,
    0x3966, 0x3966, 0x3966, 0x3146, 0x3126, 0x3146, 0x3166, 0x3946, 0x3946, 0x3946, 0x3966, 0x3967,
    0x3967, 0x3946, 0x3126, 0x3126, 0x3125, 0x2905, 0x2925, 0x2905, 0x3105, 0x3125, 0x3125, 0x3125,
    0x3125, 0x3126, 0x3126, 0x3126, 0x3946, 0x3946, 0x4167, 0x4187, 0x3967, 0x3967, 0x3967, 0x3146,
    0x3146, 0x3146, 0x3146, 0x3146, 0x3146, 0x3146, 0x3146, 0x3146, 0x3966, 0x3966, 0x3967, 0x4167,
    0x4167, 0x3967, 0x3946, 0x3126, 0x3146, 0x3967, 0x4167, 0x4187, 0x4187, 0x4187, 0x4187, 0x4187,
    0x4187, 0x3966, 0x3946, 0x3966, 0x3146, 0x3125, 0x2905, 0x2905, 0x2905, 0x2905, 0x2925, 0x3146,
    0x3146, 0x3126, 0x3946, 0x3946, 0x3146, 0x3146, 0x3146, 0x3146, 0x3146, 0x3946, 0x3946, 0x3946,
    0x3946, 0x3946, 0x3946, 0x3946, 0x3146, 0x3146, 0x3146, 0x41A7, 0x622A, 0x622A, 0x5A0A, 0x59E9,
    0x59E9, 0x51E9, 0x51C9, 0x49A8, 0x49A8, 0x49A8, 0x49A8, 0x49A8, 0x4988, 0x4988, 0x4988, 0x4988,
    0x4988, 0x4988, 0x4988, 0x4988, 0x4988, 0x4988, 0x4988, 0x4988, 0x4988, 0x4988, 0x4988, 0x4988,
    0x4988, 0x4988, 0x4988, 0x4988, 0x4988, 0x4988, 0x4988, 0x4988, 0x4988, 0x4988, 0x4988, 0x4988,
    0x49A8, 0x49A8, 0x49A8, 0x49A8, 0x49A8, 0x49A8, 0x49A8, 0x4988, 0x4988, 0x4988, 0x4988, 0x4988,
    0x4988, 0x4988, 0x4988, 0x4988, 0x4988, 0x4988, 0x4988, 0x4988, 0x4988, 0x4988, 0x4988, 0x4988,
    0x4988, 0x4988, 0x4988, 0x4988, 0x4988, 0x4988, 0x4988, 0x4988, 0x4988, 0x4988, 0x4988, 0x4988,
    0x4988, 0x4988, 0x4988, 0x4988, 0x49A8, 0x49A8, 0x49A8, 0x49A8, 0x49A8, 0x49A8, 0x49A8, 0x49A8,
    0x49A8, 0x49A8, 0x49A8, 0x49A8, 0x49A8, 0x49A8, 0x51C8, 0x51C9, 0x51E9, 0x59E9, 0x59E9, 0x59E9,
    0x5A0A, 0x5A2A, 0x5A2A, 0x5A0A, 0x5A09, 0x59E9, 0x51E9, 0x51E9, 0x51E9, 0x51C8, 0x49C8, 0x49A8,
    0x49A8, 0x49A8, 0x49A8, 0x49A8, 0x49C8, 0x49A8, 0x49A8, 0x49A8, 0x49C8, 0x49C8, 0x51C8, 0x59E9,
    0x5A0A, 0x622A, 0x6A2A, 0x6A4B, 0x6A6B, 0x6A6B, 0x6A6B, 0x6A6B, 0x6A6B, 0x6A6B, 0x6A6B, 0x6A6B,
    0x6A6B, 0x6A6B, 0x6A6B, 0x6A6B, 0x6A6B, 0x6A6B, 0x624B, 0x624A, 0x622A, 0x5A2A, 0x622A, 0x622A,
    0x622A, 0x5A0A, 0x5A0A, 0x59E9, 0x51E9, 0x51E9, 0x51E9, 0x51E9, 0x51E9, 0x5A09, 0x5A09, 0x59E9,
    0x59E9, 0x59E9, 0x59E9, 0x59E9, 0x59E9, 0x51E9, 0x51C9, 0x49C8, 0x49A8, 0x4988, 0x4988, 0x4988,
    0x4988, 0x4988, 0x4988, 0x4988, 0x4988, 0x4988, 0x4988, 0x4988, 0x4988, 0x4988, 0x4988, 0x4988,
    0x4988, 0x4988, 0x4988, 0x4988, 0x4988, 0x4988, 0x4988, 0x4988, 0x4988, 0x4988, 0x4988, 0x4988,
    0x4988, 0x4988, 0x4988, 0x4988, 0x49A8, 0x49A8, 0x49A8, 0x49A8, 0x49A8, 0x49A8, 0x49A8, 0x49A8,
    0x49A8, 0x49A8, 0x49A8, 0x49A8, 0x49A8, 0x49A8, 0x49A8, 0x49A8, 0x49A8, 0x49A8, 0x49A8, 0x49A8,
    0x49A8, 0x49A8, 0x49A8, 0x49A8, 0x51C9, 0x51C9, 0x51C9, 0x51C9, 0x51C8, 0x49C8, 0x49C8, 0x51C8,
    0x51C8, 0x51C9, 0x51C8, 0x51C8, 0x51C8, 0x51C8, 0x51C8, 0x51C9, 0x51C9, 0x51C9, 0x51C9, 0x51C9,
    0x51C9, 0x51C9, 0x51C9, 0x51C9, 0x51C9, 0x51C9, 0x51A8, 0x51A8, 0x4988, 0x4988, 0x4988, 0x4988,
    0x4988, 0x4988, 0x49A8, 0x49A8, 0x51C9, 0x51C9, 0x51E9, 0x51E9, 0x51E9, 0x51E9, 0x51C9, 0x51E9,
    0x51E9, 0x49A8, 0x3967, 0x3946, 0x3926, 0x3926, 0x3946, 0x3967, 0x4167, 0x4166, 0x3966, 0x3946,
    0x3146, 0x3946, 0x3967, 0x3946, 0x3146, 0x3146, 0x3146, 0x3146, 0x3146, 0x3146, 0x3146, 0x3146,
    0x3146, 0x3146, 0x3146, 0x3946, 0x3966, 0x3966, 0x3946, 0x3946, 0x3966, 0x3967, 0x3967, 0x3967,
    0x3967, 0x3967, 0x4187, 0x4187, 0x4187, 0x4187, 0x4187, 0x3146, 0x3146, 0x3146, 0x3146, 0x3146,
    0x3146, 0x3146, 0x3946, 0x3966, 0x3146, 0x3126, 0x3126, 0x3126, 0x3126, 0x3126, 0x3125, 0x3126,
    0x3946, 0x3925, 0x3125, 0x3126, 0x3146, 0x3126, 0x3126, 0x3146, 0x3946, 0x4167, 0x4187, 0x4187,
    0x3967, 0x3966, 0x3166, 0x3146, 0x3126, 0x3146, 0x3146, 0x3126, 0x3125, 0x3125, 0x3126, 0x3126,
    0x3146, 0x3946, 0x3946, 0x3967, 0x4167, 0x4167, 0x3966, 0x3146, 0x3146, 0x3146, 0x3967, 0x4187,
    0x4187, 0x4187, 0x4187, 0x4167, 0x4167, 0x4187, 0x4187, 0x3987, 0x3146, 0x3126, 0x3126, 0x2905,
    0x2905, 0x2925, 0x2905, 0x3125, 0x3146, 0x3146, 0x3166, 0x3967, 0x3967, 0x3966, 0x3146, 0x3126,
    0x3126, 0x3146, 0x3967, 0x3966, 0x3967, 0x3967, 0x3967, 0x3967, 0x3967, 0x3146, 0x3125, 0x3926,
    0x51C9, 0x622A, 0x5A0A, 0x51C9, 0x51C9, 0x51C9, 0x49A8, 0x49A8, 0x49A8, 0x49A8, 0x4988, 0x49A8,
    0x49A8, 0x49A8, 0x49A8, 0x4988, 0x4988, 0x4988, 0x4988, 0x4988, 0x4988, 0x49A8, 0x4988, 0x4988,
    0x4988, 0x49A8, 0x49A8, 0x4988, 0x4988, 0x4988, 0x4988, 0x4988, 0x4988, 0x4988, 0x4988, 0x4988,
    0x4988, 0x4988, 0x4988, 0x4988, 0x4988, 0x4988, 0x4988, 0x4988, 0x4988, 0x4988, 0x49A8, 0x49A8,
    0x4988, 0x4988, 0x4988, 0x49A8, 0x4988, 0x4988, 0x4988, 0x4988, 0x4988, 0x4988, 0x4988, 0x4988,
    0x4988, 0x4988, 0x4988, 0x4988, 0x4988, 0x4988, 0x4988, 0x4988, 0x4988, 0x4988, 0x4988, 0x4988,
    0x4988, 0x4988, 0x4988, 0x4988, 0x4988, 0x49A8, 0x49A8, 0x49A8, 0x49A8, 0x49A8, 0x49A8, 0x4988,
    0x4988, 0x4988, 0x4988, 0x4988, 0x4988, 0x49A8, 0x49A8, 0x49A8, 0x4988, 0x49A8, 0x51C9, 0x51E9,
    0x59E9, 0x59E9, 0x59E9, 0x59E9, 0x5A09, 0x5A0A, 0x5A0A, 0x59E9, 0x51E9, 0x51C9, 0x51E9, 0x51C8,
    0x51E9, 0x51E9, 0x51E9, 0x51C8, 0x51C9, 0x51E8, 0x51C8, 0x51C8, 0x51C9, 0x51C9, 0x51C8, 0x51C8,
    0x51C9, 0x51E9, 0x59E9, 0x5A2A, 0x622A, 0x6A4B, 0x6A6B, 0x726C, 0x728C, 0x6A6B, 0x6A6B, 0x6A6B,
    0x6A6B, 0x6A6B, 0x6A6B, 0x6A6B, 0x6A6B, 0x6A6B, 0x6A6B, 0x6A4B, 0x624B, 0x624A, 0x622A, 0x5A2A,
    0x5A2A, 0x5A2A, 0x5A2A, 0x5A0A, 0x5A0A, 0x5A0A, 0x59E9, 0x51E9, 0x51C9, 0x51C9, 0x51C8, 0x51C8,
    0x51E9, 0x5A09, 0x5A09, 0x5A09, 0x5A09, 0x5A09, 0x51E9, 0x51E9, 0x51C9, 0x51C8, 0x49A8, 0x4988,
    0x4988, 0x4988, 0x49A8, 0x4988, 0x4988, 0x4988, 0x4988, 0x4988, 0x4988, 0x4988, 0x4988, 0x4988,
    0x4988, 0x4988, 0x4988, 0x4988, 0x4988, 0x4988, 0x4988, 0x4988, 0x4988, 0x4988, 0x4988, 0x4988,
    0x4988, 0x4988, 0x4988, 0x4988, 0x4988, 0x4988, 0x4988, 0x49A8, 0x49A8, 0x49A8, 0x49A8, 0x49A8,
    0x49A8, 0x49A8, 0x49A8, 0x49A8, 0x49A8, 0x49A8, 0x49A8, 0x49A8, 0x49A8, 0x49A8, 0x49A8, 0x49A8,
    0x49A8, 0x49A8, 0x49A8, 0x49A8, 0x49A8, 0x49A8, 0x49A8, 0x49A8, 0x49A8, 0x49A8, 0x49A8, 0x49A8,
    0x49C8, 0x49C8, 0x49A8, 0x49A8, 0x49A8, 0x49A8, 0x49A8, 0x49A8, 0x49A8, 0x49A8, 0x49A8, 0x49A8,
    0x49A8, 0x49A8, 0x49A8, 0x49A8, 0x49A8, 0x49A8, 0x49A8, 0x49A8, 0x49A8, 0x49A8, 0x49A8, 0x49A8,
    0x49A8, 0x49A8, 0x4988, 0x4988, 0x4988, 0x4988, 0x49A8, 0x49C8, 0x51E9, 0x51E9, 0x51E9, 0x51C9,
    0x51C9, 0x51E9, 0x51E9, 0x51E8, 0x49C8, 0x4187, 0x3967, 0x3126, 0x3966, 0x3966, 0x3946, 0x3946,
    0x3946, 0x3946, 0x3946, 0x3146, 0x3146, 0x3146, 0x3146, 0x3126, 0x3146, 0x3146, 0x3146, 0x3146,
    0x3146, 0x3126, 0x3126, 0x3126, 0x3126, 0x3146, 0x3946, 0x3946, 0x3967, 0x3967, 0x3946, 0x3967,
    0x3967, 0x3966, 0x3966, 0x3946, 0x3967, 0x4167, 0x4187, 0x4187, 0x4187, 0x4187, 0x3967, 0x3146,
    0x3126, 0x3146, 0x3146, 0x3146, 0x3146, 0x3946, 0x3946, 0x3146, 0x3146, 0x3126, 0x3126, 0x3126,
    0x3126, 0x3146, 0x3146, 0x3946, 0x3946, 0x3966, 0x3146, 0x3126, 0x3126, 0x3126, 0x3126, 0x3946,
    0x3946, 0x4167, 0x4167, 0x3946, 0x3946, 0x3946, 0x3146, 0x3126, 0x3126, 0x3146, 0x3146, 0x3126,
    0x3126, 0x3126, 0x3926, 0x3946, 0x3926, 0x3946, 0x3946, 0x3946, 0x3946, 0x3946, 0x3946, 0x3946,
    0x3146, 0x3946, 0x3946, 0x3966, 0x3966, 0x3966, 0x4187, 0x4167, 0x4167, 0x4167, 0x4187, 0x3967,
    0x3966, 0x3146, 0x3126, 0x3126, 0x3125, 0x3125, 0x2925, 0x3146, 0x3146, 0x3146, 0x3146, 0x3946,
    0x3967, 0x3967, 0x3146, 0x3126, 0x3126, 0x3146, 0x3146, 0x3146, 0x3946, 0x3946, 0x3946, 0x3946,
    0x3966, 0x3146, 0x3126, 0x3126, 0x3946, 0x49A8, 0x51C9, 0x51C8, 0x49C8, 0x49C8, 0x49A8, 0x49A8,
    0x49A8, 0x49A8, 0x49A8, 0x49A8, 0x4988, 0x4988, 0x49A8, 0x49A8, 0x4988, 0x4988, 0x4988, 0x4988,
    0x4988, 0x4988, 0x4988, 0x4988, 0x4988, 0x4988, 0x4988, 0x4988, 0x4988, 0x4988, 0x4988, 0x4988,
    0x4988, 0x4988, 0x4988, 0x4988, 0x4988, 0x4988, 0x4988, 0x49A8, 0x49A8, 0x49A8, 0x49A8, 0x4988,
    0x4988, 0x4988, 0x49A8, 0x49A8, 0x4988, 0x4988, 0x4988, 0x4988, 0x4988, 0x4988, 0x4988, 0x4988,
    0x4988, 0x4988, 0x4988, 0x4988, 0x4988, 0x4988, 0x4988, 0x4988, 0x4988, 0x4988, 0x4988, 0x4988,
    0x4988, 0x4988, 0x4988, 0x4988, 0x4988, 0x4988, 0x4988, 0x4988, 0x4988, 0x4988, 0x4988, 0x4988,
    0x4988, 0x4988, 0x4988, 0x49A8, 0x49A8, 0x49A8, 0x49A8, 0x49A8, 0x49A8, 0x49A8, 0x49A8, 0x49A8,
    0x49A8, 0x49A8, 0x51A8, 0x51C9, 0x51C9, 0x51C9, 0x51E9, 0x51E9, 0x51E9, 0x5209, 0x51E9, 0x51E9,
    0x51C9, 0x49C8, 0x49C8, 0x49C8, 0x51E9, 0x51E9, 0x51E9, 0x51E9, 0x51E9, 0x5A0A, 0x5A0A, 0x622A,
    0x622A, 0x622A, 0x622A, 0x622A, 0x622A, 0x622A, 0x624B, 0x624A, 0x622A, 0x622A, 0x6A4B, 0x6A6B,
    0x6A6B, 0x6A6B, 0x6A6B, 0x6A6B, 0x6A6B, 0x6A6B, 0x6A6B, 0x6A6B, 0x6A6B, 0x6A6B, 0x6A4B, 0x622B,
    0x620A, 0x5A0A, 0x5A0A, 0x5209, 0x5209, 0x5209, 0x51E9, 0x51E9, 0x51E9, 0x51E9, 0x51E9, 0x51E9,
    0x51C9, 0x51C8, 0x51C8, 0x49C8, 0x51C9, 0x5209, 0x51E9, 0x51C8, 0x51C8, 0x51C9, 0x51C8, 0x49C8,
    0x49C8, 0x49A8, 0x49A8, 0x4987, 0x4988, 0x49A8, 0x49A8, 0x49A8, 0x4988, 0x4988, 0x49A8, 0x4988,
    0x4987, 0x4987, 0x4988, 0x4988, 0x4988, 0x4988, 0x4988, 0x4988, 0x4988, 0x49A8, 0x49A8, 0x49A8,
    0x49A8, 0x49A8, 0x49A8, 0x49A8, 0x49A8, 0x49A8, 0x49A8, 0x49A8, 0x49A8, 0x49A8, 0x49A8, 0x49A8,
    0x49A8, 0x49A8, 0x49A8, 0x49A8, 0x49A8, 0x49A8, 0x49A8, 0x49A8, 0x49A8, 0x49A8, 0x49A8, 0x49A8,
    0x49A8, 0x49A8, 0x49A8, 0x49C8, 0x49C8, 0x49C8, 0x49C8, 0x49A8, 0x49A8, 0x49A8, 0x49C8, 0x49C8,
    0x49A8, 0x49A8, 0x49A8, 0x49A8, 0x49A8, 0x49A8, 0x49A8, 0x49A8, 0x49A8, 0x49A8, 0x49A8, 0x49A8,
    0x49A8, 0x49A8, 0x49A8, 0x49C8, 0x49A8, 0x49A8, 0x49A8, 0x49A8, 0x49A8, 0x49A8, 0x49A8, 0x49A8,
    0x49A8, 0x49A8, 0x49A8, 0x49A8, 0x49A8, 0x49A8, 0x49A8, 0x49A8, 0x49A8, 0x49A8, 0x49A8, 0x51C8,
    0x51E9, 0x51E9, 0x51E9, 0x51E9, 0x51E9, 0x5209, 0x51E9, 0x49A8, 0x4167, 0x3966, 0x3967, 0x3967,
    0x3987, 0x3987, 0x3946, 0x3946, 0x3946, 0x3946, 0x3126, 0x3126, 0x3126, 0x3126, 0x3146, 0x3126,
    0x3146, 0x3946, 0x3146, 0x3126, 0x3146, 0x3146, 0x3126, 0x3126, 0x3126, 0x3946, 0x3967, 0x3946,
    0x4167, 0x4167, 0x3946, 0x3967, 0x3967, 0x3967, 0x3967, 0x4167, 0x4187, 0x4187, 0x4187, 0x4187,
    0x4187, 0x3967, 0x3946, 0x3126, 0x3125, 0x3126, 0x3126, 0x3126, 0x3946, 0x3946, 0x3946, 0x3946,
    0x3146, 0x3125, 0x3126, 0x3146, 0x3126, 0x3946, 0x3946, 0x3967, 0x3967, 0x3987, 0x3966, 0x3146,
    0x3126, 0x3126, 0x3126, 0x3946, 0x3946, 0x3946, 0x3946, 0x3126, 0x3126, 0x3126, 0x3126, 0x3126,
    0x3146, 0x3966, 0x3966, 0x3946, 0x3946, 0x3967, 0x3967, 0x3946, 0x3946, 0x3926, 0x3126, 0x3105,
    0x3105, 0x3105, 0x3105, 0x3126, 0x3126, 0x3126, 0x3126, 0x3926, 0x3126, 0x3946, 0x3946, 0x3966,
    0x3946, 0x3946, 0x3966, 0x3967, 0x3967, 0x3946, 0x3126, 0x3126, 0x3126, 0x3146, 0x3126, 0x3146,
    0x3126, 0x3126, 0x3126, 0x3126, 0x3946, 0x3966, 0x3146, 0x3126, 0x3125, 0x3125, 0x3125, 0x3125,
    0x3126, 0x3126, 0x3126, 0x3146, 0x3966, 0x3146, 0x3146, 0x3126, 0x3125, 0x3146, 0x4187, 0x49C8,
    0x49A8, 0x49A8, 0x49A8, 0x4988, 0x4988, 0x49A8, 0x49A8, 0x49A8, 0x49A8, 0x4988, 0x49A8, 0x49A8,
    0x4988, 0x4988, 0x4988, 0x4988, 0x4988, 0x4988, 0x4988, 0x4988, 0x4988, 0x4988, 0x4988, 0x4988,
    0x4988, 0x4988, 0x4988, 0x4988, 0x4988, 0x4988, 0x4988, 0x4988, 0x4988, 0x4988, 0x4988, 0x49A8,
    0x49A8, 0x49A8, 0x49A8, 0x49A8, 0x49A8, 0x49A8, 0x49A8, 0x49A8, 0x49A8, 0x4988, 0x4988, 0x4988,
    0x4988, 0x4988, 0x4988, 0x4988, 0x4988, 0x4988, 0x4988, 0x4988, 0x4988, 0x4988, 0x4988, 0x4988,
    0x4988, 0x4988, 0x4988, 0x4988, 0x4988, 0x4988, 0x4988, 0x4988, 0x4988, 0x4988, 0x4988, 0x4988,
    0x4988, 0x4988, 0x4988, 0x4988, 0x4988, 0x4988, 0x4988, 0x49A8, 0x49A8, 0x49A8, 0x49A8, 0x49A8,
    0x49A8, 0x49A8, 0x49A8, 0x49A8, 0x49A8, 0x49A8, 0x4988, 0x4988, 0x49A8, 0x49A8, 0x51C8, 0x51C8,
    0x51C8, 0x51C8, 0x51C9, 0x51C9, 0x51E9, 0x51E9, 0x51C9, 0x51E9, 0x5A0A, 0x59E9, 0x59EA, 0x5A2A,
    0x622A, 0x624B, 0x6A4B, 0x6A6B, 0x6A6B, 0x6A6B, 0x6A6B, 0x6A6B, 0x6A6B, 0x6A4B, 0x6A4B, 0x6A4B,
    0x624B, 0x6A4B, 0x6A6B, 0x6A6B, 0x6A4B, 0x6A6B, 0x6A6B, 0x6A6B, 0x6A6B, 0x6A6B, 0x6A6B, 0x6A6B,
    0x6A6B, 0x6A6B, 0x622B, 0x5A0A, 0x59E9, 0x51E9, 0x51C9, 0x49C8, 0x49C8, 0x49C8, 0x49C8, 0x49A8,
    0x49A8, 0x51C9, 0x49A8, 0x49A9, 0x49C9, 0x49C8, 0x49C8, 0x49C8, 0x49A8, 0x49A8, 0x49A8, 0x4988,
    0x4988, 0x4988, 0x4988, 0x4987, 0x4987, 0x49A8, 0x49A8, 0x4988, 0x4988, 0x4987, 0x4988, 0x4987,
    0x4987, 0x4987, 0x4987, 0x4987, 0x4187, 0x4987, 0x4988, 0x4988, 0x4988, 0x4988, 0x4988, 0x4988,
    0x49A8, 0x49A8, 0x49A8, 0x49A8, 0x49A8, 0x49A8, 0x49A8, 0x49A8, 0x49A8, 0x49A8, 0x49C8, 0x49C8,
    0x49C8, 0x49C8, 0x49A8, 0x49A8, 0x49A8, 0x49A8, 0x49A8, 0x49A8, 0x49A8, 0x49A8, 0x49A8, 0x49A8,
    0x49A8, 0x49A8, 0x49A8, 0x49A8, 0x49A8, 0x49A8, 0x49A8, 0x49C8, 0x49C8, 0x49C8, 0x49C8, 0x49A8,
    0x49A8, 0x49A8, 0x49C8, 0x49C8, 0x49C8, 0x49A8, 0x49A8, 0x49A8, 0x49A8, 0x49A8, 0x49A8, 0x49A8,
    0x49A8, 0x49A8, 0x49A8, 0x49A8, 0x49A8, 0x49C8, 0x49C8, 0x49C8, 0x49C8, 0x49A8, 0x49A8, 0x49A8,
    0x49A8, 0x49A8, 0x51A8, 0x49A8, 0x49A8, 0x49A8, 0x49A8, 0x49A8, 0x49A8, 0x49A8, 0x49A8, 0x49A8,
    0x49A8, 0x49A8, 0x49A8, 0x49A8, 0x51C8, 0x51C9, 0x51C9, 0x51E9, 0x51C8, 0x51C8, 0x49A8, 0x3967,
    0x3946, 0x3966, 0x3967, 0x3966, 0x3146, 0x3946, 0x3926, 0x3946, 0x3946, 0x3946, 0x3146, 0x3126,
    0x3126, 0x3126, 0x3146, 0x3126, 0x3946, 0x3966, 0x3946, 0x3946, 0x3146, 0x3146, 0x3126, 0x3126,
    0x3146, 0x3146, 0x3966, 0x3967, 0x3946, 0x3966, 0x3966, 0x3946, 0x3966, 0x3967, 0x3967, 0x3966,
    0x3966, 0x4167, 0x4187, 0x4187, 0x4167, 0x3967, 0x3946, 0x3146, 0x3126, 0x3146, 0x3146, 0x3146,
    0x3946, 0x3946, 0x3146, 0x3146, 0x3146, 0x3125, 0x3126, 0x3946, 0x3946, 0x3946, 0x3967, 0x3967,
    0x3946, 0x3966, 0x3146, 0x3126, 0x3146, 0x3126, 0x3126, 0x3946, 0x3966, 0x3946, 0x3126, 0x3125,
    0x3125, 0x3126, 0x3126, 0x3146, 0x3967, 0x3966, 0x3966, 0x3966, 0x3946, 0x3946, 0x3926, 0x3926,
    0x3946, 0x4166, 0x4167, 0x4987, 0x51C8, 0x51C8, 0x49C8, 0x49C8, 0x49C8, 0x49A8, 0x4167, 0x3926,
    0x3105, 0x3926, 0x3946, 0x3946, 0x3966, 0x3967, 0x3946, 0x3947, 0x3946, 0x3966, 0x3946, 0x3146,
    0x3126, 0x3126, 0x3126, 0x3146, 0x3126, 0x3146, 0x3146, 0x3926, 0x3946, 0x3966, 0x3946, 0x3946,
    0x3146, 0x3126, 0x3126, 0x3126, 0x3146, 0x3126, 0x3126, 0x3146, 0x3146, 0x3146, 0x3146, 0x3146,
    0x3126, 0x3146, 0x3946, 0x4187, 0x49A8, 0x4988, 0x4988, 0x4988, 0x4988, 0x4988, 0x49A8, 0x49A8,
    0x49A8, 0x4988, 0x4988, 0x4988, 0x4988, 0x4988, 0x4988, 0x4988, 0x4988, 0x4988, 0x4988, 0x4988,
    0x4988, 0x4988, 0x4988, 0x4988, 0x4988, 0x4988, 0x4988, 0x4988, 0x4988, 0x4988, 0x4988, 0x4988,
    0x4988, 0x4988, 0x4988, 0x49A8, 0x49A8, 0x49A8, 0x49A8, 0x49A8, 0x49A8, 0x49A8, 0x49A8, 0x49A8,
    0x49A8, 0x4988, 0x4988, 0x4988, 0x4988, 0x4988, 0x4988, 0x4988, 0x4988, 0x4988, 0x4988, 0x4988,
    0x4988, 0x4988, 0x4988, 0x4988, 0x4988, 0x4988, 0x4988, 0x4988, 0x4988, 0x4988, 0x4988, 0x4988,
    0x4988, 0x4988, 0x4988, 0x4988, 0x4988, 0x4988, 0x4988, 0x4988, 0x4988, 0x4988, 0x4988, 0x49A8,
    0x49A8, 0x49A8, 0x4988, 0x49A8, 0x49A8, 0x49A8, 0x49A8, 0x49A8, 0x49A8, 0x49A8, 0x49A8, 0x49A8,
    0x4988, 0x49A8, 0x51C9, 0x51C9, 0x51C9, 0x51C9, 0x51C9, 0x59E9, 0x59E9, 0x5A0A, 0x5A0A, 0x622A,
    0x622B, 0x622A, 0x622B, 0x624B, 0x6A4B, 0x6A4B, 0x6A6B, 0x6A6B, 0x6A4B, 0x6A4B, 0x6A4B, 0x6A4B,
    0x6A4B, 0x6A4B, 0x6A4B, 0x6A4B, 0x6A4B, 0x6A4B, 0x6A4B, 0x6A4B, 0x6A4B, 0x6A4B, 0x6A4B, 0x6A4B,
    0x6A6B, 0x6A6B, 0x6A4B, 0x6A4B, 0x622A, 0x622A, 0x5A0A, 0x5A0A, 0x51E9, 0x51C9, 0x49C8, 0x49C8,
    0x49C9, 0x49C9, 0x49A9, 0x49A8, 0x49A8, 0x51C9, 0x49A8, 0x49A9, 0x51C8, 0x49C8, 0x49C8, 0x49C8,
    0x49C8, 0x49A8, 0x49A8, 0x49A8, 0x49A8, 0x4187, 0x4187, 0x4987, 0x4187, 0x4187, 0x4987, 0x49A8,
    0x49A8, 0x4988, 0x49A8, 0x49A8, 0x49A8, 0x49A8, 0x49A8, 0x49A8, 0x49A8, 0x49A8, 0x49A8, 0x49A8,
    0x49A8, 0x49A8, 0x49A8, 0x49A8, 0x49A8, 0x49A8, 0x49A8, 0x49A8, 0x49A8, 0x49A8, 0x49A8, 0x49A8,
    0x49A8, 0x49A8, 0x49C8, 0x49C8, 0x49C8, 0x49A8, 0x49A8, 0x49A8, 0x49A8, 0x49A8, 0x49A8, 0x49A8,
    0x49A8, 0x49A8, 0x49A8, 0x49A8, 0x49A8, 0x49A8, 0x49A8, 0x49A8, 0x49A8, 0x49A8, 0x49A8, 0x49A8,
    0x49A8, 0x49A8, 0x49A8, 0x49A8, 0x49A8, 0x49A8, 0x49A8, 0x49A8, 0x49A8, 0x49A8, 0x49A8, 0x49A8,
    0x49A8, 0x49A8, 0x49A8, 0x49A8, 0x49A8, 0x49A8, 0x49A8, 0x49A8, 0x49A8, 0x49C8, 0x49C8, 0x49C8,
    0x49C8, 0x49A8, 0x49A8, 0x49A8, 0x49A8, 0x49A8, 0x51A8, 0x49A8, 0x49A8, 0x49A8, 0x49A8, 0x49A8,
    0x49A8, 0x49A8, 0x49A8, 0x49A8, 0x49A8, 0x49A8, 0x51C8, 0x49A8, 0x49A8, 0x49A8, 0x51C8, 0x51C9,
    0x4188, 0x4167, 0x3926, 0x3126, 0x3926, 0x3946, 0x3946, 0x3126, 0x3125, 0x3126, 0x3126, 0x3946,
    0x3967, 0x3967, 0x3966, 0x3146, 0x3146, 0x3146, 0x3146, 0x3146, 0x3946, 0x4167, 0x4147, 0x3966,
    0x3946, 0x3146, 0x3146, 0x3126, 0x3146, 0x3126, 0x3126, 0x3126, 0x3126, 0x3126, 0x3946, 0x3946,
    0x3946, 0x3967, 0x3946, 0x3126, 0x3126, 0x3126, 0x3146, 0x3946, 0x3967, 0x4167, 0x3967, 0x3946,
    0x3946, 0x3966, 0x3967, 0x3967, 0x3966, 0x3146, 0x3126, 0x3126, 0x3126, 0x3125, 0x3126, 0x3926,
    0x3946, 0x3966, 0x3967, 0x3967, 0x3946, 0x3146, 0x3126, 0x3126, 0x3146, 0x3146, 0x3146, 0x3946,
    0x3946, 0x3126, 0x3126, 0x3126, 0x3146, 0x3146, 0x3946, 0x3967, 0x3987, 0x3967, 0x3946, 0x3946,
    0x3946, 0x3946, 0x4167, 0x49A8, 0x51E9, 0x5A09, 0x5A2A, 0x6A6B, 0x728C, 0x6A6C, 0x6A6C, 0x6A6B,
    0x6A6B, 0x624B, 0x59EA, 0x49A8, 0x4187, 0x3966, 0x3926, 0x3967, 0x4187, 0x3967, 0x3967, 0x3967,
    0x3966, 0x3966, 0x3967, 0x3966, 0x3946, 0x3946, 0x3146, 0x3946, 0x3946, 0x3966, 0x3966, 0x3946,
    0x3946, 0x4167, 0x4167, 0x3967, 0x3946, 0x3946, 0x3946, 0x3967, 0x3146, 0x3126, 0x3146, 0x3146,
    0x3126, 0x3146, 0x3146, 0x3146, 0x3146, 0x3146, 0x3126, 0x3946, 0x49A8, 0x49A8, 0x49A8, 0x4988,
    0x49A8, 0x49A8, 0x49A8, 0x49A8, 0x49A8, 0x49A8, 0x49A8, 0x4988, 0x4988, 0x4988, 0x4988, 0x4988,
    0x4988, 0x4988, 0x4988, 0x4988, 0x4988, 0x4988, 0x4988, 0x49A8, 0x4988, 0x4988, 0x4988, 0x4988,
    0x4988, 0x4988, 0x4988, 0x4988, 0x4988, 0x4988, 0x4988, 0x4988, 0x4988, 0x4988, 0x4988, 0x4988,
    0x4988, 0x4988, 0x49A8, 0x49A8, 0x49A8, 0x4988, 0x4988, 0x4988, 0x49A8, 0x4988, 0x4988, 0x4988,
    0x4988, 0x4988, 0x4988, 0x4988, 0x4988, 0x4988, 0x4988, 0x4988, 0x4988, 0x4988, 0x4988, 0x4988,
    0x4988, 0x4988, 0x4988, 0x4988, 0x4988, 0x4988, 0x4988, 0x4988, 0x49A8, 0x4988, 0x4988, 0x4988,
    0x4988, 0x4988, 0x4988, 0x4988, 0x4988, 0x4988, 0x4988, 0x4988, 0x4988, 0x49A8, 0x49A8, 0x49A8,
    0x49A8, 0x49A8, 0x49A8, 0x49A8, 0x49A8, 0x51C8, 0x51C9, 0x59E9, 0x59EA, 0x59EA, 0x5A0A, 0x5A0A,
    0x620A, 0x620A, 0x620A, 0x622A, 0x622B, 0x622B, 0x622B, 0x6A4B, 0x6A4B, 0x6A4B, 0x6A4B, 0x6A4B,
    0x6A4B, 0x6A6B, 0x6A4B, 0x6A4B, 0x6A4B, 0x6A2B, 0x6A4B, 0x6A4C, 0x6A4B, 0x622B, 0x622B, 0x6A2B,
    0x6A4B, 0x6A4B, 0x6A4B, 0x6A4B, 0x622A, 0x620A, 0x5A09, 0x59E9, 0x51C9, 0x51C9, 0x51C9, 0x51C9,
    0x51C9, 0x51A9, 0x49C9, 0x49C9, 0x49C9, 0x51A9, 0x51C9, 0x49C8, 0x49C8, 0x49C8, 0x49C8, 0x49C8,
    0x49C8, 0x49C8, 0x49C8, 0x49C8, 0x49C8, 0x49C8, 0x49C8, 0x49C8, 0x49A8, 0x49A8, 0x49A8, 0x49A8,
    0x4988, 0x4988, 0x49A8, 0x49A8, 0x49A8, 0x49A8, 0x49A8, 0x49A8, 0x49A8, 0x49A8, 0x49A8, 0x49A8,
    0x49A8, 0x49A8, 0x49A8, 0x49A8, 0x49A8, 0x49A8, 0x49A8, 0x49A8, 0x49A8, 0x49A8, 0x49A8, 0x49A8,
    0x49A8, 0x49A8, 0x49A8, 0x49A8, 0x49A8, 0x49A8, 0x49A8, 0x49A8, 0x49A8, 0x49A8, 0x49A8, 0x49A8,
    0x51C9, 0x51C9, 0x51C9, 0x51A9, 0x51A9, 0x51A9, 0x51A9, 0x51A9, 0x51A9, 0x49C9, 0x49A8, 0x49A8,
    0x49A8, 0x49A8, 0x49A8, 0x49C8, 0x49C8, 0x49A8, 0x49A8, 0x49A8, 0x49A8, 0x49A8, 0x49A8, 0x49A8,
    0x49A8, 0x49A8, 0x49A8, 0x49A8, 0x49A8, 0x49A8, 0x49A8, 0x49A8, 0x49A8, 0x49A8, 0x49A8, 0x49A8,
    0x49A8, 0x49A8, 0x49A8, 0x49A8, 0x49A8, 0x49A8, 0x49A8, 0x49A8, 0x49A8, 0x49A8, 0x49A8, 0x49A8,
    0x49A8, 0x49A8, 0x49A8, 0x49A8, 0x49A8, 0x49A8, 0x49A8, 0x49A8, 0x49A8, 0x51A8, 0x51A8, 0x51A8,
    0x49A8, 0x49A8, 0x49A8, 0x4988, 0x3946, 0x3126, 0x3126, 0x3926, 0x3946, 0x3946, 0x3946, 0x3126,
    0x3125, 0x3146, 0x3946, 0x3967, 0x4187, 0x4187, 0x3967, 0x3946, 0x3966, 0x3146, 0x3146, 0x3946,
    0x3946, 0x4167, 0x4167, 0x3967, 0x3966, 0x3966, 0x3126, 0x3126, 0x3126, 0x3125, 0x3125, 0x3125,
    0x3125, 0x3126, 0x3946, 0x3946, 0x3946, 0x3967, 0x3946, 0x3126, 0x3126, 0x3125, 0x3125, 0x3146,
    0x3946, 0x3946, 0x3966, 0x3946, 0x3946, 0x3967, 0x3966, 0x3946, 0x3146, 0x3126, 0x3126, 0x3126,
    0x3126, 0x3125, 0x3126, 0x3126, 0x3146, 0x3946, 0x3966, 0x3946, 0x3146, 0x3146, 0x3146, 0x3146,
    0x3146, 0x3126, 0x3146, 0x3946, 0x3946, 0x3146, 0x3146, 0x3146, 0x3966, 0x3966, 0x3946, 0x3946,
    0x3946, 0x3926, 0x4147, 0x4988, 0x51A8, 0x51C9, 0x622A, 0x626B, 0x6A8C, 0x72AC, 0x728C, 0x72AC,
    0x728C, 0x728C, 0x728C, 0x728C, 0x728C, 0x6A6C, 0x6A4B, 0x6A4B, 0x624A, 0x51E9, 0x4167, 0x4147,
    0x3967, 0x3946, 0x3967, 0x3967, 0x3966, 0x3946, 0x3967, 0x3967, 0x3946, 0x3946, 0x3926, 0x3946,
    0x3946, 0x3946, 0x3946, 0x3946, 0x3946, 0x3967, 0x4167, 0x4167, 0x3946, 0x3946, 0x3967, 0x3967,
    0x3146, 0x3146, 0x3146, 0x3146, 0x3125, 0x3125, 0x3146, 0x3146, 0x3146, 0x3146, 0x3146, 0x3946,
    0x4187, 0x51E9, 0x59E9, 0x51C9, 0x51C9, 0x51C9, 0x51C9, 0x51C8, 0x51C9, 0x49C8, 0x49C8, 0x49A8,
    0x4988, 0x4988, 0x4988, 0x4988, 0x4988, 0x4988, 0x4988, 0x4988, 0x4988, 0x4988, 0x4988, 0x49A8,
    0x4988, 0x4988, 0x4988, 0x4988, 0x4988, 0x4988, 0x4988, 0x4988, 0x4988, 0x4988, 0x4988, 0x4988,
    0x4988, 0x4988, 0x4988, 0x4988, 0x4988, 0x4988, 0x49A8, 0x49A8, 0x49A8, 0x4988, 0x4988, 0x4988,
    0x49A8, 0x4988, 0x4988, 0x4988, 0x49A8, 0x4988, 0x4988, 0x4988, 0x4988, 0x4988, 0x4988, 0x4988,
    0x4988, 0x4988, 0x4988, 0x4988, 0x4988, 0x4988, 0x4988, 0x4988, 0x4988, 0x4988, 0x4988, 0x4988,
    0x49A8, 0x49A8, 0x4988, 0x4988, 0x4988, 0x49A8, 0x4988, 0x4988, 0x4988, 0x4988, 0x4988, 0x4988,
    0x49A8, 0x49A8, 0x49A8, 0x49A8, 0x49A8, 0x49A8, 0x49A8, 0x49C8, 0x51C9, 0x51C9, 0x51E9, 0x5A09,
    0x5A09, 0x5A09, 0x5A09, 0x5A09, 0x5A09, 0x5A0A, 0x5A0A, 0x5A0A, 0x5A0A, 0x5A0A, 0x5A0A, 0x5A0A,
    0x620A, 0x622B, 0x622B, 0x622A, 0x624B, 0x624B, 0x6A4B, 0x6A6B, 0x6A6B, 0x6A4B, 0x6A4C, 0x6A4B,
    0x6A4B, 0x6A4B, 0x6A4B, 0x622B, 0x622A, 0x622A, 0x620A, 0x59E9, 0x59E9, 0x51E9, 0x51E9, 0x51C8,
    0x49C8, 0x51C8, 0x49C9, 0x49C9, 0x51A9, 0x51C9, 0x49C9, 0x49A9, 0x49A9, 0x49A9, 0x49C8, 0x49C8,
    0x49C8, 0x49C8, 0x49C8, 0x49C8, 0x49C8, 0x49A8, 0x49A8, 0x49A8, 0x49C8, 0x49C8, 0x49C8, 0x49C8,
    0x49C8, 0x49A8, 0x49A8, 0x49A8, 0x49A8, 0x49A8, 0x49A8, 0x49A8, 0x49A8, 0x49A8, 0x49A8, 0x49A8,
    0x49A8, 0x49A8, 0x49A8, 0x49A8, 0x49A8, 0x49A8, 0x49A8, 0x49A8, 0x49A8, 0x49A8, 0x49A8, 0x49A8,
    0x49A8, 0x49A8, 0x49A8, 0x49A8, 0x49A8, 0x49A8, 0x49A8, 0x49A8, 0x49A8, 0x49A8, 0x49A8, 0x49A8,
    0x49A8, 0x49C8, 0x49C8, 0x51C9, 0x51C9, 0x51C9, 0x51C9, 0x51C9, 0x51C9, 0x51C9, 0x51C9, 0x51C9,
    0x51C9, 0x51C9, 0x51C9, 0x51C9, 0x51C9, 0x49A8, 0x49A8, 0x49C8, 0x49C8, 0x49A8, 0x49A8, 0x49A8,
    0x49A8, 0x49A8, 0x49A8, 0x49A8, 0x49A8, 0x49A8, 0x49A8, 0x49A8, 0x49A8, 0x49A8, 0x49A8, 0x49A8,
    0x49A8, 0x49A8, 0x49A8, 0x49A8, 0x49A8, 0x49A8, 0x49A8, 0x49A8, 0x49A8, 0x49A8, 0x49A8, 0x49A8,
    0x49A8, 0x49A8, 0x49A8, 0x49A8, 0x49A8, 0x49A8, 0x49A8, 0x49A8, 0x49A8, 0x49A8, 0x49A8, 0x49A8,
    0x49A8, 0x49A8, 0x49A8, 0x49A8, 0x51C8, 0x49C8, 0x3967, 0x3946, 0x3946, 0x3926, 0x3966, 0x3967,
    0x3967, 0x4167, 0x3946, 0x3126, 0x3146, 0x3946, 0x3966, 0x3967, 0x3987, 0x3967, 0x3946, 0x3946,
    0x3966, 0x3146, 0x3126, 0x3146, 0x3946, 0x3946, 0x3967, 0x3967, 0x3966, 0x3967, 0x3126, 0x3126,
    0x3126, 0x3126, 0x3126, 0x3126, 0x3146, 0x3146, 0x3946, 0x3947, 0x3967, 0x4167, 0x3967, 0x3946,
    0x3146, 0x3125, 0x3126, 0x3146, 0x3146, 0x3146, 0x3146, 0x3946, 0x3946, 0x3966, 0x3946, 0x3126,
    0x3126, 0x3146, 0x3126, 0x3126, 0x3125, 0x3105, 0x3125, 0x3146, 0x3146, 0x3145, 0x3146, 0x3146,
    0x3126, 0x3146, 0x3146, 0x3146, 0x3146, 0x3125, 0x3125, 0x3946, 0x3966, 0x3966, 0x3966, 0x3946,
    0x3946, 0x3946, 0x3926, 0x3946, 0x3946, 0x4967, 0x51C9, 0x622A, 0x6A4B, 0x6A6C, 0x728C, 0x728C,
    0x72AC, 0x72AC, 0x6A8C, 0x6A4B, 0x6A2B, 0x6A4B, 0x6A6C, 0x6A6C, 0x6A6B, 0x6A6C, 0x726C, 0x728C,
    0x728C, 0x6A4B, 0x5A0A, 0x4988, 0x3946, 0x3126, 0x3946, 0x3946, 0x3946, 0x3946, 0x3946, 0x3946,
    0x3946, 0x3926, 0x3126, 0x3126, 0x3146, 0x3126, 0x3146, 0x3146, 0x3946, 0x3966, 0x3967, 0x3967,
    0x3967, 0x3966, 0x3966, 0x3946, 0x3146, 0x3146, 0x3146, 0x3126, 0x2905, 0x2905, 0x3126, 0x3146,
    0x3146, 0x3146, 0x3126, 0x3126, 0x3967, 0x51E9, 0x622A, 0x622A, 0x5A0A, 0x5A0A, 0x5A09, 0x51E9,
    0x51C9, 0x51C8, 0x51C8, 0x49A8, 0x4988, 0x4988, 0x4988, 0x4988, 0x4988, 0x4988, 0x49A8, 0x49A8,
    0x49A8, 0x49A8, 0x49A8, 0x49A8, 0x4988, 0x4988, 0x4988, 0x4988, 0x4988, 0x4988, 0x4988, 0x4988,
    0x4988, 0x4988, 0x4988, 0x4988, 0x4988, 0x4988, 0x4988, 0x4988, 0x4988, 0x4988, 0x49A8, 0x49A8,
    0x49A8, 0x4988, 0x4988, 0x4988, 0x4988, 0x4988, 0x49A8, 0x49A8, 0x51C9, 0x51C9, 0x49A8, 0x49A8,
    0x4988, 0x4988, 0x4988, 0x4988, 0x4988, 0x4988, 0x4988, 0x4988, 0x4988, 0x4988, 0x4988, 0x4988,
    0x4988, 0x4988, 0x4988, 0x49A8, 0x49A8, 0x49A8, 0x49A8, 0x49A8, 0x49A8, 0x49A8, 0x49A8, 0x4988,
    0x4988, 0x4988, 0x4988, 0x4988, 0x49A8, 0x51C8, 0x51A8, 0x51C8, 0x51C8, 0x51C9, 0x51E9, 0x51E9,
    0x51E9, 0x51E9, 0x51E9, 0x51E9, 0x51E9, 0x51E9, 0x51E9, 0x51E9, 0x51E9, 0x51E9, 0x51E9, 0x51E9,
    0x51C9, 0x49A8, 0x51A8, 0x51A8, 0x51A9, 0x51C9, 0x59E9, 0x51C9, 0x51E9, 0x51E9, 0x5A09, 0x624A,
    0x6A4B, 0x6A6B, 0x6A6B, 0x6A6B, 0x624B, 0x622A, 0x622A, 0x5A0A, 0x59E9, 0x59E9, 0x51C8, 0x51A8,
    0x51C8, 0x49C8, 0x49C8, 0x49C8, 0x49C9, 0x51C9, 0x51C9, 0x51C9, 0x51C8, 0x49C8, 0x49C8, 0x49A8,
    0x49A8, 0x49A8, 0x49C8, 0x49C8, 0x49C8, 0x49C8, 0x49C8, 0x49C8, 0x49C8, 0x49A8, 0x49A8, 0x49A8,
    0x49A8, 0x49A8, 0x49A8, 0x49C8, 0x49C8, 0x49C8, 0x49C8, 0x49C8, 0x49C8, 0x49A8, 0x49A8, 0x49A8,
    0x49A8, 0x49A8, 0x49A8, 0x49A8, 0x49A8, 0x49A8, 0x49A8, 0x49A8, 0x49A8, 0x49A8, 0x49A8, 0x49A8,
    0x49A8, 0x49A8, 0x49A8, 0x49A8, 0x49A8, 0x49A8, 0x49A9, 0x49A8, 0x49A8, 0x49A8, 0x51A9, 0x49A9,
    0x49A9, 0x51C9, 0x51C9, 0x51C9, 0x51C9, 0x51C9, 0x51C9, 0x51C9, 0x51C9, 0x51C9, 0x51C9, 0x51C9,
    0x51C9, 0x51C9, 0x51C9, 0x51C9, 0x51C9, 0x51C9, 0x51C9, 0x51C9, 0x51C9, 0x51C9, 0x49A8, 0x49A8,
    0x49C8, 0x49A8, 0x49A8, 0x49A8, 0x49A8, 0x49A8, 0x49A8, 0x49A8, 0x49A8, 0x49A8, 0x49A8, 0x49A8,
    0x49A8, 0x49A8, 0x49A8, 0x49A8, 0x49A8, 0x49A8, 0x49A8, 0x49A8, 0x49A8, 0x49A8, 0x49A8, 0x49A8,
    0x49A8, 0x49A8, 0x49A8, 0x49A8, 0x49A8, 0x49A8, 0x49A8, 0x49A8, 0x49A8, 0x49A8, 0x49A8, 0x49A8,
    0x49A8, 0x49A8, 0x49A8, 0x49A8, 0x49A8, 0x49A8, 0x49A8, 0x49A8, 0x49A8, 0x41A8, 0x3126, 0x3125,
    0x3966, 0x3967, 0x4187, 0x4187, 0x4167, 0x4167, 0x3946, 0x3946, 0x3146, 0x3946, 0x3966, 0x3967,
    0x3967, 0x3946, 0x3946, 0x3946, 0x3946, 0x3146, 0x3125, 0x3146, 0x3126, 0x3946, 0x3966, 0x3966,
    0x3966, 0x3946, 0x3146, 0x3126, 0x3126, 0x3126, 0x3126, 0x3126, 0x3146, 0x3146, 0x3966, 0x3967,
    0x4167, 0x4187, 0x4167, 0x3946, 0x3946, 0x3126, 0x3126, 0x3146, 0x3126, 0x3146, 0x3126, 0x3146,
    0x3946, 0x3967, 0x3946, 0x3126, 0x3146, 0x3146, 0x3126, 0x3105, 0x2905, 0x2905, 0x2905, 0x3126,
    0x3146, 0x3125, 0x3125, 0x3125, 0x3146, 0x3146, 0x3146, 0x3146, 0x3146, 0x3146, 0x3946, 0x3946,
    0x3946, 0x3946, 0x3946, 0x3926, 0x3926, 0x3946, 0x4167, 0x49A8, 0x51E9, 0x622A, 0x6A6B, 0x6A6C,
    0x726C, 0x726C, 0x726C, 0x726C, 0x728C, 0x6A6C, 0x6A6B, 0x59EA, 0x51A9, 0x5A0A, 0x624B, 0x6A4B,
    0x6A6C, 0x6A6C, 0x726C, 0x6A6B, 0x6A4B, 0x6A6B, 0x6A6B, 0x622A, 0x49A8, 0x3946, 0x3126, 0x3946,
    0x3946, 0x3946, 0x3946, 0x3946, 0x3946, 0x3926, 0x3105, 0x3126, 0x3146, 0x3146, 0x3146, 0x3146,
    0x3146, 0x3146, 0x3946, 0x3946, 0x3966, 0x3967, 0x3967, 0x3146, 0x3126, 0x3126, 0x3126, 0x3125,
    0x2905, 0x2905, 0x3125, 0x3126, 0x3146, 0x3146, 0x3146, 0x3126, 0x3105, 0x4167, 0x59E9, 0x622A,
    0x59E9, 0x59E9, 0x59E9, 0x51E9, 0x49A8, 0x49A8, 0x49A8, 0x49A8, 0x4988, 0x4988, 0x4988, 0x4988,
    0x4988, 0x4988, 0x49A8, 0x49A8, 0x49A8, 0x49A8, 0x49A8, 0x49A8, 0x4988, 0x4988, 0x4988, 0x4988,
    0x4988, 0x4988, 0x4988, 0x4988, 0x4988, 0x4988, 0x4988, 0x4988, 0x4988, 0x4988, 0x4988, 0x4988,
    0x4988, 0x4988, 0x49A8, 0x49A8, 0x49A8, 0x4988, 0x4988, 0x4988, 0x4988, 0x4988, 0x49A8, 0x49A8,
    0x51C9, 0x51C9, 0x49A8, 0x49A8, 0x4988, 0x4988, 0x4988, 0x4988, 0x4988, 0x4988, 0x4988, 0x4988,
    0x4988, 0x4988, 0x4988, 0x4988, 0x4988, 0x4988, 0x49A8, 0x49A8, 0x49A8, 0x51C8, 0x51C9, 0x49A8,
    0x49A8, 0x49A8, 0x49A8, 0x4988, 0x4988, 0x4988, 0x4988, 0x49A8, 0x51C8, 0x51C9, 0x51C9, 0x51C9,
    0x51E9, 0x51E9, 0x51E9, 0x51E9, 0x51C9, 0x51E9, 0x51E9, 0x51E9, 0x51E9, 0x51E9, 0x51E9, 0x51E9,
    0x49C8, 0x49A8, 0x49A8, 0x49A8, 0x49A8, 0x4988, 0x4188, 0x4167, 0x4167, 0x4988, 0x4988, 0x4988,
    0x4987, 0x4987, 0x49A8, 0x51E9, 0x5A0A, 0x622A, 0x622A, 0x622A, 0x59E9, 0x51C8, 0x51C8, 0x51C8,
    0x51C8, 0x51C8, 0x49A8, 0x49A8, 0x49C8, 0x49C8, 0x49C8, 0x49C8, 0x49C8, 0x51C8, 0x51C8, 0x51C8,
    0x51A8, 0x49A8, 0x49C8, 0x49C8, 0x51C9, 0x51C9, 0x51C9, 0x51C8, 0x51C8, 0x49C8, 0x49C8, 0x49C8,
    0x49C8, 0x49A8, 0x49A8, 0x49A8, 0x49A8, 0x49A8, 0x49A8, 0x49C8, 0x49C8, 0x49C8, 0x49C8, 0x49C8,
    0x49C8, 0x49A8, 0x49A8, 0x49A8, 0x49A8, 0x49A8, 0x49A8, 0x49A8, 0x49A9, 0x49A9, 0x49A9, 0x51C9,
    0x49A9, 0x49A9, 0x49A9, 0x49A9, 0x49A8, 0x49A8, 0x49C8, 0x49C8, 0x49A8, 0x51C9, 0x51C9, 0x51C9,
    0x51C9, 0x51C9, 0x51C9, 0x51C9, 0x51C9, 0x51C9, 0x51E9, 0x51E9, 0x51C9, 0x51E9, 0x51C9, 0x51C9,
    0x51C9, 0x51C9, 0x51C9, 0x51C9, 0x51C9, 0x51C9, 0x51C9, 0x51C9, 0x51C9, 0x51E9, 0x51E9, 0x51E9,
    0x51C9, 0x51C9, 0x49A8, 0x49A8, 0x49A8, 0x49A8, 0x49A8, 0x49A8, 0x49A8, 0x49A8, 0x49A8, 0x49A8,
    0x49A8, 0x49A8, 0x49A8, 0x49A8, 0x49A8, 0x49A8, 0x49A8, 0x49A8, 0x49A8, 0x49A8, 0x49A8, 0x49A8,
    0x49A8, 0x49A8, 0x49A8, 0x49A8, 0x49A8, 0x49A8, 0x49A8, 0x49A8, 0x49A8, 0x49A8, 0x49A8, 0x49A8,
    0x49A8, 0x49A8, 0x49A8, 0x49A8, 0x49A8, 0x49A8, 0x49A8, 0x49A8, 0x49A8, 0x4988, 0x49A8, 0x41A7,
    0x3946, 0x3146, 0x3126, 0x3946, 0x4187, 0x4187, 0x4187, 0x4187, 0x4167, 0x4167, 0x3966, 0x3946,
    0x3126, 0x3146, 0x3146, 0x3146, 0x3926, 0x3946, 0x3946, 0x3946, 0x3946, 0x3146, 0x3125, 0x3146,
    0x3126, 0x3146, 0x3946, 0x3946, 0x3946, 0x3946, 0x3126, 0x3126, 0x3126, 0x3126, 0x3126, 0x3126,
    0x3146, 0x3946, 0x3966, 0x3967, 0x4167, 0x4187, 0x4187, 0x3967, 0x3946, 0x3946, 0x3126, 0x3126,
    0x3126, 0x3126, 0x3126, 0x3146, 0x3946, 0x3967, 0x4146, 0x3946, 0x3146, 0x3146, 0x2925, 0x2905,
    0x2905, 0x2905, 0x2905, 0x3125, 0x3146, 0x3146, 0x3125, 0x3125, 0x3146, 0x3146, 0x3146, 0x3146,
    0x3146, 0x3146, 0x3966, 0x3946, 0x3946, 0x3946, 0x3926, 0x4146, 0x4987, 0x51C9, 0x5A0A, 0x622A,
    0x6A6B, 0x6A6B, 0x6A6B, 0x6A6B, 0x6A4B, 0x6A6C, 0x6A6C, 0x6A6C, 0x6A8C, 0x6A6B, 0x6A6B, 0x620A,
    0x4968, 0x4167, 0x51C8, 0x624B, 0x728D, 0x728D, 0x728C, 0x620A, 0x59EA, 0x6A4B, 0x6A6C, 0x6A6C,
    0x6A4B, 0x51C9, 0x3946, 0x3926, 0x3946, 0x3946, 0x3946, 0x3946, 0x3946, 0x3946, 0x3126, 0x3126,
    0x3146, 0x3146, 0x3146, 0x3146, 0x3126, 0x3146, 0x3146, 0x3146, 0x3146, 0x3146, 0x3967, 0x3146,
    0x3126, 0x3126, 0x3126, 0x3125, 0x3125, 0x3125, 0x3126, 0x3126, 0x3146, 0x3966, 0x3987, 0x3946,
    0x3125, 0x3125, 0x4167, 0x49A8, 0x49A8, 0x49A8, 0x49C8, 0x49A8, 0x4988, 0x4988, 0x4988, 0x4988,
    0x4988, 0x4988, 0x4988, 0x4988, 0x4988, 0x4988, 0x49A8, 0x49A8, 0x49A8, 0x49A8, 0x49A8, 0x49A8,
    0x4988, 0x4988, 0x4988, 0x4988, 0x4988, 0x4988, 0x4988, 0x4988, 0x4988, 0x4988, 0x4988, 0x4988,
    0x4988, 0x4988, 0x4988, 0x49A8, 0x49A8, 0x49A8, 0x49A8, 0x49A8, 0x49A8, 0x4988, 0x4988, 0x4988,
    0x4988, 0x4988, 0x4988, 0x49A8, 0x49A8, 0x49A8, 0x49A8, 0x49A8, 0x4988, 0x4988, 0x4988, 0x4988,
    0x4988, 0x4988, 0x4988, 0x4988, 0x4988, 0x4988, 0x4988, 0x4988, 0x4988, 0x4988, 0x49A8, 0x49A8,
    0x49A8, 0x49A8, 0x49A8, 0x49A8, 0x49A8, 0x49A8, 0x4988, 0x4988, 0x4988, 0x4988, 0x4988, 0x49A8,
    0x49A8, 0x51C9, 0x51C9, 0x51C9, 0x51E9, 0x51E9, 0x51E9, 0x51E9, 0x51C9, 0x51C9, 0x51E9, 0x51E9,
    0x51E9, 0x49C8, 0x49C8, 0x49C8, 0x49A8, 0x4987, 0x4187, 0x4187, 0x4187, 0x49A8, 0x4187, 0x4187,
    0x4988, 0x49A8, 0x49A8, 0x49A8, 0x4988, 0x4988, 0x4188, 0x4988, 0x4988, 0x49A8, 0x49A8, 0x49A8,
    0x49A8, 0x49A8, 0x49A8, 0x49C8, 0x49C8, 0x49C8, 0x49C8, 0x49C8, 0x49C8, 0x49C8, 0x49C8, 0x49C8,
    0x51C8, 0x51C8, 0x51C8, 0x51C8, 0x51C8, 0x51C9, 0x51E9, 0x51E9, 0x59C9, 0x59E9, 0x51E9, 0x51E9,
    0x51C8, 0x49C8, 0x49C8, 0x49C8, 0x49C8, 0x49C8, 0x49C8, 0x49C8, 0x49C8, 0x49C8, 0x49C8, 0x49C8,
    0x49C8, 0x49C8, 0x49C8, 0x49C8, 0x49A8, 0x49A8, 0x49A8, 0x49A8, 0x49A8, 0x51A8, 0x51A9, 0x49A9,
    0x49A9, 0x49A9, 0x49A9, 0x51C9, 0x51E9, 0x51C9, 0x51E9, 0x51C9, 0x51C9, 0x51E9, 0x51C9, 0x51C9,
    0x51C9, 0x51E9, 0x51E9, 0x51E9, 0x51C9, 0x51E9, 0x51E9, 0x51E9, 0x51E9, 0x51E9, 0x51E9, 0x51E9,
    0x51C9, 0x51C9, 0x51C9, 0x51C9, 0x51C9, 0x51C9, 0x51C9, 0x51C9, 0x51C9, 0x51C9, 0x51C9, 0x51C9,
    0x51C9, 0x51E9, 0x51E9, 0x51E9, 0x51C9, 0x49A8, 0x49A8, 0x49A8, 0x49A8, 0x49A8, 0x49A8, 0x49A8,
    0x49A8, 0x49A8, 0x49A8, 0x49A8, 0x49A8, 0x49A8, 0x49A8, 0x49A8, 0x49A8, 0x49A8, 0x49A8, 0x49A8,
    0x49A8, 0x49A8, 0x49A8, 0x49A8, 0x49A8, 0x49A8, 0x49A8, 0x49A8, 0x49A8, 0x49A8, 0x49A8, 0x49A8,
    0x49A8, 0x49A8, 0x49A8, 0x49A8, 0x49A8, 0x49A8, 0x49A8, 0x49A8, 0x49A8, 0x49A8, 0x49A8, 0x49A8,
    0x49A8, 0x49A8, 0x49A8, 0x3966, 0x2905, 0x3125, 0x3146, 0x3946, 0x4187, 0x4187, 0x4187, 0x4187,
    0x3967, 0x3946, 0x3946, 0x3946, 0x3125, 0x3125, 0x3125, 0x2925, 0x3105, 0x3946, 0x3946, 0x3946,
    0x3946, 0x3146, 0x3126, 0x3126, 0x3126, 0x3126, 0x3125, 0x3126, 0x3126, 0x3126, 0x3126, 0x3126,
    0x3126, 0x3126, 0x3126, 0x3126, 0x3146, 0x3146, 0x3946, 0x3966, 0x3967, 0x4187, 0x4187, 0x3967,
    0x3946, 0x3946, 0x3926, 0x3126, 0x3126, 0x3126, 0x3126, 0x3126, 0x3946, 0x3967, 0x3967, 0x3946,
    0x3126, 0x3126, 0x3126, 0x3126, 0x3126, 0x3126, 0x3126, 0x3126, 0x3146, 0x3146, 0x3126, 0x3125,
    0x3146, 0x3146, 0x3146, 0x3146, 0x3146, 0x3146, 0x3946, 0x3946, 0x3946, 0x4167, 0x4187, 0x51E9,
    0x624B, 0x6A6B, 0x6A6B, 0x624B, 0x624B, 0x622A, 0x622A, 0x6A4B, 0x6A6B, 0x6A6B, 0x6A6B, 0x6A6B,
    0x6A6B, 0x6A4B, 0x6A4B, 0x6A4B, 0x51E9, 0x3946, 0x3946, 0x5A0A, 0x7ACD, 0x7ACD, 0x6A6B, 0x4987,
    0x4967, 0x622A, 0x6A4C, 0x726C, 0x728C, 0x624A, 0x49A8, 0x3946, 0x3946, 0x3946, 0x3946, 0x3146,
    0x3126, 0x3146, 0x3946, 0x3946, 0x3126, 0x3126, 0x3125, 0x3125, 0x3126, 0x3126, 0x3126, 0x3146,
    0x3126, 0x3126, 0x3146, 0x3146, 0x3126, 0x3126, 0x3126, 0x3126, 0x3126, 0x3125, 0x3126, 0x3126,
    0x3126, 0x3966, 0x3987, 0x3966, 0x3946, 0x3126, 0x3125, 0x3146, 0x4187, 0x4987, 0x4988, 0x49A8,
    0x49A8, 0x4988, 0x4988, 0x4988, 0x4988, 0x4988, 0x4988, 0x4988, 0x4988, 0x4988, 0x4988, 0x4988,
    0x4988, 0x4988, 0x4988, 0x4988, 0x4988, 0x4988, 0x4988, 0x4988, 0x4988, 0x4988, 0x4988, 0x4988,
    0x4988, 0x4988, 0x4988, 0x4988, 0x4988, 0x4988, 0x4988, 0x49A8, 0x49A8, 0x49A8, 0x4988, 0x4988,
    0x4988, 0x4988, 0x4988, 0x4988, 0x4988, 0x4988, 0x4988, 0x4987, 0x4987, 0x4987, 0x4988, 0x4988,
    0x4988, 0x4988, 0x4988, 0x4988, 0x4988, 0x4988, 0x4988, 0x4988, 0x4988, 0x4988, 0x4988, 0x49A8,
    0x49A8, 0x49A8, 0x49A8, 0x49A8, 0x49A8, 0x4988, 0x4988, 0x4987, 0x4988, 0x4988, 0x4988, 0x4988,
    0x4988, 0x4988, 0x4988, 0x4987, 0x4988, 0x49A8, 0x49A8, 0x51C8, 0x51C9, 0x51E9, 0x51E9, 0x51E9,
    0x51E9, 0x51C9, 0x51C9, 0x51C9, 0x49C8, 0x41A8, 0x4987, 0x4187, 0x4187, 0x4987, 0x4187, 0x4187,
    0x4987, 0x49A8, 0x49A8, 0x49A8, 0x51C9, 0x51E9, 0x51E9, 0x51C9, 0x51C9, 0x51C9, 0x49A8, 0x4988,
    0x4988, 0x4988, 0x4187, 0x4167, 0x49A8, 0x49C8, 0x49C8, 0x49C8, 0x49C8, 0x49C8, 0x49C8, 0x49C8,
    0x51C8, 0x51C8, 0x51A9, 0x51C9, 0x51E9, 0x51E9, 0x51E9, 0x51E9, 0x5A09, 0x5A0A, 0x5A0A, 0x59E9,
    0x59EA, 0x59E9, 0x51E9, 0x51E9, 0x49A8, 0x49A8, 0x49C8, 0x49C8, 0x49C8, 0x49C8, 0x49C8, 0x49C8,
    0x49C8, 0x49C8, 0x49C8, 0x49C8, 0x49A8, 0x49A8, 0x49C8, 0x49C8, 0x49A8, 0x49A8, 0x49A8, 0x49A8,
    0x49A8, 0x51A9, 0x51A9, 0x51A9, 0x49A9, 0x49A9, 0x49A9, 0x51C9, 0x51E9, 0x51E9, 0x51E9, 0x51E9,
    0x51E9, 0x51E9, 0x51E9, 0x51E9, 0x51E9, 0x51E9, 0x51C9, 0x51C9, 0x51C9, 0x51C9, 0x51E9, 0x51E9,
    0x51E9, 0x51E9, 0x51E9, 0x51E9, 0x51C9, 0x51C9, 0x51C9, 0x51C9, 0x51C9, 0x51C9, 0x51C9, 0x51C9,
    0x51C9, 0x51C9, 0x51C9, 0x51C9, 0x51C9, 0x51C9, 0x51C9, 0x49C8, 0x49C8, 0x49A8, 0x49A8, 0x49A8,
    0x49A8, 0x49A8, 0x49A8, 0x49A8, 0x49A8, 0x49A8, 0x49A8, 0x49A8, 0x49A8, 0x49A8, 0x49A8, 0x49A8,
    0x49A8, 0x49A8, 0x49A8, 0x49A8, 0x49A8, 0x49A8, 0x49A8, 0x49A8, 0x49A8, 0x49A8, 0x49A8, 0x49A8,
    0x49A8, 0x49A8, 0x49A8, 0x49A8, 0x49A8, 0x49A8, 0x49A8, 0x49A8, 0x49A8, 0x49A8, 0x49A8, 0x49A8,
    0x49A8, 0x49A8, 0x49A8, 0x49A8, 0x49A8, 0x4187, 0x3966, 0x3125, 0x2925, 0x3125, 0x3146, 0x3946,
    0x4167, 0x4167, 0x3967, 0x3946, 0x3946, 0x3146, 0x3126, 0x3146, 0x3125, 0x3125, 0x3125, 0x3125,
    0x3126, 0x3946, 0x3146, 0x3126, 0x3146, 0x3146, 0x3126, 0x3126, 0x3126, 0x3126, 0x3126, 0x3126,
    0x3126, 0x3126, 0x3126, 0x3126, 0x3146, 0x3146, 0x3146, 0x3126, 0x3146, 0x3126, 0x3126, 0x3946,
    0x3966, 0x3967, 0x4167, 0x3967, 0x3946, 0x3946, 0x3946, 0x3946, 0x3946, 0x3946, 0x3946, 0x3946,
    0x3946, 0x3946, 0x3946, 0x3146, 0x3146, 0x3946, 0x3946, 0x3946, 0x3146, 0x3146, 0x3146, 0x3126,
    0x3126, 0x3126, 0x3146, 0x3146, 0x3146, 0x3146, 0x3146, 0x3146, 0x3146, 0x3146, 0x3126, 0x3105,
    0x4167, 0x51E9, 0x622A, 0x6A6B, 0x6A6B, 0x624B, 0x624B, 0x624B, 0x624B, 0x622A, 0x620A, 0x622B,
    0x624B, 0x624B, 0x622B, 0x622B, 0x624B, 0x6A2B, 0x622B, 0x6A4B, 0x624B, 0x51C9, 0x4167, 0x49A8,
    0x6A8C, 0x6A8C, 0x51E9, 0x4187, 0x3946, 0x49A8, 0x6A4B, 0x72AD, 0x622A, 0x49C8, 0x49A8, 0x49A8,
    0x4167, 0x3946, 0x3946, 0x3946, 0x3946, 0x3946, 0x3967, 0x3967, 0x3946, 0x3126, 0x2905, 0x2905,
    0x2905, 0x3125, 0x3125, 0x3125, 0x3125, 0x2905, 0x3125, 0x3126, 0x3126, 0x3126, 0x3126, 0x3146,
    0x3946, 0x3146, 0x3126, 0x3125, 0x3126, 0x3146, 0x3966, 0x3966, 0x3946, 0x3946, 0x3126, 0x3946,
    0x3946, 0x4167, 0x49A8, 0x49A8, 0x49A8, 0x4988, 0x4988, 0x4988, 0x4988, 0x4988, 0x4988, 0x4988,
    0x4988, 0x4988, 0x4988, 0x4988, 0x4988, 0x4988, 0x4988, 0x4988, 0x4988, 0x4988, 0x4988, 0x4988,
    0x4988, 0x4988, 0x4988, 0x4988, 0x4988, 0x4988, 0x4988, 0x4988, 0x4988, 0x4988, 0x4988, 0x4988,
    0x4988, 0x4988, 0x4988, 0x4988, 0x4988, 0x4988, 0x4988, 0x4988, 0x4988, 0x4988, 0x4988, 0x4988,
    0x4988, 0x4988, 0x4988, 0x4988, 0x4988, 0x4988, 0x4988, 0x4988, 0x4988, 0x4988, 0x4988, 0x4988,
    0x4988, 0x4988, 0x4988, 0x49A8, 0x49A8, 0x49A8, 0x49A8, 0x49A8, 0x49A8, 0x4988, 0x4988, 0x4988,
    0x4988, 0x4988, 0x4988, 0x4988, 0x4988, 0x4988, 0x4987, 0x4987, 0x4988, 0x49A8, 0x49A8, 0x49A8,
    0x51C8, 0x51C9, 0x51E9, 0x51E9, 0x51E9, 0x51C8, 0x49A8, 0x49A8, 0x49A8, 0x4187, 0x4187, 0x4987,
    0x4988, 0x4187, 0x4987, 0x49A8, 0x49A8, 0x49A8, 0x51A8, 0x59E9, 0x59E9, 0x51C9, 0x59E9, 0x51C9,
    0x51C9, 0x5A0A, 0x624A, 0x6A4B, 0x6A6B, 0x6A6B, 0x624A, 0x59E9, 0x51A8, 0x4988, 0x49A8, 0x51C9,
    0x51E9, 0x51E9, 0x51E9, 0x51E9, 0x59E9, 0x59E9, 0x59E9, 0x59E9, 0x5A09, 0x59E9, 0x5A09, 0x5A09,
    0x5A09, 0x59E9, 0x51E9, 0x51C9, 0x51C9, 0x51C9, 0x51C9, 0x49C8, 0x49A8, 0x49A8, 0x49C8, 0x49C8,
    0x49C8, 0x49C8, 0x49C8, 0x49C8, 0x49C8, 0x49C8, 0x49C8, 0x49C8, 0x49A8, 0x49A8, 0x49C8, 0x49C8,
    0x49A8, 0x49A8, 0x49A8, 0x49A8, 0x51A9, 0x51C9, 0x51C9, 0x51C9, 0x51C9, 0x51C9, 0x51C9, 0x51E9,
    0x51C9, 0x51C9, 0x51C8, 0x49C8, 0x51C8, 0x51C9, 0x49C8, 0x49C8, 0x51C9, 0x51C9, 0x49C9, 0x51C9,
    0x51C9, 0x51C9, 0x49C8, 0x49C8, 0x49C8, 0x49C8, 0x51C8, 0x49C8, 0x49C8, 0x49C9, 0x49C9, 0x51C9,
    0x51C9, 0x51C9, 0x51C9, 0x51C9, 0x51C9, 0x51C9, 0x51C9, 0x51C9, 0x51C9, 0x51C8, 0x49C8, 0x49C8,
    0x49C8, 0x49C8, 0x49A8, 0x49A8, 0x49A8, 0x49A8, 0x49A8, 0x49A8, 0x49A8, 0x49A8, 0x49A8, 0x49A8,
    0x49A8, 0x49A8, 0x49A8, 0x49A8, 0x49A8, 0x49A8, 0x49A8, 0x49A8, 0x49A8, 0x49A8, 0x49A8, 0x49A8,
    0x49A8, 0x49A8, 0x49A8, 0x49A8, 0x49A8, 0x49A8, 0x49A8, 0x49A8, 0x49A8, 0x49A8, 0x49A8, 0x49A8,
    0x49A8, 0x49A8, 0x49A8, 0x49A8, 0x49A8, 0x49A8, 0x49A8, 0x49A8, 0x49A8, 0x3146, 0x2905, 0x2905,
    0x2905, 0x3105, 0x3146, 0x3946, 0x3946, 0x4146, 0x3946, 0x3946, 0x3126, 0x3125, 0x3125, 0x3126,
    0x3126, 0x3126, 0x3126, 0x3126, 0x3146, 0x3146, 0x3125, 0x3125, 0x3126, 0x3146, 0x3126, 0x3126,
    0x3126, 0x3126, 0x3126, 0x3126, 0x3126, 0x3126, 0x3126, 0x3126, 0x3126, 0x3126, 0x3126, 0x3146,
    0x3126, 0x3126, 0x3126, 0x3126, 0x3946, 0x3946, 0x3946, 0x3946, 0x3946, 0x3946, 0x3946, 0x3946,
    0x3947, 0x3946, 0x3946, 0x3946, 0x3926, 0x3126, 0x3126, 0x3146, 0x3946, 0x3967, 0x4167, 0x3946,
    0x3126, 0x3126, 0x3126, 0x3126, 0x3126, 0x3126, 0x3146, 0x3146, 0x3146, 0x3146, 0x3146, 0x3146,
    0x3146, 0x3126, 0x3126, 0x4167, 0x5A0A, 0x6A6B, 0x6A6B, 0x6A4B, 0x622A, 0x622B, 0x624B, 0x622B,
    0x622B, 0x622A, 0x622B, 0x622B, 0x622A, 0x622B, 0x620B, 0x620A, 0x622A, 0x6A2B, 0x6A4B, 0x6A2B,
    0x6A6B, 0x6A6B, 0x49A8, 0x4146, 0x49C8, 0x49A8, 0x4167, 0x49C8, 0x4167, 0x4167, 0x624B, 0x6A8C,
    0x49A8, 0x3926, 0x4987, 0x51E9, 0x4187, 0x3926, 0x3946, 0x3966, 0x3946, 0x3966, 0x3967, 0x3967,
    0x3946, 0x3946, 0x3126, 0x3125, 0x2905, 0x2905, 0x2905, 0x2905, 0x2905, 0x2905, 0x3125, 0x3126,
    0x3126, 0x3126, 0x3126, 0x3946, 0x3967, 0x3966, 0x3146, 0x3125, 0x3125, 0x3146, 0x3146, 0x3146,
    0x3146, 0x3966, 0x3946, 0x3125, 0x3126, 0x3946, 0x41A8, 0x49A8, 0x4988, 0x4988, 0x4988, 0x4988,
    0x4988, 0x4988, 0x4988, 0x4987, 0x4988, 0x4988, 0x4988, 0x4988, 0x4988, 0x4988, 0x4988, 0x4988,
    0x4988, 0x4988, 0x4988, 0x4988, 0x4988, 0x4988, 0x4988, 0x4988, 0x4988, 0x4988, 0x4988, 0x4988,
    0x4988, 0x4988, 0x4988, 0x4988, 0x4988, 0x4988, 0x4988, 0x4988, 0x4988, 0x4988, 0x4988, 0x4988,
    0x4988, 0x4988, 0x4988, 0x4988, 0x4988, 0x4988, 0x49A8, 0x49A8, 0x4988, 0x4988, 0x4988, 0x4988,
    0x4988, 0x4988, 0x4988, 0x4988, 0x4988, 0x4988, 0x4988, 0x49A8, 0x49A8, 0x49A8, 0x49A8, 0x49A8,
    0x49A8, 0x4988, 0x4988, 0x4988, 0x4988, 0x4988, 0x4988, 0x4988, 0x4988, 0x4988, 0x4988, 0x4988,
    0x49A8, 0x49A8, 0x49A8, 0x4988, 0x49A8, 0x51C8, 0x51E9, 0x51E9, 0x51C8, 0x49A8, 0x4187, 0x4187,
    0x4987, 0x4988, 0x4187, 0x4987, 0x49A8, 0x4988, 0x49A8, 0x49A8, 0x49A8, 0x51A8, 0x51C9, 0x59E9,
    0x51C9, 0x51C9, 0x51C9, 0x51A8, 0x620A, 0x726B, 0x7AAD, 0x72AD, 0x6A6B, 0x6A4B, 0x6A6B, 0x6A8C,
    0x5A0A, 0x4988, 0x4988, 0x51C9, 0x59E9, 0x5A0A, 0x620A, 0x622A, 0x622A, 0x620A, 0x620A, 0x5A0A,
    0x5A0A, 0x5A0A, 0x5A0A, 0x5A0A, 0x51E9, 0x51C9, 0x51C8, 0x51C8, 0x49C8, 0x51C9, 0x49C8, 0x49C8,
    0x49C8, 0x49C8, 0x49C8, 0x49C8, 0x49C8, 0x49C8, 0x49C8, 0x49C8, 0x49C8, 0x49C8, 0x49C8, 0x49C8,
    0x49A8, 0x49A8, 0x49A8, 0x49A8, 0x49A8, 0x49A8, 0x49A8, 0x49A8, 0x51C9, 0x51C9, 0x51C9, 0x51C9,
    0x51C9, 0x51C9, 0x51E9, 0x51E9, 0x51C9, 0x49A8, 0x49C8, 0x49A8, 0x49A8, 0x49C8, 0x49A8, 0x49A8,
    0x49A8, 0x49A8, 0x49A8, 0x49A8, 0x49A8, 0x49A8, 0x49A8, 0x49C8, 0x49C8, 0x49C8, 0x49C8, 0x49C8,
    0x49C8, 0x49A8, 0x49A8, 0x49C9, 0x51C9, 0x51C9, 0x51C9, 0x51E9, 0x51E9, 0x51C9, 0x51C9, 0x51C9,
    0x51C9, 0x49C8, 0x49C8, 0x49C8, 0x49C8, 0x49C8, 0x49A8, 0x49A8, 0x49A8, 0x49A8, 0x49A8, 0x49A8,
    0x49A8, 0x49A8, 0x49A8, 0x49A8, 0x49A8, 0x49A8, 0x49A8, 0x49A8, 0x49A8, 0x49A8, 0x49A8, 0x49A8,
    0x49A8, 0x49A8, 0x49A8, 0x49A8, 0x49A8, 0x49A8, 0x49A8, 0x49A8, 0x49A8, 0x49A8, 0x49A8, 0x49A8,
    0x49A8, 0x49A8, 0x49A8, 0x49A8, 0x49A8, 0x49A8, 0x49A8, 0x49A8, 0x49A8, 0x49A8, 0x4187, 0x4187,
    0x3946, 0x2925, 0x2925, 0x3125, 0x3125, 0x3126, 0x3146, 0x3946, 0x3946, 0x3946, 0x4147, 0x3946,
    0x3126, 0x3146, 0x3126, 0x3126, 0x3126, 0x3126, 0x3126, 0x3126, 0x3125, 0x3125, 0x3125, 0x3126,
    0x3126, 0x3126, 0x3126, 0x3926, 0x3926, 0x3946, 0x3146, 0x3126, 0x3146, 0x3146, 0x3126, 0x3126,
    0x3126, 0x3146, 0x3146, 0x3146, 0x3146, 0x3146, 0x3946, 0x3946, 0x3967, 0x3967, 0x3946, 0x3946,
    0x3946, 0x3967, 0x3946, 0x3946, 0x3946, 0x3946, 0x3946, 0x3146, 0x3126, 0x3126, 0x3126, 0x3146,
    0x3946, 0x3966, 0x4167, 0x3946, 0x3126, 0x3126, 0x3126, 0x3146, 0x3126, 0x3146, 0x3146, 0x3146,
    0x3146, 0x3146, 0x3125, 0x2905, 0x2905, 0x3126, 0x49A8, 0x5A2A, 0x624B, 0x622A, 0x622A, 0x622A,
    0x622A, 0x622A, 0x622A, 0x622B, 0x622B, 0x622B, 0x622B, 0x622B, 0x622B, 0x622B, 0x622B, 0x622B,
    0x622B, 0x622B, 0x622B, 0x6A2B, 0x6A6C, 0x7ACD, 0x624B, 0x4167, 0x3926, 0x4146, 0x51C8, 0x6A8C,
    0x5A2A, 0x3926, 0x4988, 0x51C9, 0x4147, 0x3926, 0x51C9, 0x5A0A, 0x51C8, 0x3926, 0x3946, 0x3126,
    0x3146, 0x3946, 0x4167, 0x4167, 0x3966, 0x3946, 0x3146, 0x3126, 0x2905, 0x2905, 0x2905, 0x3125,
    0x3125, 0x3125, 0x3126, 0x3146, 0x3126, 0x3126, 0x3126, 0x3126, 0x3126, 0x3146, 0x3146, 0x3126,
    0x3126, 0x3126, 0x3125, 0x3125, 0x3146, 0x3946, 0x3967, 0x3946, 0x3126, 0x3126, 0x3946, 0x4187,
    0x49A8, 0x4988, 0x4988, 0x4987, 0x4167, 0x4988, 0x4988, 0x4987, 0x49A8, 0x49A8, 0x49A8, 0x49A8,
    0x4988, 0x4988, 0x4988, 0x49A8, 0x49A8, 0x49A8, 0x4988, 0x4988, 0x49A8, 0x4988, 0x4988, 0x4988,
    0x4988, 0x4988, 0x4988, 0x49A8, 0x49A8, 0x49A8, 0x49A8, 0x4988, 0x4988, 0x4988, 0x49A8, 0x4988,
    0x4988, 0x4988, 0x4988, 0x4987, 0x4988, 0x49A8, 0x49A8, 0x49A8, 0x49A8, 0x49A8, 0x49A8, 0x49A8,
    0x49A8, 0x49A8, 0x49A8, 0x49A8, 0x49A8, 0x4988, 0x4988, 0x4988, 0x4988, 0x4988, 0x4988, 0x49A8,
    0x49A8, 0x49A8, 0x49A8, 0x49A8, 0x49A8, 0x49A8, 0x49A8, 0x49A8, 0x49A8, 0x49A8, 0x49A8, 0x49A8,
    0x4988, 0x49A8, 0x4988, 0x4988, 0x4988, 0x49A8, 0x49A8, 0x49A8, 0x49A8, 0x51C8, 0x51C9, 0x49C8,
    0x49A8, 0x49A8, 0x4187, 0x4987, 0x4987, 0x4987, 0x4987, 0x4987, 0x4988, 0x49A8, 0x49A8, 0x49A8,
    0x49A8, 0x49A8, 0x51C8, 0x51A8, 0x51A8, 0x51A8, 0x51A8, 0x51A8, 0x6A4B, 0x728C, 0x728C, 0x620A,
    0x4147, 0x4126, 0x51C9, 0x728C, 0x6A6B, 0x622A, 0x59C9, 0x4988, 0x51C8, 0x5A0A, 0x5A0A, 0x5A0A,
    0x5A0A, 0x620A, 0x5A0A, 0x5A0A, 0x5A0A, 0x59EA, 0x59E9, 0x59E9, 0x59E9, 0x51C9, 0x51C9, 0x51C9,
    0x51C8, 0x51C8, 0x49C8, 0x49A8, 0x49A8, 0x49C8, 0x49C8, 0x49C8, 0x49C8, 0x49C8, 0x49C8, 0x49C8,
    0x49C8, 0x49C8, 0x49C8, 0x49A8, 0x49A8, 0x49A8, 0x49A8, 0x49A8, 0x49A8, 0x49C8, 0x49C8, 0x49C8,
    0x49A8, 0x49C8, 0x51C9, 0x51C9, 0x51C9, 0x51C9, 0x51C9, 0x51C9, 0x51C8, 0x51C8, 0x49C8, 0x49C8,
    0x49C8, 0x49C8, 0x49C8, 0x49C8, 0x49C8, 0x49C8, 0x49A8, 0x49C8, 0x49C8, 0x49C8, 0x49C8, 0x49C8,
    0x49C8, 0x49C8, 0x49C8, 0x49C8, 0x49C8, 0x49A8, 0x49A8, 0x51C9, 0x51C9, 0x51C9, 0x51C9, 0x51E9,
    0x51E9, 0x51E9, 0x51C9, 0x49C8, 0x49C9, 0x49C8, 0x49C8, 0x49C8, 0x49C8, 0x49A8, 0x49A8, 0x49A8,
    0x49A8, 0x49A8, 0x49A8, 0x49A8, 0x49A8, 0x49A8, 0x49A8, 0x49A8, 0x49A8, 0x49A8, 0x49A8, 0x49A8,
    0x49A8, 0x49A8, 0x49A8, 0x49A8, 0x49A8, 0x49A8, 0x49A8, 0x49A8, 0x49A8, 0x49A8, 0x49A8, 0x49A8,
    0x49A8, 0x49A8, 0x49A8, 0x49A8, 0x49A8, 0x49A8, 0x49A8, 0x49A8, 0x49A8, 0x49A8, 0x49A8, 0x49A8,
    0x49A8, 0x49A8, 0x3946, 0x3105, 0x3105, 0x3125, 0x3125, 0x3126, 0x3126, 0x3126, 0x3125, 0x3126,
    0x3126, 0x3946, 0x3946, 0x3906, 0x3105, 0x3125, 0x3126, 0x3126, 0x3126, 0x3126, 0x3126, 0x3126,
    0x3125, 0x3125, 0x3125, 0x3126, 0x3126, 0x3126, 0x3926, 0x3946, 0x3946, 0x3946, 0x3966, 0x3946,
    0x3966, 0x3966, 0x3146, 0x3126, 0x3126, 0x3946, 0x3946, 0x3946, 0x3146, 0x3146, 0x3967, 0x4187,
    0x4187, 0x3966, 0x3946, 0x3946, 0x3946, 0x3966, 0x3946, 0x3126, 0x3126, 0x3126, 0x3126, 0x3126,
    0x3126, 0x3126, 0x3146, 0x3946, 0x3946, 0x3946, 0x3946, 0x3146, 0x3146, 0x3146, 0x3146, 0x3146,
    0x3946, 0x3946, 0x3946, 0x3946, 0x3946, 0x3946, 0x3125, 0x3125, 0x3967, 0x51E9, 0x624A, 0x622A,
    0x620A, 0x620A, 0x622A, 0x622A, 0x620A, 0x620A, 0x622A, 0x620B, 0x620B, 0x622B, 0x622A, 0x622B,
    0x622B, 0x622B, 0x622B, 0x622B, 0x622B, 0x622B, 0x622B, 0x6A4B, 0x726C, 0x7ACD, 0x72AD, 0x51C9,
    0x4146, 0x51C8, 0x6A6B, 0x7AEE, 0x72AC, 0x49A8, 0x3905, 0x3925, 0x4167, 0x51E9, 0x5A09, 0x5A09,
    0x5A09, 0x4187, 0x3926, 0x3126, 0x3126, 0x3946, 0x4167, 0x4167, 0x3946, 0x3946, 0x3146, 0x3125,
    0x2905, 0x2905, 0x3126, 0x3146, 0x3126, 0x3126, 0x3146, 0x3126, 0x3125, 0x3126, 0x3126, 0x3126,
    0x3126, 0x3126, 0x3126, 0x3146, 0x3126, 0x3126, 0x3125, 0x3146, 0x3126, 0x3946, 0x4187, 0x3967,
    0x3146, 0x3125, 0x3105, 0x3946, 0x51E9, 0x51C9, 0x49A8, 0x49A8, 0x49A8, 0x49A8, 0x4988, 0x4987,
    0x49A8, 0x49A8, 0x49A8, 0x49A8, 0x4988, 0x4988, 0x4988, 0x49A8, 0x49A8, 0x49A8, 0x4988, 0x4988,
    0x4988, 0x4988, 0x4988, 0x4988, 0x4988, 0x4988, 0x4988, 0x49A8, 0x51C8, 0x51C9, 0x59E9, 0x51E9,
    0x59C9, 0x59C9, 0x51E9, 0x51C9, 0x51C9, 0x51C9, 0x51C8, 0x51A8, 0x49A8, 0x49A8, 0x4988, 0x49A8,
    0x49A8, 0x49A8, 0x49A8, 0x49A8, 0x49A8, 0x49A8, 0x49A8, 0x49A8, 0x49A8, 0x4988, 0x4988, 0x4988,
    0x4988, 0x4988, 0x4988, 0x49A8, 0x49A8, 0x49A8, 0x49A8, 0x49A8, 0x49A8, 0x49A8, 0x49A8, 0x49A8,
    0x49A8, 0x49A8, 0x4988, 0x49A8, 0x49A8, 0x51C8, 0x51C9, 0x51C9, 0x51C9, 0x51C9, 0x51C8, 0x51C9,
    0x51C9, 0x51E9, 0x51E9, 0x4988, 0x4187, 0x41A7, 0x4988, 0x4987, 0x4987, 0x4987, 0x4987, 0x4987,
    0x4988, 0x49A8, 0x49A8, 0x49C8, 0x49C8, 0x49C8, 0x49A8, 0x49A8, 0x49A8, 0x49A8, 0x49A8, 0x59E9,
    0x6A6B, 0x728C, 0x622A, 0x4167, 0x4167, 0x5209, 0x51E9, 0x51C8, 0x4988, 0x59E9, 0x6A4B, 0x51C9,
    0x4988, 0x51E9, 0x5A09, 0x5A0A, 0x5A0A, 0x5A0A, 0x5A0A, 0x5A0A, 0x59EA, 0x59EA, 0x59EA, 0x59EA,
    0x59EA, 0x59E9, 0x59E9, 0x51E9, 0x51E9, 0x51C8, 0x49C8, 0x49A8, 0x49A8, 0x49C8, 0x49C8, 0x49C8,
    0x49C8, 0x49C8, 0x49C8, 0x49C8, 0x49C8, 0x49C8, 0x49C8, 0x49C8, 0x49C8, 0x49C8, 0x49C8, 0x49C8,
    0x49C8, 0x49C8, 0x49C8, 0x49C8, 0x49A8, 0x49A8, 0x49A8, 0x49A8, 0x49A8, 0x49A8, 0x49A8, 0x51C8,
    0x51C8, 0x51C8, 0x49C8, 0x49C8, 0x49C8, 0x49C8, 0x49C8, 0x49C8, 0x49C8, 0x49C8, 0x49A8, 0x49C8,
    0x49C8, 0x49C8, 0x49C8, 0x49C8, 0x49C8, 0x49C8, 0x49C8, 0x49C8, 0x49C8, 0x49A8, 0x49A8, 0x51C9,
    0x51C9, 0x51C9, 0x51E9, 0x51E9, 0x51E9, 0x51E9, 0x51C8, 0x49A8, 0x49A8, 0x49A8, 0x49A8, 0x49C8,
    0x49C8, 0x49A8, 0x49A8, 0x49A8, 0x49A8, 0x49A8, 0x49A8, 0x49A8, 0x49A8, 0x49A8, 0x49A8, 0x49A8,
    0x49A8, 0x49A8, 0x49A8, 0x49A8, 0x49A8, 0x49A8, 0x49A8, 0x49A8, 0x49A8, 0x49A8, 0x49A8, 0x49A8,
    0x49A8, 0x49A8, 0x49A8, 0x49A8, 0x49A8, 0x49A8, 0x49A8, 0x49A8, 0x49A8, 0x49A8, 0x49A8, 0x49A8,
    0x49A8, 0x49A8, 0x49A8, 0x49A8, 0x4987, 0x3967, 0x3126, 0x2905, 0x3125, 0x3126, 0x3126, 0x3946,
    0x3126, 0x3125, 0x3125, 0x3125, 0x3126, 0x3946, 0x4146, 0x3926, 0x3126, 0x3146, 0x3146, 0x3146,
    0x3126, 0x3126, 0x3126, 0x3126, 0x3126, 0x3126, 0x3126, 0x3926, 0x3946, 0x3946, 0x3946, 0x3966,
    0x3946, 0x3946, 0x3946, 0x3946, 0x3946, 0x3966, 0x3966, 0x3946, 0x3946, 0x3946, 0x3946, 0x3966,
    0x3966, 0x3967, 0x3967, 0x4187, 0x4167, 0x3966, 0x3946, 0x3946, 0x3946, 0x3946, 0x3146, 0x3126,
    0x3126, 0x3125, 0x3125, 0x3126, 0x3146, 0x3146, 0x3946, 0x3946, 0x3946, 0x3946, 0x3926, 0x3126,
    0x3146, 0x3126, 0x3126, 0x3946, 0x3946, 0x3946, 0x3946, 0x3966, 0x3967, 0x3946, 0x3105, 0x4167,
    0x5209, 0x5A2A, 0x622A, 0x622A, 0x620A, 0x620A, 0x622A, 0x5A2A, 0x5A0A, 0x620A, 0x622A, 0x622B,
    0x622B, 0x622B, 0x622A, 0x622B, 0x622B, 0x622B, 0x622B, 0x622B, 0x622B, 0x6A2B, 0x6A4B, 0x6A4B,
    0x726C, 0x728C, 0x728C, 0x622B, 0x59E9, 0x622A, 0x726C, 0x7A8D, 0x7A8C, 0x59E9, 0x3926, 0x3925,
    0x51C8, 0x622A, 0x59C9, 0x51E9, 0x5A2A, 0x49C8, 0x3946, 0x3946, 0x3946, 0x3946, 0x4147, 0x4147,
    0x3947, 0x3946, 0x3146, 0x3126, 0x2905, 0x3125, 0x3126, 0x3126, 0x3126, 0x3146, 0x3146, 0x3126,
    0x3125, 0x3126, 0x3126, 0x3146, 0x3946, 0x3946, 0x3146, 0x3146, 0x3126, 0x3126, 0x3125, 0x3126,
    0x3125, 0x3146, 0x3966, 0x3966, 0x3146, 0x3126, 0x3125, 0x3946, 0x4987, 0x51C9, 0x51C9, 0x51C8,
    0x49A8, 0x49A8, 0x49A8, 0x4988, 0x49A8, 0x49A8, 0x49A8, 0x49A8, 0x4988, 0x4988, 0x4988, 0x4988,
    0x4988, 0x4988, 0x4988, 0x4988, 0x49A8, 0x4988, 0x4988, 0x4988, 0x49A8, 0x49A8, 0x49A8, 0x49C8,
    0x49C8, 0x51C9, 0x59E9, 0x51C9, 0x59C9, 0x59C9, 0x51C9, 0x51C9, 0x51C9, 0x51C9, 0x51C9, 0x51C9,
    0x51C8, 0x49A8, 0x49A8, 0x49A8, 0x49A8, 0x49A8, 0x49A8, 0x49A8, 0x49A8, 0x49A8, 0x49A8, 0x49A8,
    0x49A8, 0x49A8, 0x4988, 0x4988, 0x4988, 0x49A8, 0x4988, 0x49A8, 0x4988, 0x49A8, 0x49A8, 0x49A8,
    0x49A8, 0x49A8, 0x49A8, 0x49A8, 0x49A8, 0x49A8, 0x49A8, 0x51A8, 0x51C8, 0x51C9, 0x51E9, 0x51E9,
    0x59E9, 0x51E9, 0x51E9, 0x51E9, 0x51E9, 0x51C9, 0x49A8, 0x4987, 0x4987, 0x4187, 0x4187, 0x4987,
    0x4987, 0x4987, 0x4987, 0x4987, 0x4987, 0x49A8, 0x49C8, 0x51C9, 0x51C9, 0x51C8, 0x49A8, 0x49C8,
    0x49C8, 0x51C8, 0x49A8, 0x59E9, 0x6A6B, 0x624A, 0x4967, 0x30E5, 0x41A7, 0x5A4A, 0x51E9, 0x4167,
    0x4967, 0x4988, 0x624B, 0x6A8C, 0x51E9, 0x49A8, 0x59E9, 0x5A0A, 0x5A2A, 0x5A0A, 0x5A0A, 0x5A0A,
    0x5A0A, 0x620A, 0x5A0A, 0x620A, 0x620A, 0x5A0A, 0x5A0A, 0x59E9, 0x51E9, 0x51E9, 0x51C9, 0x51C9,
    0x51C9, 0x51C9, 0x51C9, 0x51C9, 0x51C9, 0x51C9, 0x51C9, 0x51C8, 0x49C8, 0x49A8, 0x49A8, 0x49C8,
    0x49C8, 0x49C8, 0x49C8, 0x49C8, 0x49C8, 0x49C8, 0x49C8, 0x49C8, 0x49C8, 0x49A8, 0x49A8, 0x49A8,
    0x49A8, 0x49A8, 0x49A8, 0x49A8, 0x51C8, 0x51C8, 0x49C8, 0x49C8, 0x49C8, 0x49A8, 0x49A8, 0x49C8,
    0x49C8, 0x49C8, 0x49A8, 0x49C8, 0x49C8, 0x49C8, 0x49C8, 0x49C8, 0x49C8, 0x49C8, 0x49C8, 0x49C8,
    0x49A8, 0x49A8, 0x49C8, 0x51C9, 0x51C9, 0x51C9, 0x51E9, 0x51E9, 0x51E9, 0x51E9, 0x49C8, 0x49A8,
    0x49A8, 0x49A8, 0x49A8, 0x49C8, 0x49A8, 0x49A8, 0x49A8, 0x49A8, 0x49A8, 0x49A8, 0x49A8, 0x49A8,
    0x49A8, 0x49A8, 0x49A8, 0x49A8, 0x49A8, 0x49A8, 0x49A8, 0x49A8, 0x49A8, 0x49A8, 0x49A8, 0x49A8,
    0x49A8, 0x49A8, 0x49A8, 0x49A8, 0x49A8, 0x49A8, 0x49A8, 0x49A8, 0x49A8, 0x49A8, 0x49A8, 0x49A8,
    0x49A8, 0x49A8, 0x49A8, 0x49A8, 0x49A8, 0x49A8, 0x49A8, 0x49A8, 0x3125, 0x3105, 0x2925, 0x2925,
    0x3146, 0x3946, 0x3946, 0x3946, 0x3126, 0x3126, 0x3126, 0x3146, 0x3946, 0x3946, 0x3946, 0x3946,
    0x3946, 0x3966, 0x3966, 0x3946, 0x3146, 0x3126, 0x3126, 0x3126, 0x3126, 0x3946, 0x3946, 0x3946,
    0x3946, 0x3966, 0x3966, 0x3966, 0x3966, 0x3966, 0x3966, 0x3946, 0x3966, 0x3966, 0x3946, 0x3967,
    0x3967, 0x4187, 0x3967, 0x3967, 0x3967, 0x4167, 0x4167, 0x4167, 0x4167, 0x3946, 0x3126, 0x3126,
    0x3126, 0x3126, 0x3146, 0x3146, 0x3126, 0x3126, 0x3126, 0x3146, 0x3146, 0x3966, 0x3966, 0x3966,
    0x3967, 0x3946, 0x3126, 0x3125, 0x3126, 0x3926, 0x3946, 0x4146, 0x4166, 0x3966, 0x3946, 0x3966,
    0x3966, 0x3946, 0x3947, 0x51C8, 0x5A0A, 0x5A0A, 0x59E9, 0x59E9, 0x59E9, 0x5A09, 0x5A09, 0x5A0A,
    0x5A0A, 0x5A0A, 0x5A0A, 0x59E9, 0x51E9, 0x5A0A, 0x622B, 0x6A6B, 0x6A6C, 0x6A6C, 0x6A6C, 0x6A6C,
    0x6A6C, 0x728C, 0x72AD, 0x72AD, 0x72AD, 0x72CD, 0x72AD, 0x72AD, 0x728C, 0x728D, 0x72AD, 0x728D,
    0x728C, 0x6A4B, 0x59C9, 0x59C9, 0x6A6C, 0x6A8C, 0x59EA, 0x51E9, 0x5A2A, 0x5209, 0x3967, 0x3926,
    0x3946, 0x3946, 0x3967, 0x4167, 0x4167, 0x3967, 0x3947, 0x3946, 0x3126, 0x3126, 0x3126, 0x3126,
    0x3126, 0x3126, 0x3146, 0x3146, 0x3126, 0x3126, 0x3126, 0x3946, 0x3966, 0x3966, 0x3966, 0x3946,
    0x3125, 0x3125, 0x3146, 0x3125, 0x2905, 0x3125, 0x3146, 0x3966, 0x3146, 0x3146, 0x3146, 0x3946,
    0x3946, 0x49A8, 0x51E9, 0x51E9, 0x49C8, 0x49A8, 0x49A8, 0x49A8, 0x49A8, 0x49A8, 0x49A8, 0x49A8,
    0x49A8, 0x49A8, 0x49A8, 0x49A8, 0x49A8, 0x49A8, 0x49A8, 0x49A8, 0x49A8, 0x49A8, 0x49A8, 0x49A8,
    0x49A8, 0x49A8, 0x49C9, 0x49C9, 0x51C8, 0x51C9, 0x51C9, 0x51C9, 0x51C9, 0x51C9, 0x51C9, 0x51C9,
    0x51C9, 0x51C9, 0x51C9, 0x51C9, 0x51C9, 0x51C9, 0x51C9, 0x49A9, 0x49A9, 0x49A9, 0x49A8, 0x49A8,
    0x49A8, 0x49A8, 0x49A8, 0x49A8, 0x49A8, 0x49C8, 0x49A8, 0x49A8, 0x49A8, 0x49A8, 0x49A8, 0x49A8,
    0x49A8, 0x49A8, 0x49A8, 0x49A8, 0x49A8, 0x51C8, 0x51C9, 0x51C9, 0x51E9, 0x59E9, 0x59E9, 0x5A0A,
    0x5A0A, 0x5A0A, 0x622A, 0x5A2A, 0x5A0A, 0x5A0A, 0x5A0A, 0x59E9, 0x49A8, 0x4987, 0x4988, 0x49A8,
    0x4987, 0x4987, 0x4187, 0x4987, 0x4987, 0x4987, 0x4987, 0x4988, 0x4988, 0x49A8, 0x49A8, 0x49C8,
    0x49A8, 0x49A8, 0x4187, 0x4187, 0x4187, 0x4987, 0x4187, 0x4988, 0x49C8, 0x4187, 0x3126, 0x2905,
    0x3146, 0x3966, 0x3967, 0x49A8, 0x49C8, 0x4167, 0x51C9, 0x624A, 0x5209, 0x51A8, 0x51C9, 0x5A0A,
    0x5A0A, 0x5A0A, 0x622A, 0x622A, 0x622A, 0x622A, 0x622A, 0x622A, 0x5A0A, 0x5A09, 0x59E9, 0x51C9,
    0x51C9, 0x51E9, 0x51E9, 0x51C9, 0x51C9, 0x51C9, 0x51C9, 0x51C9, 0x51C9, 0x51C9, 0x51E9, 0x51E9,
    0x51C9, 0x49A8, 0x49A8, 0x49C8, 0x49C8, 0x49C8, 0x49C8, 0x49C8, 0x49C8, 0x49C8, 0x49C8, 0x49C8,
    0x49C8, 0x49C8, 0x49C8, 0x49C8, 0x49A8, 0x49A8, 0x49A8, 0x49A8, 0x49A8, 0x49A8, 0x49A8, 0x49A8,
    0x49A8, 0x49A8, 0x49A8, 0x49A8, 0x49A8, 0x49A8, 0x49A8, 0x49A8, 0x49A8, 0x49A8, 0x49A8, 0x49A8,
    0x49A8, 0x49C8, 0x49C8, 0x49C8, 0x49A8, 0x49A8, 0x51C9, 0x51E9, 0x51C9, 0x51E9, 0x51E9, 0x51E9,
    0x51E9, 0x51C9, 0x51C9, 0x51C9, 0x49C9, 0x49C9, 0x49C9, 0x51C9, 0x49A8, 0x49A8, 0x49A8, 0x49A8,
    0x49A8, 0x49A8, 0x49A8, 0x49A8, 0x49A8, 0x49A8, 0x49A8, 0x49A8, 0x49A8, 0x49A8, 0x49A8, 0x49A8,
    0x49A8, 0x49A8, 0x49A8, 0x49A8, 0x49A8, 0x49A8, 0x49A8, 0x49A8, 0x49A8, 0x49A8, 0x51C9, 0x51C9,
    0x51C9, 0x51C9, 0x51C9, 0x51C9, 0x51C9, 0x51A9, 0x51C9, 0x51C9, 0x51C9, 0x51C9, 0x51C9, 0x51C9,
    0x3105, 0x3125, 0x3125, 0x3125, 0x3946, 0x3946, 0x3126, 0x3126, 0x3126, 0x3146, 0x3946, 0x3946,
    0x3946, 0x3946, 0x3946, 0x3946, 0x3946, 0x3966, 0x3946, 0x3946, 0x3126, 0x3126, 0x3126, 0x3126,
    0x3126, 0x3146, 0x3966, 0x3946, 0x3946, 0x3946, 0x3146, 0x3966, 0x3966, 0x3966, 0x3946, 0x3946,
    0x3946, 0x3146, 0x3146, 0x3967, 0x3966, 0x3967, 0x3967, 0x4167, 0x4167, 0x3967, 0x3967, 0x3967,
    0x3967, 0x3946, 0x3126, 0x3126, 0x3126, 0x3146, 0x3146, 0x3146, 0x3146, 0x3146, 0x3946, 0x3146,
    0x3126, 0x3146, 0x3946, 0x3966, 0x3946, 0x3126, 0x2905, 0x3125, 0x3146, 0x3946, 0x3946, 0x3946,
    0x3946, 0x3946, 0x3946, 0x3946, 0x3966, 0x4167, 0x51C8, 0x5A09, 0x5A0A, 0x59EA, 0x51E9, 0x51C9,
    0x51C9, 0x51C9, 0x51E9, 0x49C8, 0x49C8, 0x49A8, 0x49A8, 0x49A8, 0x51A8, 0x59E9, 0x6A4B, 0x72AC,
    0x728C, 0x728C, 0x728C, 0x72AC, 0x72AC, 0x72AC, 0x72AC, 0x72AD, 0x72AD, 0x72AD, 0x72AD, 0x72AD,
    0x72AD, 0x728D, 0x728D, 0x72AD, 0x72AD, 0x72AD, 0x72AD, 0x72AC, 0x72AC, 0x6A4B, 0x59C9, 0x51C9,
    0x5209, 0x51E9, 0x4167, 0x3946, 0x3946, 0x3946, 0x3967, 0x4187, 0x4187, 0x4167, 0x3967, 0x3946,
    0x3126, 0x3126, 0x3146, 0x3146, 0x3126, 0x3126, 0x3126, 0x3126, 0x3126, 0x3126, 0x3126, 0x3146,
    0x3946, 0x3967, 0x3966, 0x3946, 0x3125, 0x3125, 0x3146, 0x3125, 0x2905, 0x2925, 0x3125, 0x3146,
    0x3146, 0x3146, 0x3966, 0x3946, 0x3946, 0x3967, 0x4188, 0x49C8, 0x51C8, 0x49C8, 0x49C9, 0x49A9,
    0x49A8, 0x49A8, 0x49A8, 0x49A8, 0x49A8, 0x49A8, 0x49A8, 0x49A8, 0x49A8, 0x49A8, 0x49A8, 0x49A8,
    0x49A8, 0x49A8, 0x49A8, 0x49A8, 0x49A8, 0x49C8, 0x51C9, 0x51C9, 0x51C9, 0x51C9, 0x51C9, 0x51C9,
    0x51C9, 0x59C9, 0x51C9, 0x51C9, 0x51E9, 0x51E9, 0x51E9, 0x51C9, 0x51C9, 0x51C9, 0x51E9, 0x51A9,
    0x49A9, 0x49A9, 0x49A8, 0x51A8, 0x49A8, 0x49A8, 0x49A8, 0x49A8, 0x49A8, 0x49A8, 0x49A8, 0x49A8,
    0x49A8, 0x49A8, 0x49A8, 0x49A9, 0x49A9, 0x49A9, 0x49A9, 0x49A9, 0x51A9, 0x51C9, 0x51C9, 0x51C9,
    0x59E9, 0x5A0A, 0x5A0A, 0x5A0A, 0x5A0A, 0x5A0A, 0x5A0A, 0x5A0A, 0x5A0A, 0x5A0A, 0x51E9, 0x51C8,
    0x4988, 0x49A8, 0x4988, 0x4187, 0x4987, 0x4987, 0x4187, 0x4987, 0x4987, 0x4987, 0x4987, 0x4988,
    0x49A8, 0x49A8, 0x41A8, 0x4167, 0x3946, 0x3946, 0x3946, 0x3926, 0x3126, 0x3926, 0x3126, 0x3105,
    0x3125, 0x3125, 0x3125, 0x3125, 0x3126, 0x3125, 0x3146, 0x3967, 0x3967, 0x3926, 0x3947, 0x49A8,
    0x49C8, 0x49A8, 0x49A8, 0x51C8, 0x51C9, 0x59E9, 0x5A0A, 0x5A0A, 0x5A0A, 0x59EA, 0x5A0A, 0x5A0A,
    0x59E9, 0x51E9, 0x51C9, 0x51E9, 0x51E9, 0x51E9, 0x59E9, 0x59E9, 0x51E9, 0x51C9, 0x51C9, 0x51C9,
    0x51C9, 0x51C9, 0x51C9, 0x51C9, 0x51C9, 0x49A9, 0x49A8, 0x49C8, 0x49C8, 0x49C8, 0x49C8, 0x49C8,
    0x49C8, 0x49C8, 0x49C8, 0x49C8, 0x49C8, 0x49C8, 0x49C8, 0x49C8, 0x49A8, 0x49A8, 0x49A8, 0x49A8,
    0x49A8, 0x49A8, 0x49A8, 0x49A8, 0x49A8, 0x49A8, 0x49A8, 0x49A8, 0x49A8, 0x49A8, 0x49A8, 0x49A8,
    0x49A8, 0x49A8, 0x49A8, 0x49A8, 0x49A8, 0x49A8, 0x49A8, 0x49A8, 0x49C8, 0x51C8, 0x51E9, 0x51E9,
    0x51E9, 0x51E9, 0x51E9, 0x51E9, 0x51E9, 0x51E9, 0x51C9, 0x51E9, 0x51E9, 0x51E9, 0x51C9, 0x51C9,
    0x51C9, 0x51C8, 0x51C8, 0x51A8, 0x51A8, 0x51A8, 0x49A8, 0x49A8, 0x49A8, 0x49A8, 0x51A8, 0x49A8,
    0x51A8, 0x51C8, 0x51A8, 0x49A8, 0x49A8, 0x49A8, 0x49A8, 0x49C8, 0x49C8, 0x49C8, 0x51C8, 0x49C8,
    0x51C8, 0x51C9, 0x51E9, 0x51E9, 0x51C9, 0x51C9, 0x51C9, 0x51C9, 0x51C9, 0x51C9, 0x51C9, 0x51C9,
    0x51C9, 0x51C9, 0x51C9, 0x51C9, 0x2905, 0x3105, 0x3125, 0x3125, 0x3946, 0x3146, 0x3126, 0x3125,
    0x3146, 0x3946, 0x3946, 0x3946, 0x3946, 0x3946, 0x3946, 0x3946, 0x3966, 0x3966, 0x3946, 0x3146,
    0x3126, 0x3126, 0x3125, 0x3126, 0x3125, 0x3126, 0x3146, 0x3126, 0x3126, 0x3126, 0x3146, 0x3146,
    0x3966, 0x3966, 0x3946, 0x3946, 0x3146, 0x3126, 0x3146, 0x3966, 0x3946, 0x3946, 0x3966, 0x4187,
    0x4187, 0x3946, 0x3946, 0x3946, 0x3946, 0x3946, 0x3126, 0x3126, 0x3146, 0x3146, 0x3146, 0x3146,
    0x3146, 0x3966, 0x3967, 0x3146, 0x3126, 0x3126, 0x3946, 0x3946, 0x3946, 0x3125, 0x2905, 0x3126,
    0x3125, 0x3126, 0x3926, 0x3926, 0x3146, 0x3146, 0x3946, 0x3946, 0x3946, 0x49C8, 0x5A0A, 0x5A0A,
    0x59E9, 0x51C9, 0x51A9, 0x51C9, 0x51E9, 0x51E9, 0x51E9, 0x49A8, 0x4187, 0x4167, 0x4146, 0x4988,
    0x5A09, 0x624B, 0x6A8C, 0x6A6B, 0x624B, 0x624B, 0x622A, 0x622A, 0x5A2A, 0x5A0A, 0x5A0A, 0x5A0A,
    0x51E9, 0x5A09, 0x5A2A, 0x5A0A, 0x5A0A, 0x59EA, 0x59EA, 0x5A0A, 0x5A2A, 0x6A6B, 0x72CD, 0x72AD,
    0x728C, 0x6A4B, 0x622B, 0x59EA, 0x49C8, 0x49A8, 0x3947, 0x3926, 0x3946, 0x3946, 0x4167, 0x4167,
    0x4167, 0x3967, 0x3946, 0x3946, 0x3926, 0x3126, 0x3146, 0x3146, 0x3146, 0x3146, 0x3126, 0x3126,
    0x3126, 0x3126, 0x3146, 0x3126, 0x3946, 0x3967, 0x3966, 0x3946, 0x3125, 0x3125, 0x3146, 0x3125,
    0x2905, 0x3125, 0x3125, 0x3125, 0x3125, 0x3125, 0x3146, 0x3966, 0x3946, 0x3126, 0x3126, 0x4167,
    0x51E9, 0x51C9, 0x49C8, 0x49A8, 0x49A9, 0x49C9, 0x49A8, 0x49A8, 0x49A8, 0x49C9, 0x51C9, 0x51C9,
    0x49C9, 0x49A8, 0x49C9, 0x51C9, 0x51C9, 0x51C9, 0x51C9, 0x51C9, 0x51C9, 0x51C9, 0x51E9, 0x51E9,
    0x51E9, 0x59E9, 0x59EA, 0x59EA, 0x59EA, 0x59EA, 0x5A0A, 0x5A0A, 0x5A0A, 0x5A0A, 0x5A0A, 0x5A0A,
    0x59E9, 0x5A09, 0x59E9, 0x59EA, 0x59EA, 0x59EA, 0x59E9, 0x59E9, 0x59E9, 0x51C9, 0x51C9, 0x51C9,
    0x51C9, 0x51C9, 0x51C9, 0x51C9, 0x51A9, 0x51C9, 0x51C9, 0x51C9, 0x51C9, 0x51C9, 0x59E9, 0x59EA,
    0x5A0A, 0x5A0A, 0x5A0A, 0x622A, 0x622A, 0x622A, 0x622A, 0x622A, 0x5A09, 0x51C9, 0x51C9, 0x51C9,
    0x51E9, 0x51E9, 0x49A8, 0x4187, 0x4988, 0x49A8, 0x49A8, 0x49A8, 0x4987, 0x4988, 0x4187, 0x4187,
    0x4187, 0x4987, 0x4987, 0x4187, 0x4187, 0x4167, 0x3947, 0x3126, 0x3125, 0x3125, 0x3125, 0x3105,
    0x3105, 0x3105, 0x3105, 0x3125, 0x3125, 0x3125, 0x3125, 0x3126, 0x3125, 0x3126, 0x3126, 0x3125,
    0x3126, 0x3126, 0x3125, 0x3126, 0x3946, 0x3946, 0x4167, 0x4187, 0x41A8, 0x49C8, 0x51E9, 0x51E9,
    0x51E9, 0x51E9, 0x51E9, 0x51E9, 0x51E9, 0x51E9, 0x51E9, 0x51E9, 0x51E9, 0x51E9, 0x59E9, 0x59E9,
    0x59E9, 0x51E9, 0x51C9, 0x51C9, 0x51C9, 0x51C9, 0x51C9, 0x51E9, 0x51E9, 0x49A8, 0x49A8, 0x49C8,
    0x49C8, 0x49C8, 0x49C8, 0x49C8, 0x49C8, 0x49A8, 0x49A8, 0x49C8, 0x49C8, 0x49C8, 0x49C8, 0x49C8,
    0x49A8, 0x49A8, 0x49A8, 0x51C8, 0x51C8, 0x51C8, 0x49A8, 0x49A8, 0x49A8, 0x49A8, 0x49A8, 0x49A8,
    0x49A8, 0x49A8, 0x49A8, 0x49A8, 0x49A8, 0x49A8, 0x49A8, 0x49A8, 0x49A8, 0x49A8, 0x49A8, 0x49A8,
    0x51C9, 0x51E9, 0x51E9, 0x51E9, 0x51E9, 0x51E9, 0x51E9, 0x51C8, 0x51E9, 0x51E9, 0x51C9, 0x51E9,
    0x5A0A, 0x5A0A, 0x59EA, 0x5A0A, 0x59E9, 0x59E9, 0x59E9, 0x59E9, 0x59EA, 0x59EA, 0x5A0A, 0x5A0A,
    0x5A0A, 0x5A0A, 0x5A0A, 0x5A0A, 0x5A0A, 0x5A0A, 0x5A0A, 0x59E9, 0x51E9, 0x51E9, 0x51E9, 0x51E9,
    0x51E9, 0x51E9, 0x51E9, 0x59E9, 0x5A0A, 0x5A0A, 0x51EA, 0x51EA, 0x51EA, 0x51EA, 0x51EA, 0x51EA,
    0x51EA, 0x51EA, 0x51E9, 0x51E9, 0x51E9, 0x51E9, 0x51E9, 0x51E9, 0x2905, 0x3105, 0x3125, 0x3946,
    0x3946, 0x3146, 0x3126, 0x3146, 0x3946, 0x3946, 0x3126, 0x3126, 0x3946, 0x3946, 0x3946, 0x3946,
    0x3966, 0x3966, 0x3966, 0x3146, 0x3126, 0x3146, 0x3125, 0x3126, 0x3126, 0x3125, 0x3126, 0x3126,
    0x3126, 0x3126, 0x3126, 0x3146, 0x3946, 0x3966, 0x3946, 0x3946, 0x3126, 0x3126, 0x3126, 0x3146,
    0x3146, 0x3146, 0x3946, 0x4187, 0x3967, 0x3946, 0x3946, 0x3946, 0x3946, 0x3946, 0x3126, 0x3126,
    0x3126, 0x3146, 0x3146, 0x3146, 0x3146, 0x3966, 0x3967, 0x3946, 0x3126, 0x3126, 0x3926, 0x3946,
    0x3946, 0x3125, 0x2905, 0x3126, 0x3126, 0x3946, 0x3946, 0x3926, 0x3125, 0x3126, 0x3946, 0x3946,
    0x4187, 0x51E9, 0x5A09, 0x59E9, 0x51C9, 0x49A9, 0x49A9, 0x51C9, 0x51C9, 0x51E9, 0x51C9, 0x49A8,
    0x49A8, 0x51C9, 0x51C9, 0x5209, 0x5A2A, 0x51E9, 0x4167, 0x3946, 0x3946, 0x3946, 0x3146, 0x3966,
    0x3946, 0x3946, 0x3146, 0x3146, 0x3125, 0x3125, 0x3966, 0x4987, 0x49A8, 0x49A8, 0x49A8, 0x49A8,
    0x49C8, 0x51E9, 0x5A2A, 0x624B, 0x6A6B, 0x6A6B, 0x6A6B, 0x622A, 0x51E9, 0x49A8, 0x4167, 0x3946,
    0x3946, 0x3967, 0x4167, 0x4167, 0x3946, 0x3946, 0x3946, 0x3926, 0x3926, 0x3125, 0x3126, 0x3126,
    0x3146, 0x3126, 0x3146, 0x3146, 0x3146, 0x3126, 0x3146, 0x3126, 0x3146, 0x3967, 0x3967, 0x3966,
    0x3125, 0x3125, 0x3125, 0x3125, 0x3125, 0x3125, 0x3125, 0x3125, 0x3105, 0x3105, 0x3146, 0x3966,
    0x3146, 0x3126, 0x3125, 0x3946, 0x49C8, 0x49C8, 0x51C8, 0x49C8, 0x49C9, 0x49C9, 0x49C9, 0x51C9,
    0x51C9, 0x51C9, 0x51C9, 0x51C8, 0x51C9, 0x51C9, 0x51E9, 0x51E9, 0x51E9, 0x51C9, 0x51E9, 0x51E9,
    0x59E9, 0x59E9, 0x5A0A, 0x5A0A, 0x5A0A, 0x5A0A, 0x620A, 0x622A, 0x622A, 0x622A, 0x622A, 0x622A,
    0x622B, 0x622A, 0x622A, 0x5A2A, 0x5A0A, 0x622A, 0x622A, 0x622A, 0x622A, 0x620A, 0x620A, 0x622A,
    0x622B, 0x622B, 0x622A, 0x620A, 0x5A0A, 0x5A0A, 0x5A0A, 0x59E9, 0x59E9, 0x59C9, 0x59E9, 0x59EA,
    0x5A0A, 0x620A, 0x622A, 0x622A, 0x622A, 0x622A, 0x622A, 0x624A, 0x624A, 0x622A, 0x622A, 0x622A,
    0x5A0A, 0x51C9, 0x51C8, 0x51C9, 0x49C8, 0x41A7, 0x4167, 0x4187, 0x49A8, 0x49A8, 0x49A8, 0x49A8,
    0x4987, 0x4988, 0x4187, 0x4187, 0x4187, 0x4167, 0x3966, 0x3946, 0x3126, 0x3126, 0x3126, 0x3105,
    0x3125, 0x3125, 0x3125, 0x3125, 0x3126, 0x3125, 0x3125, 0x3125, 0x3125, 0x3125, 0x3126, 0x3126,
    0x3125, 0x3125, 0x3125, 0x3125, 0x3125, 0x3125, 0x3125, 0x2905, 0x3105, 0x3105, 0x3125, 0x3146,
    0x3967, 0x41A8, 0x49C8, 0x49C8, 0x49C8, 0x51E9, 0x51C9, 0x51C9, 0x51E9, 0x51E9, 0x51E9, 0x51E9,
    0x51E9, 0x51E9, 0x59E9, 0x59E9, 0x59E9, 0x51E9, 0x51C9, 0x51C9, 0x51C9, 0x51C9, 0x51E9, 0x51E9,
    0x51E9, 0x49C9, 0x49A8, 0x49C8, 0x49C8, 0x49C8, 0x49A8, 0x49C8, 0x49C8, 0x49A8, 0x49A8, 0x49A8,
    0x49A8, 0x49A8, 0x49A8, 0x51A8, 0x51C8, 0x51C8, 0x51C8, 0x49A8, 0x49A8, 0x49A8, 0x51C8, 0x49A8,
    0x49A8, 0x49A8, 0x49A8, 0x49A8, 0x49C8, 0x49C8, 0x49C8, 0x49A8, 0x49A8, 0x49C8, 0x49C8, 0x49A8,
    0x49A8, 0x49A8, 0x49A8, 0x51A8, 0x51C9, 0x51E9, 0x51E9, 0x51E9, 0x51E9, 0x51E9, 0x51E9, 0x51E9,
    0x51E9, 0x51E9, 0x59E9, 0x5A0A, 0x5A0A, 0x5A0A, 0x5A0A, 0x5A2A, 0x5A0A, 0x5A0A, 0x5A0A, 0x620A,
    0x622B, 0x622B, 0x622B, 0x622B, 0x622B, 0x622B, 0x624B, 0x622B, 0x622B, 0x622B, 0x622A, 0x5A0A,
    0x5A0A, 0x5A0A, 0x5A0A, 0x5A0A, 0x5A0A, 0x5A0A, 0x5A0A, 0x5A0A, 0x5A0A, 0x5A0A, 0x5A0A, 0x59EA,
    0x59EA, 0x59EA, 0x51EA, 0x51EA, 0x51EA, 0x59EA, 0x51EA, 0x51E9, 0x51E9, 0x51E9, 0x51E9, 0x51E9,
    0x3126, 0x3126, 0x3946, 0x4167, 0x4167, 0x3146, 0x3146, 0x3126, 0x3126, 0x3126, 0x3126, 0x3125,
    0x3126, 0x3946, 0x3946, 0x3946, 0x3946, 0x3946, 0x3946, 0x3946, 0x3946, 0x3946, 0x3946, 0x3146,
    0x3126, 0x3126, 0x3126, 0x3126, 0x3126, 0x3146, 0x3146, 0x3146, 0x3946, 0x3966, 0x3946, 0x3146,
    0x3126, 0x3126, 0x3126, 0x3125, 0x3126, 0x3126, 0x3146, 0x3966, 0x3966, 0x3946, 0x3967, 0x3967,
    0x3967, 0x3946, 0x3126, 0x3126, 0x3126, 0x3146, 0x3146, 0x3946, 0x3966, 0x3946, 0x3946, 0x3946,
    0x3946, 0x3946, 0x3946, 0x3946, 0x3946, 0x3126, 0x3125, 0x3105, 0x4988, 0x59E9, 0x51E9, 0x51C8,
    0x4987, 0x3926, 0x3105, 0x3946, 0x49A8, 0x51E9, 0x51C9, 0x51C8, 0x49C8, 0x49C9, 0x49A8, 0x4988,
    0x4188, 0x49A8, 0x4187, 0x4167, 0x51E9, 0x6A8C, 0x7ACD, 0x626B, 0x3946, 0x20A3, 0x18A3, 0x18A3,
    0x18A3, 0x0861, 0x0821, 0x0821, 0x0841, 0x0841, 0x0841, 0x0841, 0x0841, 0x0841, 0x1062, 0x2905,
    0x41A8, 0x49C8, 0x49A8, 0x49A8, 0x49A8, 0x49A8, 0x49A8, 0x51C8, 0x59E9, 0x59E9, 0x5A0A, 0x624B,
    0x6A6B, 0x622A, 0x49A8, 0x3926, 0x3946, 0x3967, 0x3967, 0x3966, 0x3946, 0x3946, 0x3926, 0x3926,
    0x3126, 0x3125, 0x2905, 0x2925, 0x2925, 0x2925, 0x3125, 0x3126, 0x3126, 0x3126, 0x3126, 0x3125,
    0x3146, 0x3946, 0x3966, 0x3967, 0x3146, 0x3125, 0x3125, 0x3125, 0x3125, 0x3146, 0x3125, 0x3125,
    0x2905, 0x2905, 0x3125, 0x3146, 0x3146, 0x3126, 0x3126, 0x3125, 0x3946, 0x4187, 0x49C8, 0x51C9,
    0x49C8, 0x49A8, 0x49C9, 0x51C9, 0x51C9, 0x51C9, 0x51C9, 0x49C8, 0x51E9, 0x51E9, 0x5A09, 0x5A0A,
    0x5A09, 0x5A0A, 0x622A, 0x5A0A, 0x622B, 0x624B, 0x6A4B, 0x6A4B, 0x6A4B, 0x6A4B, 0x6A4B, 0x6A6B,
    0x6A4B, 0x6A4B, 0x6A4B, 0x6A4B, 0x6A4B, 0x6A4B, 0x6A4B, 0x6A4B, 0x6A4B, 0x6A4B, 0x6A6B, 0x6A8B,
    0x6A8B, 0x6A6B, 0x6A4B, 0x622A, 0x5A0A, 0x5A09, 0x59E9, 0x59E9, 0x59E9, 0x5A0A, 0x622A, 0x5A0A,
    0x5A0A, 0x5A0A, 0x5A2A, 0x622B, 0x624B, 0x6A6B, 0x6A6B, 0x6A4B, 0x624B, 0x622A, 0x620A, 0x59E9,
    0x51C9, 0x51C9, 0x51C8, 0x51C8, 0x49C8, 0x49A8, 0x49A8, 0x4187, 0x4187, 0x4167, 0x4167, 0x4187,
    0x4187, 0x4187, 0x4187, 0x4187, 0x4187, 0x4187, 0x4167, 0x3967, 0x3946, 0x3126, 0x3105, 0x3105,
    0x3125, 0x3125, 0x2905, 0x3125, 0x3145, 0x2905, 0x2905, 0x2905, 0x2905, 0x2925, 0x3125, 0x3126,
    0x3126, 0x3126, 0x3126, 0x3126, 0x3126, 0x3125, 0x3125, 0x3125, 0x3125, 0x3125, 0x3125, 0x3125,
    0x3125, 0x3125, 0x3125, 0x3125, 0x3126, 0x3146, 0x3966, 0x4187, 0x49C8, 0x51E9, 0x51C8, 0x51C9,
    0x51C9, 0x51E9, 0x51E9, 0x51E9, 0x51E9, 0x51E9, 0x51C9, 0x51C9, 0x59E9, 0x51E9, 0x51C9, 0x51C9,
    0x51E9, 0x51E9, 0x51E9, 0x51E9, 0x51C9, 0x49C9, 0x49A8, 0x49C8, 0x49C8, 0x49C8, 0x49A8, 0x49C8,
    0x49C8, 0x49A8, 0x49A8, 0x49A8, 0x49A8, 0x49A8, 0x49A8, 0x49A8, 0x49A8, 0x49A8, 0x49A8, 0x49A8,
    0x49A8, 0x49A8, 0x51C8, 0x51A8, 0x49A8, 0x49A8, 0x49A8, 0x51C8, 0x49C8, 0x49C8, 0x49C8, 0x49C8,
    0x49C8, 0x49C8, 0x49C8, 0x49A8, 0x49A8, 0x49A8, 0x49A8, 0x49A8, 0x51C8, 0x51E9, 0x51E9, 0x51E9,
    0x51E9, 0x51E9, 0x51E9, 0x51E9, 0x5A09, 0x5A0A, 0x5A0A, 0x5A0A, 0x622A, 0x622A, 0x622A, 0x622A,
    0x622A, 0x622B, 0x6A4B, 0x6A4B, 0x622B, 0x6A4B, 0x6A4B, 0x6A4B, 0x6A4B, 0x6A4B, 0x6A4B, 0x6A4B,
    0x624B, 0x622B, 0x622B, 0x622B, 0x622A, 0x622B, 0x622A, 0x622B, 0x622B, 0x622B, 0x624B, 0x622B,
    0x620A, 0x5A0A, 0x5A0A, 0x5A0A, 0x59EA, 0x51EA, 0x51EA, 0x51EA, 0x51EA, 0x51E9, 0x51C9, 0x51C9,
    0x51E9, 0x51E9, 0x51C9, 0x51C9, 0x3946, 0x3946, 0x4167, 0x4167, 0x3967, 0x3146, 0x3126, 0x3125,
    0x2905, 0x3125, 0x3126, 0x3126, 0x2925, 0x3125, 0x3926, 0x3946, 0x3946, 0x3946, 0x3946, 0x3946,
    0x3946, 0x4146, 0x3966, 0x3946, 0x3126, 0x3126, 0x3126, 0x3126, 0x3126, 0x3146, 0x3146, 0x3146,
    0x3966, 0x3966, 0x3946, 0x3126, 0x3126, 0x3126, 0x3126, 0x3125, 0x3125, 0x3125, 0x3126, 0x3946,
    0x3946, 0x3946, 0x3946, 0x3946, 0x3966, 0x3926, 0x3126, 0x3126, 0x3126, 0x3146, 0x3146, 0x3946,
    0x3946, 0x3946, 0x3946, 0x3946, 0x3946, 0x3967, 0x3967, 0x3966, 0x3946, 0x3946, 0x3946, 0x3946,
    0x5A0A, 0x6A4B, 0x6A4B, 0x624B, 0x5A2A, 0x4987, 0x3926, 0x4146, 0x51A8, 0x51C8, 0x51C8, 0x49A8,
    0x49A8, 0x49A8, 0x4988, 0x4187, 0x4187, 0x4187, 0x4187, 0x49A8, 0x622A, 0x7AAD, 0x830E, 0x626B,
    0x1883, 0x0000, 0x1082, 0x18C3, 0x18A3, 0x0821, 0x0820, 0x0841, 0x0841, 0x0820, 0x0020, 0x0820,
    0x0020, 0x0000, 0x0000, 0x0841, 0x3146, 0x49C8, 0x49C8, 0x49A8, 0x49A8, 0x4988, 0x4987, 0x4187,
    0x4987, 0x4987, 0x51A8, 0x5A0A, 0x6A6B, 0x6A6B, 0x51E9, 0x3946, 0x3946, 0x3966, 0x3966, 0x3946,
    0x3126, 0x3125, 0x3125, 0x3126, 0x3126, 0x3125, 0x2905, 0x2905, 0x2905, 0x2905, 0x2905, 0x3125,
    0x3126, 0x3126, 0x3126, 0x3125, 0x3146, 0x3146, 0x3146, 0x3966, 0x3146, 0x3146, 0x3146, 0x3145,
    0x3125, 0x3146, 0x3145, 0x3126, 0x3125, 0x2905, 0x2905, 0x3126, 0x3126, 0x3126, 0x3126, 0x3125,
    0x3105, 0x3946, 0x4188, 0x49C8, 0x49C8, 0x49A8, 0x49C9, 0x51C9, 0x51C9, 0x51C9, 0x51C9, 0x49C9,
    0x51E9, 0x5A09, 0x5A0A, 0x5A2A, 0x5A0A, 0x620A, 0x622B, 0x622A, 0x6A4B, 0x6A6B, 0x6A6B, 0x6A6C,
    0x6A6C, 0x6A6C, 0x6A6C, 0x6A6C, 0x6A6C, 0x6A6B, 0x6A6C, 0x6A4B, 0x6A4B, 0x6A4B, 0x6A4B, 0x6A4B,
    0x6A6B, 0x6A6B, 0x6A6B, 0x6A8B, 0x6A8B, 0x6A6B, 0x624A, 0x51E9, 0x49A8, 0x4187, 0x4187, 0x4987,
    0x4988, 0x51C9, 0x5A0A, 0x59EA, 0x59E9, 0x59E9, 0x5A0A, 0x622A, 0x622B, 0x624B, 0x622B, 0x622A,
    0x5A0A, 0x5A0A, 0x51C9, 0x4988, 0x4167, 0x4167, 0x4167, 0x4167, 0x4167, 0x3967, 0x3967, 0x3946,
    0x3946, 0x4167, 0x4167, 0x4167, 0x4167, 0x4167, 0x4167, 0x4167, 0x4167, 0x4167, 0x3946, 0x3125,
    0x3105, 0x3105, 0x3105, 0x3125, 0x3125, 0x3146, 0x3125, 0x2905, 0x20E4, 0x18A3, 0x1883, 0x18A3,
    0x18A3, 0x20E4, 0x2905, 0x3146, 0x3146, 0x3126, 0x3126, 0x3126, 0x3126, 0x3125, 0x3125, 0x3125,
    0x3125, 0x3125, 0x3125, 0x3125, 0x3125, 0x3125, 0x3126, 0x3125, 0x3125, 0x2905, 0x3105, 0x3946,
    0x41A8, 0x49C8, 0x51C8, 0x51C9, 0x51C9, 0x51C9, 0x51C9, 0x51E9, 0x51E9, 0x51E9, 0x51C9, 0x51C9,
    0x51C9, 0x51C9, 0x51C9, 0x51C9, 0x51C9, 0x51E9, 0x51E9, 0x51E9, 0x51C9, 0x49C9, 0x49A8, 0x49C8,
    0x49C8, 0x49C8, 0x49C8, 0x49C8, 0x49C8, 0x49C8, 0x49A8, 0x49A8, 0x49A8, 0x49A8, 0x49A8, 0x49A8,
    0x49A8, 0x49A8, 0x49A8, 0x51C8, 0x51C8, 0x51C8, 0x51C8, 0x51C8, 0x51C8, 0x49A8, 0x49A8, 0x51C8,
    0x49C8, 0x49C8, 0x49C8, 0x49C8, 0x49C8, 0x49C8, 0x49C8, 0x49C8, 0x49C8, 0x49C8, 0x49C8, 0x49C8,
    0x51C8, 0x51E9, 0x51E9, 0x51E9, 0x51E9, 0x51E9, 0x5209, 0x5A09, 0x5A0A, 0x5A0A, 0x622A, 0x622A,
    0x622B, 0x624B, 0x622B, 0x622B, 0x622B, 0x6A4B, 0x6A4B, 0x6A4B, 0x6A4B, 0x6A4B, 0x6A4B, 0x6A4B,
    0x6A4B, 0x6A4C, 0x6A4C, 0x6A4C, 0x6A4C, 0x6A4C, 0x6A4C, 0x6A2B, 0x624B, 0x624B, 0x622B, 0x6A4B,
    0x6A4B, 0x6A4B, 0x6A4B, 0x622B, 0x620A, 0x5A0A, 0x5A0A, 0x5A0A, 0x51EA, 0x51E9, 0x51C9, 0x51E9,
    0x51E9, 0x51C9, 0x51C9, 0x51C9, 0x51C9, 0x51C9, 0x51C9, 0x51C9, 0x3946, 0x3966, 0x3946, 0x3946,
    0x3146, 0x3126, 0x3125, 0x3125, 0x3125, 0x3126, 0x3126, 0x3146, 0x2925, 0x3125, 0x3146, 0x3946,
    0x3946, 0x3946, 0x3967, 0x4167, 0x4167, 0x4167, 0x3946, 0x3946, 0x3146, 0x3126, 0x3126, 0x3126,
    0x3126, 0x3146, 0x3146, 0x3946, 0x3966, 0x3966, 0x3946, 0x3126, 0x3126, 0x3126, 0x3126, 0x3126,
    0x3126, 0x3126, 0x3126, 0x3126, 0x3146, 0x3146, 0x3126, 0x3126, 0x3126, 0x3126, 0x3126, 0x3126,
    0x3126, 0x3126, 0x3146, 0x3126, 0x3126, 0x3946, 0x3966, 0x3967, 0x3967, 0x3946, 0x3146, 0x3146,
    0x3146, 0x3946, 0x4167, 0x51C8, 0x6A4B, 0x622A, 0x59E9, 0x622A, 0x624B, 0x622A, 0x5A0A, 0x5A0A,
    0x59E9, 0x49A8, 0x4988, 0x49A8, 0x4187, 0x4187, 0x4187, 0x4187, 0x4187, 0x4167, 0x4187, 0x5A09,
    0x6A6B, 0x7A8C, 0x728C, 0x51E9, 0x1062, 0x0000, 0x0841, 0x2905, 0x3946, 0x3126, 0x41A7, 0x49C8,
    0x4187, 0x4187, 0x3967, 0x4187, 0x3966, 0x2925, 0x1062, 0x0000, 0x1062, 0x3146, 0x49E8, 0x49C8,
    0x4187, 0x4987, 0x4988, 0x4987, 0x4988, 0x49A8, 0x51C8, 0x59E9, 0x622A, 0x6A4B, 0x624B, 0x51E9,
    0x4167, 0x3946, 0x3946, 0x3146, 0x3125, 0x3125, 0x3125, 0x3125, 0x2905, 0x2905, 0x2905, 0x2905,
    0x2905, 0x2905, 0x2925, 0x3125, 0x3146, 0x3946, 0x3946, 0x3146, 0x3125, 0x3126, 0x3125, 0x3126,
    0x3125, 0x3125, 0x3146, 0x3126, 0x3125, 0x3126, 0x3126, 0x3126, 0x3126, 0x3125, 0x3105, 0x2905,
    0x2905, 0x3125, 0x3125, 0x3125, 0x3125, 0x3146, 0x3967, 0x49A8, 0x49C8, 0x49C8, 0x49C9, 0x51C9,
    0x51C9, 0x51C9, 0x51C9, 0x51C9, 0x51C9, 0x51C9, 0x51C9, 0x59E9, 0x59E9, 0x59E9, 0x59EA, 0x5A0A,
    0x620A, 0x622A, 0x624B, 0x6A4B, 0x6A4B, 0x6A4B, 0x6A4B, 0x6A6B, 0x6A6C, 0x726C, 0x726C, 0x726C,
    0x726C, 0x6A6B, 0x6A6C, 0x6A6B, 0x6A4B, 0x5A0A, 0x51C9, 0x49C8, 0x49C8, 0x49C8, 0x4187, 0x4167,
    0x3967, 0x3946, 0x3946, 0x4167, 0x4167, 0x4167, 0x4187, 0x4988, 0x4988, 0x4987, 0x4987, 0x4987,
    0x4988, 0x49A8, 0x49A8, 0x4987, 0x4187, 0x4987, 0x4187, 0x4167, 0x4167, 0x4167, 0x4167, 0x3967,
    0x3967, 0x3947, 0x3947, 0x3946, 0x4167, 0x4167, 0x4167, 0x4167, 0x4167, 0x4167, 0x4147, 0x4147,
    0x3946, 0x3946, 0x3126, 0x3125, 0x3125, 0x3125, 0x3125, 0x3125, 0x3146, 0x3146, 0x3125, 0x18A3,
    0x0841, 0x0021, 0x0021, 0x0821, 0x0821, 0x0841, 0x0841, 0x18A3, 0x2925, 0x3146, 0x3146, 0x3126,
    0x3125, 0x3126, 0x3126, 0x3125, 0x3125, 0x3125, 0x3125, 0x3125, 0x3125, 0x3125, 0x3126, 0x3125,
    0x3125, 0x3125, 0x3125, 0x3126, 0x3946, 0x4187, 0x51C8, 0x51C9, 0x51C9, 0x49C9, 0x49C9, 0x51C9,
    0x51C9, 0x51C9, 0x51E9, 0x51C9, 0x51E9, 0x51E9, 0x51E9, 0x51C9, 0x51C9, 0x51C9, 0x51C9, 0x51C9,
    0x51C9, 0x49C8, 0x49A8, 0x51C8, 0x51C8, 0x51C8, 0x49C8, 0x51C8, 0x51C8, 0x51C9, 0x51C9, 0x51C9,
    0x51C9, 0x51C9, 0x51E9, 0x51E9, 0x51E9, 0x51E9, 0x51E9, 0x51C9, 0x51C9, 0x51C8, 0x51C8, 0x51C8,
    0x49A8, 0x49A8, 0x49A8, 0x49C8, 0x49C8, 0x49A8, 0x49A8, 0x49C8, 0x49C8, 0x49C8, 0x51C8, 0x49C8,
    0x49C8, 0x51E8, 0x51E9, 0x51E9, 0x51E9, 0x51C9, 0x51E9, 0x51E9, 0x5A0A, 0x5A0A, 0x5A0A, 0x5A2A,
    0x622A, 0x622A, 0x624B, 0x6A6B, 0x624B, 0x624B, 0x6A4B, 0x6A4B, 0x6A4B, 0x6A4B, 0x6A4B, 0x6A4B,
    0x6A4B, 0x6A4B, 0x6A4B, 0x6A4B, 0x6A4B, 0x6A4B, 0x6A4C, 0x6A4C, 0x6A4C, 0x6A4C, 0x6A2B, 0x622B,
    0x624B, 0x624B, 0x624B, 0x622B, 0x622A, 0x620A, 0x620A, 0x5A0A, 0x5A0A, 0x59EA, 0x51E9, 0x51E9,
    0x51C9, 0x51C9, 0x51C9, 0x51C9, 0x51C9, 0x51C9, 0x51C9, 0x51C9, 0x51E9, 0x51E9, 0x51C9, 0x51C9,
    0x3966, 0x3146, 0x3146, 0x3126, 0x3125, 0x3126, 0x3126, 0x3126, 0x3126, 0x3125, 0x3125, 0x3125,
    0x3125, 0x3105, 0x3926, 0x3946, 0x3946, 0x3946, 0x4167, 0x4167, 0x4167, 0x3967, 0x3946, 0x3946,
    0x3146, 0x3146, 0x3125, 0x3126, 0x3146, 0x3146, 0x3946, 0x3946, 0x3946, 0x3946, 0x3946, 0x3126,
    0x3126, 0x3126, 0x3126, 0x3126, 0x3126, 0x3126, 0x3126, 0x3126, 0x3126, 0x3125, 0x3125, 0x3125,
    0x3126, 0x3125, 0x3126, 0x3126, 0x3126, 0x3126, 0x3126, 0x3126, 0x3146, 0x3966, 0x3967, 0x3967,
    0x3966, 0x3146, 0x3125, 0x3125, 0x3146, 0x3946, 0x4167, 0x59E9, 0x728C, 0x6A4B, 0x51C9, 0x59E9,
    0x6A4B, 0x728C, 0x728C, 0x728C, 0x622A, 0x4988, 0x4167, 0x4167, 0x4167, 0x4167, 0x4187, 0x4187,
    0x3967, 0x4167, 0x49A8, 0x622A, 0x6A6B, 0x6A6C, 0x624B, 0x4167, 0x1062, 0x0000, 0x1062, 0x41A7,
    0x5A2A, 0x6A6B, 0x72AD, 0x728C, 0x6A6C, 0x6A6C, 0x6A6C, 0x6A6B, 0x6A6B, 0x626B, 0x4187, 0x0821,
    0x0000, 0x1062, 0x4187, 0x51E9, 0x49A8, 0x49A8, 0x4988, 0x49A8, 0x49A8, 0x41A7, 0x4187, 0x49C9,
    0x622A, 0x6A6B, 0x6A6B, 0x6A4B, 0x51C9, 0x3126, 0x3126, 0x3146, 0x3126, 0x3105, 0x2905, 0x2905,
    0x2905, 0x2905, 0x2905, 0x2905, 0x2905, 0x2905, 0x2925, 0x3125, 0x3146, 0x3966, 0x3966, 0x3946,
    0x3126, 0x3126, 0x3126, 0x2925, 0x2925, 0x3125, 0x3126, 0x3126, 0x3126, 0x3126, 0x3126, 0x3125,
    0x3126, 0x3126, 0x3125, 0x2905, 0x28E5, 0x2905, 0x3125, 0x3146, 0x3146, 0x3146, 0x3946, 0x4187,
    0x49A8, 0x49A8, 0x51A8, 0x51C9, 0x51A9, 0x51C9, 0x51C8, 0x51A8, 0x51A8, 0x51A8, 0x49A8, 0x51A8,
    0x51C9, 0x51C9, 0x51C9, 0x59E9, 0x59E9, 0x5A09, 0x5A0A, 0x5A0A, 0x5A0A, 0x620A, 0x622A, 0x6A4B,
    0x6A6B, 0x6A6B, 0x6A8C, 0x6A8B, 0x6A8C, 0x6A8C, 0x6A8B, 0x6A6B, 0x5A09, 0x4988, 0x3946, 0x3126,
    0x3126, 0x3125, 0x2905, 0x3126, 0x3946, 0x3946, 0x3946, 0x3967, 0x3946, 0x3926, 0x3926, 0x3946,
    0x3966, 0x3946, 0x3105, 0x3105, 0x3126, 0x3946, 0x3126, 0x3125, 0x3126, 0x3946, 0x3966, 0x4167,
    0x4187, 0x4167, 0x4187, 0x4167, 0x4167, 0x4167, 0x4147, 0x4167, 0x4167, 0x4167, 0x4167, 0x4167,
    0x4147, 0x3946, 0x3926, 0x3126, 0x3125, 0x3125, 0x3125, 0x3125, 0x3125, 0x3125, 0x3126, 0x3146,
    0x3946, 0x3966, 0x3125, 0x1062, 0x0000, 0x0000, 0x0000, 0x0000, 0x0000, 0x0000, 0x0000, 0x0000,
    0x18A2, 0x2925, 0x3146, 0x3126, 0x3105, 0x3105, 0x3126, 0x2925, 0x2925, 0x2925, 0x3125, 0x3125,
    0x3125, 0x3125, 0x3125, 0x3125, 0x3125, 0x3125, 0x3125, 0x2905, 0x2905, 0x3946, 0x49A8, 0x51C9,
    0x51C9, 0x49C9, 0x49C9, 0x49A8, 0x49A8, 0x51C9, 0x51E9, 0x51E9, 0x51E9, 0x51E9, 0x51E9, 0x51C8,
    0x49A8, 0x49C8, 0x49C8, 0x49C8, 0x49C8, 0x49C8, 0x49C8, 0x51C8, 0x51E9, 0x51E9, 0x51C9, 0x51E9,
    0x51E9, 0x51E9, 0x51E9, 0x51E9, 0x5A0A, 0x5A0A, 0x5A0A, 0x5A09, 0x5A09, 0x5A09, 0x5A09, 0x51E9,
    0x51E9, 0x51E9, 0x51E9, 0x51C9, 0x49C8, 0x49A8, 0x49A8, 0x49A8, 0x49A8, 0x49A8, 0x51A8, 0x51C8,
    0x51C8, 0x51C9, 0x51C9, 0x51E9, 0x51E9, 0x51E9, 0x5209, 0x5209, 0x59E9, 0x59E9, 0x59E9, 0x5A0A,
    0x622A, 0x622A, 0x622A, 0x622A, 0x622A, 0x622B, 0x6A4B, 0x6A6C, 0x6A4B, 0x6A4B, 0x6A4B, 0x6A4B,
    0x6A4B, 0x6A4B, 0x6A4B, 0x6A4B, 0x6A4C, 0x6A4C, 0x6A4C, 0x6A4B, 0x6A4B, 0x6A4B, 0x6A4C, 0x6A4B,
    0x6A4B, 0x622B, 0x622B, 0x622B, 0x622B, 0x622B, 0x622B, 0x5A2A, 0x5A0A, 0x59E9, 0x59E9, 0x51E9,
    0x51E9, 0x51E9, 0x51C9, 0x49C8, 0x49C8, 0x51C8, 0x51C8, 0x51C9, 0x51C9, 0x51C9, 0x51C9, 0x51C8,
    0x51C9, 0x51C9, 0x51C9, 0x51C9, 0x3126, 0x3125, 0x3125, 0x3125, 0x3125, 0x3126, 0x3146, 0x3146,
    0x3146, 0x3126, 0x3126, 0x3126, 0x3105, 0x3126, 0x3946, 0x4167, 0x3967, 0x3946, 0x3946, 0x3946,
    0x3967, 0x3946, 0x3126, 0x3146, 0x3126, 0x3126, 0x3126, 0x3126, 0x3126, 0x3126, 0x3126, 0x3946,
    0x3946, 0x3967, 0x3946, 0x3146, 0x3146, 0x3126, 0x3126, 0x3126, 0x3126, 0x3126, 0x3126, 0x3126,
    0x3146, 0x3146, 0x3946, 0x3926, 0x3946, 0x3946, 0x3146, 0x3126, 0x3126, 0x3126, 0x3126, 0x3126,
    0x3146, 0x3146, 0x3146, 0x3146, 0x3146, 0x3146, 0x3126, 0x3126, 0x3146, 0x3926, 0x4167, 0x59E9,
    0x6A6B, 0x728C, 0x624A, 0x51E9, 0x59E9, 0x5A0A, 0x5A0A, 0x622A, 0x624A, 0x620A, 0x51C9, 0x4988,
    0x4167, 0x3967, 0x3966, 0x3946, 0x3946, 0x49A8, 0x59E9, 0x622A, 0x6A4B, 0x6A6C, 0x6A6B, 0x59E9,
    0x4167, 0x3125, 0x4187, 0x5A0A, 0x624B, 0x6A8C, 0x728D, 0x6A6C, 0x6A6C, 0x6A6C, 0x6A4B, 0x6A4B,
    0x6A6B, 0x728C, 0x5A2A, 0x3105, 0x0841, 0x0020, 0x28E4, 0x51E9, 0x622A, 0x51E9, 0x4987, 0x4187,
    0x3966, 0x20E4, 0x18A3, 0x20C4, 0x3125, 0x51E9, 0x624B, 0x622B, 0x5A0A, 0x4187, 0x3126, 0x3126,
    0x3146, 0x3125, 0x3105, 0x2905, 0x2905, 0x2905, 0x3126, 0x3125, 0x2905, 0x28E5, 0x2905, 0x3125,
    0x3146, 0x3966, 0x3946, 0x3946, 0x3946, 0x3126, 0x3146, 0x3146, 0x3146, 0x3126, 0x3126, 0x3126,
    0x3946, 0x3126, 0x3126, 0x3126, 0x3126, 0x3126, 0x3126, 0x3125, 0x2905, 0x2905, 0x3125, 0x3146,
    0x3146, 0x3146, 0x3146, 0x3946, 0x4166, 0x4167, 0x51A8, 0x5A0A, 0x5A0A, 0x51E9, 0x49C8, 0x51A8,
    0x51A9, 0x49A8, 0x49A8, 0x49A8, 0x49A9, 0x51C8, 0x51C8, 0x51C8, 0x51C9, 0x51C9, 0x51C9, 0x51C9,
    0x51E9, 0x51E9, 0x59E9, 0x5A0A, 0x5A0A, 0x5A0A, 0x5A2A, 0x5A0A, 0x5A2A, 0x5A2A, 0x51E9, 0x51C9,
    0x4187, 0x3946, 0x3946, 0x3126, 0x3126, 0x3126, 0x3146, 0x3966, 0x3966, 0x3946, 0x3946, 0x3966,
    0x3946, 0x3946, 0x3946, 0x3926, 0x3946, 0x3146, 0x3126, 0x3146, 0x3146, 0x3146, 0x3126, 0x3146,
    0x3966, 0x3946, 0x3946, 0x4167, 0x4187, 0x4167, 0x4187, 0x4167, 0x4167, 0x4147, 0x4147, 0x4147,
    0x3946, 0x3946, 0x3946, 0x3946, 0x3946, 0x3946, 0x3126, 0x3125, 0x3125, 0x3105, 0x3105, 0x3126,
    0x3126, 0x3146, 0x3146, 0x3946, 0x3946, 0x3946, 0x3125, 0x20C4, 0x18C3, 0x20C3, 0x20C4, 0x20C4,
    0x20C4, 0x20E4, 0x18A3, 0x0821, 0x0821, 0x1082, 0x20E4, 0x3146, 0x3126, 0x3105, 0x3105, 0x2905,
    0x2905, 0x2905, 0x3125, 0x3125, 0x3125, 0x3125, 0x3125, 0x3125, 0x3125, 0x3125, 0x3125, 0x3125,
    0x3125, 0x3126, 0x4167, 0x49A8, 0x49C9, 0x49C9, 0x49C9, 0x49A8, 0x49C9, 0x49C9, 0x51C9, 0x51C8,
    0x51C9, 0x51C9, 0x51C8, 0x49C8, 0x49C8, 0x49C8, 0x49C8, 0x49C8, 0x49C8, 0x49C8, 0x49C8, 0x49C8,
    0x51C8, 0x51E9, 0x51E9, 0x51E9, 0x51E9, 0x51E9, 0x51E9, 0x520A, 0x5A0A, 0x5A0A, 0x520A, 0x520A,
    0x59E9, 0x59E9, 0x59EA, 0x59E9, 0x59E9, 0x51E9, 0x51E9, 0x51E9, 0x51E9, 0x51C9, 0x51C8, 0x51C9,
    0x51C9, 0x51C9, 0x59E9, 0x59E9, 0x59E9, 0x59E9, 0x59E9, 0x59E9, 0x59E9, 0x5A0A, 0x622A, 0x5A2A,
    0x622A, 0x622A, 0x622A, 0x622A, 0x622A, 0x622B, 0x622B, 0x622B, 0x622B, 0x622B, 0x624B, 0x6A4B,
    0x6A4B, 0x6A4B, 0x6A4B, 0x6A4B, 0x6A4B, 0x6A4B, 0x6A4B, 0x6A4B, 0x6A4B, 0x6A4B, 0x6A4B, 0x6A4B,
    0x6A4B, 0x6A4B, 0x6A4B, 0x6A4B, 0x624B, 0x622B, 0x622B, 0x5A0A, 0x5A2A, 0x5A2A, 0x5A2A, 0x5A0A,
    0x59EA, 0x51E9, 0x51E9, 0x51E9, 0x51E9, 0x51E9, 0x51E9, 0x51E9, 0x51E9, 0x51E9, 0x51E9, 0x51C9,
    0x51C9, 0x51C9, 0x51C9, 0x51C8, 0x51C9, 0x51C9, 0x51E9, 0x51E9, 0x2905, 0x2905, 0x2905, 0x2905,
    0x3125, 0x3126, 0x3946, 0x3966, 0x3946, 0x3946, 0x3126, 0x3926, 0x3926, 0x3947, 0x4167, 0x4167,
    0x3967, 0x3966, 0x3946, 0x3946, 0x3946, 0x3126, 0x3126, 0x3126, 0x3125, 0x3126, 0x3126, 0x3126,
    0x3126, 0x3126, 0x3125, 0x3126, 0x3946, 0x3967, 0x3946, 0x3966, 0x3966, 0x3946, 0x3146, 0x3146,
    0x3126, 0x3126, 0x3126, 0x3126, 0x3146, 0x3946, 0x3946, 0x3946, 0x3946, 0x3946, 0x3946, 0x3126,
    0x3126, 0x3126, 0x3146, 0x3126, 0x3126, 0x3146, 0x3146, 0x3126, 0x3125, 0x3126, 0x3126, 0x3125,
    0x3126, 0x3126, 0x4167, 0x59E9, 0x728C, 0x7AAC, 0x72AC, 0x5A2A, 0x4967, 0x4147, 0x4187, 0x51E9,
    0x6A4B, 0x728C, 0x6A6C, 0x59E9, 0x4187, 0x3966, 0x3946, 0x3105, 0x4147, 0x59E9, 0x6A4B, 0x6A4B,
    0x6A4B, 0x726C, 0x728C, 0x728C, 0x72AC, 0x72AC, 0x72AC, 0x6A6B, 0x6A4C, 0x728C, 0x728D, 0x728C,
    0x726C, 0x6A6C, 0x728C, 0x728C, 0x728C, 0x72AD, 0x72CD, 0x5A6B, 0x2925, 0x0000, 0x1862, 0x5A0A,
    0x7AEE, 0x624B, 0x4167, 0x28E4, 0x1042, 0x0000, 0x0000, 0x0000, 0x0000, 0x20A3, 0x5209, 0x624B,
    0x624B, 0x51E9, 0x3126, 0x3126, 0x3946, 0x3126, 0x3125, 0x3125, 0x3125, 0x2905, 0x3146, 0x3125,
    0x28E5, 0x20C4, 0x28E4, 0x2925, 0x3146, 0x3946, 0x3946, 0x3966, 0x3967, 0x3926, 0x3926, 0x3946,
    0x3946, 0x3946, 0x3105, 0x3946, 0x3946, 0x3946, 0x3946, 0x3946, 0x3946, 0x3146, 0x3146, 0x3146,
    0x3126, 0x3125, 0x3126, 0x3125, 0x3146, 0x3146, 0x3125, 0x3125, 0x3125, 0x3926, 0x4988, 0x6A6C,
    0x6A8C, 0x59EA, 0x49A8, 0x49A9, 0x49A9, 0x49A8, 0x49A8, 0x49A8, 0x49A8, 0x49A8, 0x49A8, 0x4988,
    0x4187, 0x4187, 0x4988, 0x49A8, 0x49A8, 0x49A8, 0x49A8, 0x49A8, 0x51A8, 0x49A8, 0x49A8, 0x4988,
    0x49A8, 0x4187, 0x3126, 0x3105, 0x3105, 0x3946, 0x3126, 0x3126, 0x3126, 0x3946, 0x3967, 0x4167,
    0x4167, 0x3946, 0x3946, 0x3146, 0x3946, 0x3946, 0x3146, 0x3126, 0x3126, 0x3126, 0x3146, 0x3146,
    0x3126, 0x3125, 0x3126, 0x3126, 0x3966, 0x3146, 0x3126, 0x3967, 0x4167, 0x4167, 0x4167, 0x4167,
    0x4147, 0x4147, 0x4146, 0x3946, 0x3946, 0x3146, 0x3126, 0x3126, 0x3126, 0x3126, 0x3125, 0x3105,
    0x3105, 0x3126, 0x3946, 0x3946, 0x3946, 0x3946, 0x3946, 0x3946, 0x3946, 0x3926, 0x3946, 0x3946,
    0x3967, 0x4187, 0x4187, 0x41A7, 0x41A8, 0x49A8, 0x3966, 0x20C4, 0x1042, 0x0000, 0x0842, 0x3126,
    0x3946, 0x3926, 0x3126, 0x2905, 0x20E4, 0x28E4, 0x2905, 0x3125, 0x3125, 0x3125, 0x3125, 0x3125,
    0x3125, 0x3125, 0x3125, 0x3125, 0x3126, 0x3125, 0x3946, 0x49A8, 0x51C9, 0x49C9, 0x49C9, 0x51C9,
    0x51C9, 0x49A8, 0x49C8, 0x49C8, 0x49C8, 0x49C8, 0x49C8, 0x49C8, 0x49C8, 0x49C8, 0x49C8, 0x49C8,
    0x49C8, 0x49C8, 0x51C9, 0x51E9, 0x51E9, 0x51E9, 0x59E9, 0x59E9, 0x59E9, 0x51E9, 0x5A0A, 0x5A0A,
    0x5A0A, 0x5A0A, 0x5A0A, 0x59EA, 0x59E9, 0x59E9, 0x59E9, 0x59EA, 0x59E9, 0x59E9, 0x51E9, 0x51E9,
    0x5A0A, 0x59E9, 0x59E9, 0x59EA, 0x59EA, 0x620A, 0x622B, 0x622B, 0x620B, 0x622B, 0x622A, 0x622A,
    0x622A, 0x622B, 0x622B, 0x624B, 0x624A, 0x622A, 0x6A4B, 0x6A4B, 0x6A4B, 0x6A4B, 0x6A4B, 0x6A4B,
    0x6A4B, 0x6A4B, 0x6A4B, 0x6A2B, 0x622B, 0x622B, 0x622A, 0x622B, 0x622B, 0x622B, 0x622B, 0x622B,
    0x622B, 0x622B, 0x622B, 0x622B, 0x622B, 0x622B, 0x622B, 0x622B, 0x620A, 0x620A, 0x5A0A, 0x5A0A,
    0x51E9, 0x51E9, 0x51E9, 0x51E9, 0x51E9, 0x51E9, 0x51E9, 0x51E9, 0x51E9, 0x51C9, 0x51C9, 0x51E9,
    0x51E9, 0x51E9, 0x51E9, 0x51E9, 0x51E9, 0x51E9, 0x51E9, 0x51E9, 0x51E9, 0x59E9, 0x5A2A, 0x5A2A,
    0x2905, 0x3125, 0x2905, 0x2905, 0x3125, 0x3126, 0x3126, 0x3946, 0x3946, 0x3946, 0x3946, 0x3926,
    0x3946, 0x4146, 0x4167, 0x4167, 0x3967, 0x3946, 0x3946, 0x3146, 0x3146, 0x3126, 0x3126, 0x3126,
    0x3126, 0x3126, 0x3126, 0x3126, 0x3126, 0x3125, 0x3126, 0x3126, 0x3946, 0x3946, 0x3946, 0x3966,
    0x3966, 0x3946, 0x3946, 0x3946, 0x3146, 0x3126, 0x3126, 0x3126, 0x3146, 0x3966, 0x3946, 0x3946,
    0x3946, 0x3946, 0x3946, 0x3126, 0x3126, 0x3126, 0x3126, 0x3126, 0x3946, 0x3946, 0x3126, 0x3126,
    0x3126, 0x3126, 0x3126, 0x3126, 0x3146, 0x3126, 0x4146, 0x59E9, 0x728C, 0x728C, 0x728C, 0x6A6B,
    0x51E9, 0x4167, 0x4187, 0x4988, 0x59C9, 0x620A, 0x622A, 0x51E9, 0x4187, 0x3946, 0x3126, 0x3105,
    0x4988, 0x622A, 0x6A4B, 0x624B, 0x6A4B, 0x6A6B, 0x6A6B, 0x726C, 0x6A4C, 0x6A4C, 0x6A4B, 0x6A4B,
    0x6A4B, 0x6A4C, 0x726C, 0x6A6C, 0x6A4C, 0x726C, 0x728C, 0x728C, 0x728C, 0x6A4B, 0x59E9, 0x51E9,
    0x4187, 0x1883, 0x20A3, 0x5A0A, 0x7ACD, 0x622B, 0x4126, 0x1863, 0x1041, 0x1041, 0x1062, 0x0841,
    0x0000, 0x0821, 0x3146, 0x5A0A, 0x5A2B, 0x49A8, 0x3126, 0x3125, 0x3126, 0x3126, 0x3125, 0x3125,
    0x3125, 0x3125, 0x3146, 0x3125, 0x28E4, 0x20C4, 0x2905, 0x3125, 0x3146, 0x3946, 0x3946, 0x3946,
    0x3946, 0x3946, 0x3946, 0x3946, 0x3946, 0x3946, 0x3926, 0x3946, 0x3946, 0x3946, 0x3946, 0x3946,
    0x3946, 0x3946, 0x3946, 0x3946, 0x3126, 0x3105, 0x3105, 0x3125, 0x3125, 0x3146, 0x3146, 0x3146,
    0x3126, 0x3946, 0x51C9, 0x728D, 0x728C, 0x51A9, 0x4167, 0x4988, 0x49A8, 0x49C9, 0x49A8, 0x49A8,
    0x49A8, 0x49C8, 0x41A7, 0x4187, 0x4187, 0x4187, 0x49A8, 0x49A8, 0x49A8, 0x49C8, 0x49C8, 0x49C8,
    0x51C9, 0x49C8, 0x51C8, 0x49A8, 0x4187, 0x3946, 0x3126, 0x3126, 0x3146, 0x3146, 0x3126, 0x3126,
    0x3146, 0x3946, 0x3967, 0x4167, 0x4187, 0x3946, 0x3946, 0x3946, 0x3946, 0x3946, 0x3126, 0x3126,
    0x3126, 0x3126, 0x3126, 0x3146, 0x3126, 0x3126, 0x3146, 0x3146, 0x3966, 0x3946, 0x3946, 0x4187,
    0x4167, 0x4167, 0x4988, 0x4988, 0x4988, 0x4988, 0x4167, 0x3946, 0x3946, 0x3146, 0x3126, 0x3126,
    0x3126, 0x3126, 0x2905, 0x3125, 0x3946, 0x4187, 0x4187, 0x4147, 0x4147, 0x4167, 0x4167, 0x4167,
    0x4967, 0x4967, 0x4167, 0x4167, 0x4987, 0x4167, 0x4987, 0x4988, 0x49A8, 0x4988, 0x4167, 0x3946,
    0x3126, 0x1082, 0x1882, 0x3125, 0x3946, 0x3946, 0x3125, 0x20C4, 0x1082, 0x1082, 0x20E4, 0x3145,
    0x3126, 0x3126, 0x3125, 0x3125, 0x3125, 0x3125, 0x3125, 0x3125, 0x3125, 0x3105, 0x3946, 0x49A8,
    0x51C9, 0x49A9, 0x49A8, 0x51C9, 0x51C9, 0x51C9, 0x49C8, 0x49C8, 0x49C8, 0x49C8, 0x49C8, 0x49C8,
    0x49C8, 0x49C8, 0x49C8, 0x49A8, 0x49A8, 0x51C9, 0x51E9, 0x51E9, 0x51E9, 0x51E9, 0x59EA, 0x59EA,
    0x5A0A, 0x5A0A, 0x59EA, 0x59EA, 0x59EA, 0x59E9, 0x59E9, 0x59E9, 0x59EA, 0x59EA, 0x59EA, 0x5A0A,
    0x5A0A, 0x5A0A, 0x59EA, 0x59EA, 0x5A0A, 0x5A0A, 0x5A2A, 0x620A, 0x620A, 0x622B, 0x6A4B, 0x622B,
    0x622B, 0x622B, 0x622B, 0x622B, 0x622B, 0x622B, 0x622B, 0x6A2B, 0x622A, 0x622A, 0x622A, 0x622B,
    0x6A4B, 0x624B, 0x622B, 0x624B, 0x624B, 0x624B, 0x624B, 0x622B, 0x622A, 0x620A, 0x620A, 0x620A,
    0x620A, 0x620A, 0x620A, 0x620A, 0x620A, 0x5A0A, 0x5A0A, 0x5A0A, 0x5A0A, 0x5A0A, 0x5A0A, 0x5A0A,
    0x59EA, 0x5A0A, 0x5A0A, 0x5A0A, 0x51E9, 0x51E9, 0x51E9, 0x51E9, 0x51E9, 0x51E9, 0x51E9, 0x51E9,
    0x51E9, 0x51E9, 0x51EA, 0x51EA, 0x59EA, 0x59E9, 0x59EA, 0x5A0A, 0x5A0A, 0x5A0A, 0x5A0A, 0x5A0A,
    0x5A0A, 0x5A0A, 0x622A, 0x622A, 0x2905, 0x2905, 0x2905, 0x2905, 0x3125, 0x3125, 0x2905, 0x3105,
    0x3126, 0x3125, 0x3125, 0x3105, 0x3126, 0x3946, 0x3946, 0x3946, 0x3946, 0x3946, 0x3126, 0x3125,
    0x3125, 0x3126, 0x3126, 0x3126, 0x3126, 0x3126, 0x3126, 0x3126, 0x3126, 0x3126, 0x3125, 0x3125,
    0x3126, 0x3946, 0x3946, 0x3946, 0x3966, 0x4167, 0x3967, 0x3967, 0x3146, 0x3126, 0x3126, 0x3126,
    0x3146, 0x3966, 0x3946, 0x3946, 0x3946, 0x3126, 0x3125, 0x3126, 0x3126, 0x3126, 0x3126, 0x3146,
    0x3946, 0x3966, 0x3126, 0x3126, 0x3946, 0x3946, 0x3946, 0x3946, 0x3146, 0x3126, 0x3926, 0x51E9,
    0x6A6C, 0x728C, 0x728C, 0x728C, 0x6A6B, 0x59E9, 0x4988, 0x4167, 0x4967, 0x4988, 0x4988, 0x49C8,
    0x4187, 0x2905, 0x20C4, 0x3125, 0x5209, 0x6A6B, 0x6A6B, 0x6A6B, 0x624B, 0x622A, 0x624A, 0x6A6B,
    0x6A6C, 0x6A4C, 0x6A4B, 0x6A4B, 0x6A4B, 0x6A4B, 0x6A2B, 0x724C, 0x728C, 0x728C, 0x728C, 0x728C,
    0x72AC, 0x622A, 0x3906, 0x4126, 0x5A2B, 0x5A0A, 0x51A8, 0x622A, 0x6A6C, 0x59E9, 0x4167, 0x4987,
    0x5209, 0x5A4A, 0x626B, 0x4A09, 0x18A3, 0x0000, 0x18A3, 0x4188, 0x49C9, 0x3967, 0x3105, 0x3125,
    0x3126, 0x3126, 0x3146, 0x3146, 0x3126, 0x3126, 0x3126, 0x2905, 0x20C4, 0x20E4, 0x2904, 0x3125,
    0x3126, 0x3126, 0x3926, 0x3946, 0x3946, 0x3946, 0x3946, 0x3946, 0x3946, 0x3946, 0x3946, 0x3946,
    0x3946, 0x3946, 0x3946, 0x3946, 0x3967, 0x3967, 0x3946, 0x3946, 0x3946, 0x3125, 0x28E5, 0x3105,
    0x3146, 0x3146, 0x3146, 0x3146, 0x3126, 0x4187, 0x622A, 0x728D, 0x726C, 0x51A9, 0x38E5, 0x3946,
    0x4187, 0x49C8, 0x49C8, 0x51C8, 0x49C8, 0x4187, 0x4187, 0x3966, 0x4187, 0x41A7, 0x41A7, 0x41A7,
    0x49C8, 0x49C8, 0x49C8, 0x49C8, 0x49A8, 0x51E9, 0x51E9, 0x51C9, 0x4146, 0x3946, 0x3946, 0x3146,
    0x3126, 0x3146, 0x3146, 0x3946, 0x3967, 0x4167, 0x4167, 0x3946, 0x3126, 0x3146, 0x3946, 0x3946,
    0x3946, 0x3946, 0x3105, 0x3146, 0x3146, 0x3946, 0x3146, 0x3126, 0x3126, 0x3126, 0x3946, 0x3946,
    0x3946, 0x3946, 0x3946, 0x49A8, 0x5A2A, 0x622A, 0x6A6B, 0x626B, 0x624B, 0x6A8C, 0x624B, 0x49A8,
    0x3926, 0x3126, 0x3146, 0x3146, 0x3125, 0x2925, 0x2925, 0x3126, 0x51E9, 0x626B, 0x624B, 0x5A2A,
    0x5A0A, 0x620A, 0x622A, 0x622B, 0x622A, 0x622A, 0x624B, 0x624B, 0x624B, 0x5A0A, 0x59E9, 0x59E9,
    0x5A0A, 0x59E9, 0x51A8, 0x49A8, 0x3966, 0x3946, 0x3126, 0x3126, 0x3926, 0x3966, 0x28C4, 0x0021,
    0x0000, 0x0000, 0x0861, 0x2905, 0x3146, 0x3126, 0x3125, 0x3125, 0x3125, 0x3125, 0x3125, 0x3125,
    0x3125, 0x3125, 0x3946, 0x49A8, 0x51C9, 0x49A9, 0x49A8, 0x51C9, 0x51C9, 0x51C9, 0x49C8, 0x49C8,
    0x49C8, 0x49C8, 0x49A8, 0x49A8, 0x49A8, 0x49A8, 0x49A8, 0x49C8, 0x51C8, 0x51E9, 0x51E9, 0x51C9,
    0x51C9, 0x51C9, 0x59E9, 0x59EA, 0x5A0A, 0x5A0A, 0x59EA, 0x59EA, 0x59EA, 0x59EA, 0x59EA, 0x59EA,
    0x5A0A, 0x620A, 0x622B, 0x622B, 0x622B, 0x622B, 0x622A, 0x622A, 0x624B, 0x6A4B, 0x6A4B, 0x6A4B,
    0x6A4B, 0x6A4B, 0x6A4B, 0x6A4B, 0x6A4B, 0x6A4B, 0x622B, 0x622B, 0x622B, 0x622B, 0x622B, 0x622A,
    0x622A, 0x622A, 0x5A0A, 0x59EA, 0x59EA, 0x5A0A, 0x5A0A, 0x5A0A, 0x5A0A, 0x5A0A, 0x5A0A, 0x59EA,
    0x51E9, 0x59E9, 0x59E9, 0x59E9, 0x59E9, 0x59E9, 0x59E9, 0x59E9, 0x59E9, 0x59E9, 0x59E9, 0x59E9,
    0x51E9, 0x51E9, 0x59E9, 0x59E9, 0x51E9, 0x51E9, 0x51E9, 0x51E9, 0x5A09, 0x5A0A, 0x5A0A, 0x5A0A,
    0x5A0A, 0x5A0A, 0x5A0A, 0x5A0A, 0x5A0A, 0x5A0A, 0x622B, 0x622B, 0x622B, 0x622B, 0x622B, 0x622B,
    0x622B, 0x622B, 0x622B, 0x622A, 0x624A, 0x624B, 0x624B, 0x624B, 0x28E5, 0x2905, 0x2905, 0x2905,
    0x3125, 0x3125, 0x2905, 0x3105, 0x2905, 0x2905, 0x3105, 0x2905, 0x3125, 0x3126, 0x3946, 0x3946,
    0x3946, 0x3926, 0x3125, 0x3125, 0x3125, 0x3126, 0x3126, 0x3126, 0x3126, 0x3126, 0x3126, 0x3126,
    0x3126, 0x3126, 0x3126, 0x3125, 0x3126, 0x3946, 0x3946, 0x3946, 0x3966, 0x4167, 0x3967, 0x3967,
    0x3146, 0x3126, 0x3146, 0x3126, 0x3146, 0x3966, 0x3966, 0x3946, 0x3946, 0x3126, 0x3126, 0x3126,
    0x3126, 0x3126, 0x3126, 0x3126, 0x3946, 0x3946, 0x3946, 0x3946, 0x3946, 0x3967, 0x3966, 0x3946,
    0x3146, 0x3126, 0x3946, 0x51C8, 0x6A6B, 0x728C, 0x728C, 0x726C, 0x6A6B, 0x622A, 0x59E9, 0x49A8,
    0x49A8, 0x49A8, 0x49A8, 0x49A8, 0x3987, 0x3126, 0x28C4, 0x28E5, 0x49A8, 0x5A4A, 0x6A6B, 0x6A6B,
    0x622A, 0x49A8, 0x4987, 0x622A, 0x728C, 0x6A4C, 0x6A4B, 0x6A6B, 0x6A6B, 0x6A4B, 0x726C, 0x728C,
    0x728D, 0x728C, 0x728C, 0x6A6C, 0x728C, 0x6A6B, 0x4967, 0x4967, 0x622B, 0x622B, 0x622A, 0x624B,
    0x624B, 0x5A0A, 0x59E9, 0x59E9, 0x5A0A, 0x6A6B, 0x7AAD, 0x6A6B, 0x3146, 0x0020, 0x18A3, 0x3967,
    0x4188, 0x3946, 0x3126, 0x3126, 0x3146, 0x3146, 0x3146, 0x3126, 0x3126, 0x3126, 0x3125, 0x2905,
    0x20C4, 0x20C4, 0x28E4, 0x3125, 0x3125, 0x3125, 0x3126, 0x3946, 0x3946, 0x3946, 0x3946, 0x3946,
    0x3946, 0x3946, 0x3946, 0x3946, 0x3126, 0x3946, 0x3946, 0x3946, 0x3947, 0x3947, 0x3946, 0x3946,
    0x3946, 0x3126, 0x3125, 0x3125, 0x3146, 0x3146, 0x3146, 0x3146, 0x3146, 0x4187, 0x624B, 0x726C,
    0x7AAD, 0x622B, 0x4167, 0x3946, 0x4166, 0x4167, 0x49A8, 0x49C8, 0x49A8, 0x4187, 0x3967, 0x3967,
    0x4187, 0x4187, 0x41A7, 0x49A8, 0x49A8, 0x49C8, 0x49C8, 0x49A8, 0x49C8, 0x51C9, 0x622A, 0x624B,
    0x4988, 0x3926, 0x3946, 0x3966, 0x3126, 0x3146, 0x3946, 0x3967, 0x4167, 0x4167, 0x3946, 0x3946,
    0x3126, 0x3126, 0x3946, 0x3946, 0x3946, 0x3946, 0x3126, 0x3146, 0x3946, 0x3946, 0x3146, 0x3126,
    0x3126, 0x3126, 0x3946, 0x3926, 0x3926, 0x3926, 0x4167, 0x59E9, 0x624B, 0x624B, 0x622A, 0x59E9,
    0x620A, 0x6A6B, 0x72AC, 0x626B, 0x4988, 0x3946, 0x3126, 0x3105, 0x2905, 0x2905, 0x2905, 0x3126,
    0x49A8, 0x59E9, 0x622B, 0x6A8C, 0x6A8C, 0x6A6C, 0x728C, 0x6A8C, 0x6A6C, 0x6A6C, 0x6A6C, 0x728C,
    0x728C, 0x6A6B, 0x622A, 0x624B, 0x624A, 0x5A09, 0x59E9, 0x51E9, 0x4987, 0x4146, 0x4147, 0x4167,
    0x3946, 0x3946, 0x28E4, 0x1062, 0x1042, 0x1062, 0x0821, 0x1883, 0x3125, 0x3146, 0x3125, 0x3125,
    0x3125, 0x3125, 0x3125, 0x3125, 0x3125, 0x3126, 0x4167, 0x49A8, 0x51C9, 0x49A8, 0x49A8, 0x49A8,
    0x49A8, 0x49A8, 0x49A8, 0x49A8, 0x49A8, 0x51C8, 0x51C8, 0x51C8, 0x51C8, 0x49C8, 0x49C8, 0x51C9,
    0x51E9, 0x51E9, 0x51E9, 0x51E9, 0x51E9, 0x59E9, 0x59E9, 0x59EA, 0x59EA, 0x59EA, 0x59EA, 0x59EA,
    0x59EA, 0x59EA, 0x59EA, 0x59EA, 0x620A, 0x620A, 0x620A, 0x620A, 0x620A, 0x620A, 0x620A, 0x620A,
    0x622B, 0x622B, 0x622B, 0x6A2B, 0x6A4B, 0x624B, 0x622B, 0x6A2B, 0x6A2B, 0x622B, 0x622A, 0x622A,
    0x622A, 0x620A, 0x620A, 0x620A, 0x620A, 0x5A0A, 0x5A0A, 0x59EA, 0x59EA, 0x59EA, 0x59EA, 0x59EA,
    0x5A0A, 0x5A0A, 0x5A0A, 0x51E9, 0x51E9, 0x51E9, 0x51E9, 0x51E9, 0x51E9, 0x51E9, 0x51E9, 0x51E9,
    0x51E9, 0x51E9, 0x51E9, 0x51E9, 0x59E9, 0x51C9, 0x51E9, 0x59E9, 0x59E9, 0x51E9, 0x51E9, 0x51E9,
    0x59E9, 0x59E9, 0x59E9, 0x5A0A, 0x5A0A, 0x5A0A, 0x5A0A, 0x620A, 0x620A, 0x620B, 0x622B, 0x622B,
    0x622B, 0x622B, 0x622B, 0x622B, 0x622B, 0x622B, 0x622A, 0x622A, 0x622A, 0x622A, 0x624A, 0x624A,
    0x20C4, 0x28E4, 0x3125, 0x3125, 0x3125, 0x3105, 0x2905, 0x2905, 0x28E4, 0x28C4, 0x20C4, 0x20C4,
    0x28E4, 0x2905, 0x3126, 0x3126, 0x3126, 0x3126, 0x3125, 0x3125, 0x3126, 0x3126, 0x3125, 0x3125,
    0x3146, 0x3146, 0x3146, 0x3946, 0x3946, 0x3946, 0x3146, 0x3146, 0x3946, 0x3946, 0x3946, 0x3946,
    0x3946, 0x3946, 0x3966, 0x3966, 0x3146, 0x3126, 0x3126, 0x3126, 0x3946, 0x3966, 0x3146, 0x3126,
    0x3126, 0x3126, 0x3126, 0x3126, 0x3125, 0x3126, 0x3126, 0x3126, 0x3146, 0x3146, 0x3146, 0x3966,
    0x3966, 0x3966, 0x3946, 0x3126, 0x3125, 0x3126, 0x3125, 0x3946, 0x5A0A, 0x728C, 0x728C, 0x726C,
    0x6A6C, 0x6A6C, 0x6A6B, 0x622A, 0x49C8, 0x4187, 0x4187, 0x3146, 0x3946, 0x49A8, 0x3966, 0x28C4,
    0x28C4, 0x3105, 0x3946, 0x3126, 0x3966, 0x3125, 0x2083, 0x30E5, 0x5A09, 0x728C, 0x6A4B, 0x51A8,
    0x4988, 0x622A, 0x72AC, 0x72AC, 0x6A6C, 0x6A4B, 0x624B, 0x624B, 0x6A4B, 0x6A6B, 0x6A6B, 0x6A6B,
    0x6A6C, 0x624B, 0x622B, 0x6A4B, 0x6A4B, 0x624B, 0x624B, 0x624B, 0x622A, 0x620A, 0x6A2B, 0x622A,
    0x41A7, 0x18A3, 0x18A3, 0x3146, 0x3946, 0x3126, 0x3126, 0x3146, 0x3146, 0x3146, 0x3146, 0x3126,
    0x2905, 0x2905, 0x28E5, 0x20C4, 0x20C4, 0x20C4, 0x2905, 0x2925, 0x3125, 0x3125, 0x3125, 0x3126,
    0x3126, 0x3126, 0x3126, 0x3946, 0x3946, 0x3946, 0x3926, 0x3926, 0x3126, 0x3946, 0x3946, 0x3946,
    0x3946, 0x3946, 0x3946, 0x3946, 0x3946, 0x3946, 0x3946, 0x3146, 0x3126, 0x3146, 0x3146, 0x3126,
    0x3125, 0x3967, 0x622A, 0x728C, 0x7ACD, 0x7AAD, 0x624A, 0x4166, 0x4167, 0x3966, 0x41A8, 0x49C8,
    0x4987, 0x4187, 0x3126, 0x28E5, 0x3125, 0x3146, 0x3126, 0x3946, 0x3926, 0x3946, 0x4988, 0x49A8,
    0x51C8, 0x59E9, 0x728C, 0x72AC, 0x51C9, 0x3946, 0x3946, 0x3946, 0x3125, 0x3146, 0x3946, 0x4167,
    0x4167, 0x3946, 0x3946, 0x3146, 0x3125, 0x2905, 0x3125, 0x3926, 0x3946, 0x3946, 0x3126, 0x3125,
    0x3126, 0x3146, 0x3946, 0x3126, 0x3126, 0x3126, 0x3126, 0x3105, 0x3105, 0x4167, 0x5A0A, 0x626B,
    0x5A2A, 0x51C9, 0x4967, 0x4167, 0x4167, 0x4988, 0x5A0A, 0x6A8C, 0x728C, 0x51C9, 0x3926, 0x20A4,
    0x20E4, 0x2905, 0x3105, 0x3146, 0x3926, 0x3926, 0x4988, 0x620A, 0x6A6B, 0x728C, 0x728C, 0x6A6C,
    0x6A6C, 0x6A4C, 0x6A4C, 0x72AD, 0x51E9, 0x20E4, 0x20C3, 0x30E4, 0x4187, 0x59E9, 0x624B, 0x624B,
    0x59EA, 0x51C9, 0x59E9, 0x622B, 0x5A09, 0x4988, 0x4167, 0x4167, 0x4187, 0x3987, 0x28E5, 0x1883,
    0x28E5, 0x3126, 0x3126, 0x3125, 0x3125, 0x3125, 0x3125, 0x3125, 0x3105, 0x3946, 0x49A8, 0x51E9,
    0x51C9, 0x51C9, 0x51C9, 0x51C9, 0x51A9, 0x51A8, 0x51C9, 0x51C9, 0x51C9, 0x51E9, 0x51E9, 0x59E9,
    0x51E9, 0x51E9, 0x51E9, 0x51E9, 0x51E9, 0x51E9, 0x51E9, 0x5209, 0x5A09, 0x5A0A, 0x5A0A, 0x5A09,
    0x5A09, 0x59E9, 0x59E9, 0x59E9, 0x59E9, 0x5A0A, 0x5A0A, 0x5A0A, 0x620A, 0x620A, 0x620A, 0x620A,
    0x620A, 0x620A, 0x620A, 0x5A0A, 0x5A0A, 0x5A0A, 0x5A0A, 0x59EA, 0x5A0A, 0x5A0A, 0x5A0A, 0x59EA,
    0x59EA, 0x59EA, 0x59E9, 0x51E9, 0x51E9, 0x51E9, 0x51E9, 0x51E9, 0x51C9, 0x51C9, 0x51C9, 0x51C9,
    0x51E9, 0x51C9, 0x51A9, 0x51C8, 0x51C8, 0x49C8, 0x49C8, 0x49C8, 0x49C8, 0x49C8, 0x49C8, 0x49C8,
    0x49C8, 0x49C8, 0x51E9, 0x51E9, 0x51E9, 0x51E9, 0x51E9, 0x51E9, 0x51E9, 0x51C9, 0x51C9, 0x5A0A,
    0x5A0A, 0x59E9, 0x59EA, 0x5A0A, 0x5A2A, 0x5A0A, 0x5A0A, 0x622A, 0x622B, 0x622B, 0x622B, 0x622B,
    0x6A2B, 0x6A2B, 0x6A2B, 0x6A2B, 0x622B, 0x622B, 0x622B, 0x622B, 0x622B, 0x622A, 0x622A, 0x622A,
    0x622A, 0x5A0A, 0x5A0A, 0x620A, 0x20C3, 0x20C4, 0x2925, 0x3125, 0x3125, 0x3125, 0x3125, 0x3125,
    0x28E5, 0x28E5, 0x20C4, 0x20C4, 0x20C4, 0x28E5, 0x3125, 0x3125, 0x3125, 0x3126, 0x3125, 0x3126,
    0x3126, 0x3125, 0x3126, 0x3146, 0x3946, 0x3946, 0x3946, 0x3946, 0x3946, 0x3946, 0x3946, 0x3946,
    0x3946, 0x3946, 0x3946, 0x3946, 0x3946, 0x3946, 0x3946, 0x3146, 0x3146, 0x3126, 0x3126, 0x3126,
    0x3146, 0x3146, 0x3146, 0x3126, 0x3126, 0x3125, 0x3126, 0x3126, 0x3126, 0x3946, 0x3926, 0x3126,
    0x3126, 0x3146, 0x3146, 0x3146, 0x3946, 0x3946, 0x3946, 0x3125, 0x3125, 0x3146, 0x2925, 0x2905,
    0x51C8, 0x6A4B, 0x726C, 0x724C, 0x6A4C, 0x6A6C, 0x6A6C, 0x6A4B, 0x49A8, 0x3926, 0x3126, 0x3105,
    0x4167, 0x5A2A, 0x5A2A, 0x3126, 0x1883, 0x1883, 0x1883, 0x1042, 0x28E4, 0x3987, 0x2905, 0x2063,
    0x3946, 0x624B, 0x5A0A, 0x4146, 0x3926, 0x49A8, 0x624B, 0x6A8C, 0x6A6B, 0x622A, 0x622A, 0x622B,
    0x624B, 0x6A6B, 0x6A8C, 0x728C, 0x6A6B, 0x624B, 0x622B, 0x624B, 0x6A4B, 0x6A4B, 0x6A4B, 0x6A4B,
    0x622B, 0x620A, 0x622A, 0x5A09, 0x4187, 0x28E5, 0x20C4, 0x3126, 0x3146, 0x3146, 0x3146, 0x3125,
    0x3125, 0x3146, 0x3146, 0x3126, 0x2905, 0x2905, 0x28E4, 0x20C4, 0x20C4, 0x20C4, 0x2905, 0x2925,
    0x2905, 0x3125, 0x3125, 0x3126, 0x3125, 0x3125, 0x3126, 0x3946, 0x3946, 0x3946, 0x3946, 0x3125,
    0x3105, 0x3126, 0x3966, 0x3146, 0x3146, 0x3946, 0x3146, 0x3946, 0x3946, 0x3966, 0x3967, 0x3946,
    0x3146, 0x3146, 0x3146, 0x3126, 0x3125, 0x3946, 0x5A09, 0x728C, 0x72AD, 0x7AAD, 0x624B, 0x4167,
    0x4187, 0x3987, 0x4187, 0x49A8, 0x4187, 0x4187, 0x3946, 0x3125, 0x2905, 0x2905, 0x28E4, 0x28C4,
    0x28C4, 0x30E5, 0x4167, 0x49A8, 0x51E9, 0x622A, 0x7AAD, 0x72CD, 0x51C8, 0x3946, 0x3946, 0x3946,
    0x3125, 0x3126, 0x3946, 0x3966, 0x3947, 0x3926, 0x3146, 0x2925, 0x28E4, 0x2925, 0x3125, 0x3126,
    0x3946, 0x3146, 0x3125, 0x3146, 0x3146, 0x3946, 0x3946, 0x3126, 0x3126, 0x3126, 0x3125, 0x3105,
    0x3125, 0x51C9, 0x6A6B, 0x6A4B, 0x5A0A, 0x49A8, 0x4147, 0x3946, 0x3946, 0x4167, 0x4187, 0x622A,
    0x72AC, 0x6A6B, 0x4167, 0x20C4, 0x20C4, 0x28E4, 0x28E5, 0x3125, 0x3146, 0x3946, 0x4167, 0x51C9,
    0x6A4B, 0x728C, 0x6A6C, 0x6A6C, 0x726C, 0x6A4C, 0x728C, 0x6A6C, 0x3946, 0x0000, 0x1082, 0x2083,
    0x28E4, 0x49A7, 0x624B, 0x726C, 0x620A, 0x59EA, 0x620A, 0x6A4B, 0x6A6B, 0x622A, 0x5A09, 0x51C8,
    0x49A8, 0x49A8, 0x4167, 0x28E5, 0x28E4, 0x3105, 0x3126, 0x3125, 0x3125, 0x3125, 0x3105, 0x2905,
    0x3125, 0x3967, 0x49A8, 0x51C8, 0x51C9, 0x51C9, 0x51C9, 0x51C9, 0x51C9, 0x51C9, 0x51C9, 0x51C9,
    0x51E9, 0x51E9, 0x51E9, 0x59EA, 0x5A0A, 0x59EA, 0x5A0A, 0x5A0A, 0x5A0A, 0x5A0A, 0x59E9, 0x59E9,
    0x5A09, 0x5A09, 0x59E9, 0x59E9, 0x59E9, 0x59E9, 0x59E9, 0x59E9, 0x59E9, 0x5A09, 0x5A0A, 0x5A0A,
    0x5A0A, 0x5A0A, 0x5A0A, 0x5A0A, 0x5A0A, 0x5A0A, 0x5A0A, 0x5A0A, 0x59EA, 0x59E9, 0x59E9, 0x59E9,
    0x51E9, 0x59EA, 0x59E9, 0x51C9, 0x51C9, 0x51C9, 0x51C9, 0x51C9, 0x51C9, 0x51C9, 0x51C9, 0x51C9,
    0x51C9, 0x51C9, 0x51C9, 0x51C9, 0x51C9, 0x49A8, 0x49A8, 0x49C8, 0x49C8, 0x49C8, 0x49C8, 0x49C8,
    0x49C8, 0x49C8, 0x49C8, 0x49C8, 0x49C8, 0x49C8, 0x51E9, 0x51E9, 0x51E9, 0x51E9, 0x51E9, 0x51E9,
    0x51E9, 0x51E9, 0x59C9, 0x5A0A, 0x5A0A, 0x5A0A, 0x5A0A, 0x622B, 0x622A, 0x622A, 0x622A, 0x622A,
    0x622A, 0x622B, 0x6A4B, 0x6A4B, 0x6A4B, 0x6A4B, 0x6A2B, 0x6A2B, 0x622B, 0x622B, 0x622B, 0x622A,
    0x622A, 0x620A, 0x620A, 0x5A0A, 0x59EA, 0x59E9, 0x59EA, 0x59EA, 0x20C4, 0x20C3, 0x20E4, 0x2905,
    0x3146, 0x3126, 0x3146, 0x3125, 0x3125, 0x2925, 0x2905, 0x2905, 0x2905, 0x2905, 0x3126, 0x3125,
    0x3126, 0x3126, 0x3125, 0x3126, 0x3126, 0x3126, 0x3146, 0x3146, 0x3946, 0x3946, 0x3946, 0x3946,
    0x3946, 0x3946, 0x3946, 0x3946, 0x3967, 0x3967, 0x3967, 0x3967, 0x3967, 0x3946, 0x3146, 0x3146,
    0x3126, 0x3126, 0x3126, 0x3126, 0x3146, 0x3126, 0x3126, 0x3126, 0x3146, 0x3125, 0x3126, 0x3946,
    0x3946, 0x3966, 0x3946, 0x3126, 0x3126, 0x3126, 0x3126, 0x3126, 0x3146, 0x3126, 0x3126, 0x3146,
    0x3146, 0x3125, 0x2905, 0x3126, 0x59E9, 0x726C, 0x726C, 0x724C, 0x726C, 0x6A6C, 0x6A6C, 0x6A6C,
    0x5A09, 0x3906, 0x4167, 0x49C8, 0x5A0A, 0x6A4B, 0x624B, 0x4187, 0x20A4, 0x1862, 0x1862, 0x20A3,
    0x3105, 0x3966, 0x3966, 0x3125, 0x3946, 0x4187, 0x4187, 0x3966, 0x3966, 0x3125, 0x3105, 0x4167,
    0x51E9, 0x5A2A, 0x5A0A, 0x5A0A, 0x622A, 0x622B, 0x622A, 0x622A, 0x622A, 0x622A, 0x622B, 0x624B,
    0x6A4B, 0x6A4B, 0x6A4B, 0x6A6B, 0x6A6B, 0x624B, 0x620A, 0x5A0A, 0x49C8, 0x3946, 0x3946, 0x3946,
    0x3126, 0x3125, 0x3145, 0x3125, 0x3125, 0x3146, 0x3146, 0x3126, 0x2905, 0x2905, 0x28E5, 0x20C4,
    0x20C4, 0x20E4, 0x2905, 0x2925, 0x2905, 0x2905, 0x3125, 0x3126, 0x3125, 0x2905, 0x3126, 0x3946,
    0x3946, 0x3946, 0x3146, 0x3125, 0x3125, 0x3125, 0x3966, 0x3966, 0x3125, 0x3125, 0x3125, 0x3105,
    0x3105, 0x3946, 0x3967, 0x3946, 0x3146, 0x3146, 0x3146, 0x3125, 0x3125, 0x3946, 0x49A8, 0x622A,
    0x6A6C, 0x72AC, 0x624B, 0x3126, 0x2905, 0x2905, 0x28E5, 0x3905, 0x4147, 0x4987, 0x4187, 0x4187,
    0x3966, 0x28E5, 0x3125, 0x3126, 0x3926, 0x3946, 0x4187, 0x49A8, 0x49C8, 0x51C9, 0x6A4B, 0x72CD,
    0x51C9, 0x3946, 0x3926, 0x3126, 0x3126, 0x3125, 0x3146, 0x3946, 0x3946, 0x3946, 0x3125, 0x2905,
    0x20C4, 0x2925, 0x3126, 0x3966, 0x3946, 0x3146, 0x3125, 0x3146, 0x3146, 0x3146, 0x3946, 0x3126,
    0x3126, 0x3126, 0x3125, 0x3125, 0x3967, 0x5A0A, 0x6A4B, 0x622A, 0x624A, 0x5A09, 0x59E9, 0x51E9,
    0x49C8, 0x4187, 0x4146, 0x4988, 0x6A4B, 0x72AC, 0x5A0A, 0x3125, 0x20C4, 0x28E4, 0x3105, 0x3145,
    0x2925, 0x28C4, 0x4167, 0x5A2A, 0x6A6C, 0x728C, 0x6A6C, 0x6A6C, 0x726C, 0x726C, 0x72AD, 0x5A0A,
    0x3946, 0x30E4, 0x49A7, 0x51E8, 0x2904, 0x20C4, 0x5A0A, 0x72AD, 0x726C, 0x622B, 0x622B, 0x6A4B,
    0x6A6C, 0x6A6B, 0x6A6B, 0x6A6B, 0x622A, 0x59E9, 0x49A8, 0x3105, 0x28E4, 0x3125, 0x3126, 0x3125,
    0x3125, 0x3105, 0x3105, 0x3946, 0x4187, 0x49A8, 0x49A8, 0x51C8, 0x51E9, 0x51E9, 0x51E9, 0x51E9,
    0x51E9, 0x59E9, 0x59E9, 0x5A0A, 0x5A0A, 0x49A8, 0x49A8, 0x59E9, 0x622A, 0x6A4B, 0x622A, 0x620A,
    0x620A, 0x5A0A, 0x5A0A, 0x59EA, 0x59EA, 0x59EA, 0x5A0A, 0x59EA, 0x59EA, 0x59E9, 0x59E9, 0x59E9,
    0x51E9, 0x51C9, 0x51E9, 0x51E9, 0x51E9, 0x51E9, 0x59E9, 0x51E9, 0x51E9, 0x51E9, 0x51E9, 0x51E9,
    0x51C9, 0x51C9, 0x51C9, 0x51C8, 0x51C8, 0x51C8, 0x51C8, 0x51C8, 0x51C8, 0x51C8, 0x51C8, 0x49C8,
    0x49C8, 0x49C8, 0x49A8, 0x49A8, 0x49A8, 0x49A8, 0x49A8, 0x49A8, 0x49A8, 0x49A8, 0x49A8, 0x49A8,
    0x49A8, 0x49A8, 0x49A8, 0x49C8, 0x49C8, 0x49C8, 0x49C8, 0x49C8, 0x51C8, 0x51E9, 0x51E9, 0x51E9,
    0x51E9, 0x5A09, 0x5A0A, 0x5A0A, 0x5A0A, 0x5A0A, 0x59EA, 0x5A0A, 0x620A, 0x622B, 0x622B, 0x622B,
    0x622B, 0x622B, 0x622A, 0x5A0A, 0x620A, 0x622A, 0x622B, 0x622B, 0x622B, 0x622B, 0x622B, 0x5A0A,
    0x59EA, 0x59EA, 0x59EA, 0x59E9, 0x59E9, 0x59E9, 0x51C9, 0x51E9, 0x51E9, 0x51C9, 0x51C9, 0x51C9,
    0x20C4, 0x20C4, 0x20C4, 0x2905, 0x3126, 0x3146, 0x3146, 0x3126, 0x3126, 0x3126, 0x3126, 0x3126,
    0x2905, 0x2905, 0x3125, 0x3126, 0x3126, 0x3126, 0x3126, 0x3125, 0x3125, 0x3125, 0x3125, 0x3125,
    0x3946, 0x3966, 0x3946, 0x3946, 0x3946, 0x3946, 0x3946, 0x3946, 0x3967, 0x4167, 0x4167, 0x4187,
    0x4167, 0x3946, 0x3126, 0x3125, 0x3126, 0x3146, 0x3126, 0x3126, 0x3126, 0x2905, 0x3125, 0x3146,
    0x3146, 0x3126, 0x3146, 0x3946, 0x3967, 0x3967, 0x3946, 0x3126, 0x3126, 0x3126, 0x3126, 0x3125,
    0x3126, 0x3126, 0x3125, 0x3146, 0x3125, 0x3125, 0x3125, 0x3946, 0x620A, 0x728C, 0x728C, 0x726C,
    0x726C, 0x6A6C, 0x6A6C, 0x72AC, 0x626B, 0x4987, 0x51E9, 0x6A6B, 0x6A4B, 0x6A4B, 0x5A0A, 0x4187,
    0x28E5, 0x20A3, 0x28C4, 0x3926, 0x4187, 0x4187, 0x3966, 0x3967, 0x3987, 0x3966, 0x3966, 0x3986,
    0x3987, 0x3966, 0x28E4, 0x20A3, 0x3946, 0x51E9, 0x51E9, 0x5A09, 0x5A0A, 0x5A0A, 0x59EA, 0x59EA,
    0x5A0A, 0x620A, 0x622A, 0x6A2B, 0x6A4B, 0x6A4B, 0x6A4B, 0x6A4B, 0x6A4B, 0x622A, 0x620A, 0x620A,
    0x5A09, 0x49A8, 0x4187, 0x3967, 0x3946, 0x3126, 0x3125, 0x3125, 0x3125, 0x3125, 0x3146, 0x3126,
    0x2905, 0x2905, 0x28E5, 0x20C4, 0x20E4, 0x20E4, 0x2905, 0x3125, 0x3125, 0x3125, 0x3125, 0x3125,
    0x2925, 0x2905, 0x3126, 0x3946, 0x3946, 0x3946, 0x3145, 0x3146, 0x3126, 0x3126, 0x3946, 0x3146,
    0x2905, 0x28E5, 0x3105, 0x3946, 0x3946, 0x3926, 0x3946, 0x3967, 0x3946, 0x3146, 0x3146, 0x3146,
    0x3146, 0x3146, 0x4167, 0x59E9, 0x6A6B, 0x6A8C, 0x5A2A, 0x28E4, 0x20C4, 0x28E4, 0x3105, 0x3926,
    0x4167, 0x4167, 0x4167, 0x41A8, 0x4187, 0x3105, 0x49C8, 0x49A8, 0x49A8, 0x49A8, 0x49C8, 0x49A8,
    0x4988, 0x4988, 0x59E9, 0x72AC, 0x51E9, 0x4147, 0x3946, 0x3946, 0x3126, 0x3126, 0x3146, 0x3126,
    0x3946, 0x3946, 0x2905, 0x2905, 0x28E4, 0x3125, 0x3146, 0x3966, 0x3946, 0x3146, 0x3125, 0x3125,
    0x3125, 0x3125, 0x3125, 0x3126, 0x3126, 0x3126, 0x3126, 0x3126, 0x4188, 0x620A, 0x6A4B, 0x622A,
    0x6A6B, 0x6A6B, 0x6A8C, 0x6A8C, 0x622A, 0x51C9, 0x4146, 0x4147, 0x620A, 0x72AC, 0x624B, 0x3146,
    0x20E4, 0x2905, 0x3146, 0x3146, 0x3125, 0x28C4, 0x49A8, 0x6A6B, 0x728C, 0x728C, 0x6A6C, 0x6A6C,
    0x726C, 0x728C, 0x72CD, 0x59E9, 0x4147, 0x51A8, 0x7ACC, 0x7AED, 0x2904, 0x1042, 0x59E9, 0x7AAD,
    0x72AD, 0x6A6C, 0x6A4B, 0x6A6C, 0x6A8C, 0x728C, 0x6A6B, 0x6A6B, 0x6A6B, 0x622A, 0x51C9, 0x3946,
    0x28E5, 0x3105, 0x3125, 0x2905, 0x3125, 0x3125, 0x3946, 0x49A8, 0x51C8, 0x51C9, 0x51C9, 0x51C9,
    0x51C9, 0x51C9, 0x51E9, 0x51E9, 0x59E9, 0x59E9, 0x59E9, 0x5A0A, 0x5A0A, 0x49A8, 0x49A8, 0x59E9,
    0x622A, 0x6A4B, 0x624A, 0x5A09, 0x59E9, 0x5A0A, 0x59EA, 0x59EA, 0x59EA, 0x59EA, 0x5A0A, 0x5A0A,
    0x59EA, 0x59E9, 0x51E9, 0x51E9, 0x51E9, 0x51C9, 0x51C9, 0x51E9, 0x51C9, 0x51C9, 0x51E9, 0x51C9,
    0x51C9, 0x51C9, 0x51C8, 0x51C8, 0x49C8, 0x49C8, 0x49C8, 0x49C8, 0x49A8, 0x49A8, 0x49A8, 0x49C8,
    0x49A8, 0x49C8, 0x49C8, 0x49C8, 0x49C8, 0x49C8, 0x49A8, 0x49A8, 0x49A8, 0x49A8, 0x49A8, 0x49A8,
    0x49A8, 0x49A8, 0x49A8, 0x49A8, 0x49C8, 0x49C8, 0x49C8, 0x51C8, 0x51C9, 0x51C9, 0x51C9, 0x51C9,
    0x51C9, 0x51E9, 0x51E9, 0x51E9, 0x51E9, 0x5A0A, 0x5A0A, 0x5A0A, 0x5A0A, 0x5A0A, 0x620A, 0x5A0A,
    0x5A0A, 0x622A, 0x622A, 0x620A, 0x5A2A, 0x5A2A, 0x5A2A, 0x5A0A, 0x5A0A, 0x5A0A, 0x5A0A, 0x5A0A,
    0x5A0A, 0x5A0A, 0x5A0A, 0x51EA, 0x51E9, 0x51E9, 0x51E9, 0x51E9, 0x51E9, 0x51E9, 0x51C9, 0x51C9,
    0x51C9, 0x51E9, 0x51C9, 0x51C9, 0x20C4, 0x20C4, 0x20C4, 0x20E4, 0x2905, 0x2925, 0x3125, 0x3125,
    0x3126, 0x3126, 0x3126, 0x3126, 0x3125, 0x2905, 0x3125, 0x3126, 0x3126, 0x3126, 0x3126, 0x3125,
    0x3125, 0x3126, 0x3125, 0x2925, 0x3125, 0x3126, 0x3126, 0x3146, 0x3126, 0x3126, 0x3946, 0x3946,
    0x3967, 0x4167, 0x3967, 0x3967, 0x3967, 0x3946, 0x3146, 0x3125, 0x3126, 0x3126, 0x3146, 0x3946,
    0x3146, 0x3125, 0x3125, 0x3125, 0x3126, 0x3946, 0x3946, 0x3946, 0x3966, 0x3946, 0x3946, 0x3146,
    0x3126, 0x3126, 0x3126, 0x3126, 0x3126, 0x3126, 0x3146, 0x3146, 0x3125, 0x3146, 0x3146, 0x3946,
    0x51C9, 0x6A4B, 0x728C, 0x728C, 0x728C, 0x6A6C, 0x6A8C, 0x72AC, 0x6A6C, 0x622A, 0x624B, 0x6A6B,
    0x6A4B, 0x620A, 0x51A8, 0x3946, 0x3106, 0x3946, 0x49A8, 0x51E9, 0x5A2A, 0x5209, 0x4187, 0x3946,
    0x3146, 0x3125, 0x3125, 0x3966, 0x3987, 0x3987, 0x3166, 0x3125, 0x3966, 0x4187, 0x41A8, 0x49A8,
    0x49A8, 0x49A8, 0x51C8, 0x59E9, 0x5A0A, 0x5A0A, 0x5A0A, 0x622A, 0x622A, 0x622A, 0x622A, 0x5A0A,
    0x5A0A, 0x5A0A, 0x5A0A, 0x5A0A, 0x5A09, 0x49C8, 0x4167, 0x4167, 0x3946, 0x3946, 0x3125, 0x3125,
    0x3125, 0x3125, 0x3146, 0x3126, 0x2905, 0x28E5, 0x20E4, 0x20C4, 0x20C4, 0x20C4, 0x28E5, 0x3125,
    0x3126, 0x3126, 0x3126, 0x3125, 0x2905, 0x3105, 0x3126, 0x3946, 0x3946, 0x3946, 0x3145, 0x3125,
    0x3125, 0x3126, 0x3946, 0x4167, 0x4167, 0x4167, 0x4988, 0x5A0A, 0x622A, 0x59E9, 0x4988, 0x3946,
    0x3946, 0x3146, 0x3125, 0x3125, 0x3125, 0x3126, 0x3926, 0x4187, 0x5A09, 0x59E9, 0x3926, 0x20C4,
    0x28C4, 0x3967, 0x51E9, 0x624B, 0x6A4B, 0x5A09, 0x3946, 0x3946, 0x49A8, 0x4167, 0x49A8, 0x51E9,
    0x5A2A, 0x51E9, 0x51C9, 0x49C8, 0x4167, 0x3926, 0x4987, 0x51E9, 0x4187, 0x4146, 0x4167, 0x3967,
    0x3946, 0x3946, 0x3946, 0x3146, 0x3146, 0x3125, 0x2905, 0x2905, 0x2905, 0x3125, 0x3146, 0x3946,
    0x3946, 0x3946, 0x3146, 0x3146, 0x3125, 0x3125, 0x3126, 0x3146, 0x3946, 0x3146, 0x3146, 0x3946,
    0x49C8, 0x622A, 0x6A4B, 0x6A6B, 0x6A6C, 0x728C, 0x726C, 0x6A6C, 0x6A6B, 0x624A, 0x4967, 0x4146,
    0x59E9, 0x728C, 0x624B, 0x3126, 0x20E4, 0x2925, 0x3146, 0x3125, 0x4187, 0x51E9, 0x622A, 0x6A8C,
    0x726C, 0x6A6C, 0x728C, 0x728C, 0x59E9, 0x51E9, 0x6AAC, 0x6A6B, 0x4187, 0x3125, 0x49A7, 0x4187,
    0x18A3, 0x28E4, 0x6A4B, 0x7AAD, 0x72AD, 0x728C, 0x6A6C, 0x728C, 0x728D, 0x6A8C, 0x5A0A, 0x51C9,
    0x622B, 0x6A6B, 0x59E9, 0x4167, 0x3105, 0x28C4, 0x3105, 0x3946, 0x4187, 0x49A8, 0x49A8, 0x51C9,
    0x51C9, 0x51C9, 0x51C9, 0x51C9, 0x51C9, 0x51C9, 0x51C9, 0x51E9, 0x59E9, 0x59E9, 0x59EA, 0x5A0A,
    0x51E9, 0x49A8, 0x51C9, 0x5A0A, 0x5A2A, 0x5A2A, 0x5A09, 0x49C8, 0x49A8, 0x49C8, 0x51C9, 0x59E9,
    0x59EA, 0x5A0A, 0x5A0A, 0x59EA, 0x51C9, 0x51C9, 0x51C9, 0x51E9, 0x51E9, 0x51C8, 0x49C8, 0x51C8,
    0x51C8, 0x51C8, 0x49C8, 0x49C8, 0x49C8, 0x49C8, 0x49C8, 0x49C8, 0x49C8, 0x49C8, 0x49C8, 0x49C8,
    0x49C8, 0x49C8, 0x51C8, 0x49C8, 0x49C8, 0x49C8, 0x49C8, 0x49C8, 0x49C8, 0x51C8, 0x51C9, 0x51C9,
    0x51C9, 0x51C9, 0x51C9, 0x51C9, 0x51E9, 0x51E9, 0x51E9, 0x51C9, 0x51E9, 0x51E9, 0x51C9, 0x51E9,
    0x51E9, 0x59E9, 0x59E9, 0x59E9, 0x59EA, 0x59EA, 0x5A0A, 0x5A0A, 0x5A0A, 0x5A0A, 0x5A0A, 0x5A0A,
    0x5A0A, 0x5A0A, 0x59EA, 0x51E9, 0x51E9, 0x59E9, 0x59E9, 0x59E9, 0x51E9, 0x51E9, 0x51E9, 0x51E9,
    0x51E9, 0x51E9, 0x51E9, 0x51E9, 0x51E9, 0x51E9, 0x51E9, 0x51E9, 0x51E9, 0x51E9, 0x51E9, 0x51E9,
    0x51E9, 0x51E9, 0x51E9, 0x51C9, 0x51C9, 0x51E9, 0x51C9, 0x51E9, 0x20C4, 0x20C4, 0x20C3, 0x20C4,
    0x28E4, 0x28E5, 0x28E5, 0x2905, 0x3125, 0x3125, 0x3125, 0x3125, 0x3125, 0x3126, 0x3126, 0x3126,
    0x3126, 0x3125, 0x3126, 0x3125, 0x3125, 0x3126, 0x3126, 0x3125, 0x28E4, 0x2905, 0x3125, 0x3125,
    0x3125, 0x3125, 0x3126, 0x3946, 0x3967, 0x4167, 0x3967, 0x3967, 0x3946, 0x3946, 0x3146, 0x3126,
    0x3126, 0x3146, 0x3966, 0x3966, 0x3146, 0x3125, 0x3126, 0x3125, 0x3126, 0x3946, 0x3946, 0x3947,
    0x3947, 0x3947, 0x3947, 0x3946, 0x3126, 0x3126, 0x3126, 0x3126, 0x3126, 0x3146, 0x3146, 0x3146,
    0x3146, 0x3146, 0x3946, 0x3946, 0x49A8, 0x5A09, 0x624A, 0x6A8C, 0x728C, 0x728C, 0x728C, 0x6A6C,
    0x6A6B, 0x6A6B, 0x6A4B, 0x6A4B, 0x6A4B, 0x59EA, 0x4987, 0x3126, 0x3126, 0x49C8, 0x626B, 0x6A6B,
    0x6A6B, 0x624B, 0x51E9, 0x4167, 0x30E5, 0x30E5, 0x3926, 0x49C8, 0x49C8, 0x4167, 0x3966, 0x3987,
    0x3987, 0x3967, 0x3967, 0x3987, 0x4187, 0x3967, 0x3946, 0x4167, 0x49A8, 0x51C9, 0x59E9, 0x59E9,
    0x59E9, 0x5A09, 0x5A09, 0x5A09, 0x51E9, 0x51E9, 0x51E9, 0x51E9, 0x51E9, 0x51C8, 0x4167, 0x3967,
    0x3967, 0x3946, 0x3105, 0x3125, 0x3125, 0x3125, 0x3146, 0x3126, 0x2905, 0x28E5, 0x20E4, 0x20C4,
    0x20C4, 0x20C4, 0x28E5, 0x3126, 0x3126, 0x3126, 0x3126, 0x3125, 0x2905, 0x3105, 0x3126, 0x3946,
    0x3946, 0x3926, 0x3125, 0x3105, 0x3105, 0x3905, 0x4147, 0x59E9, 0x6A6B, 0x624B, 0x624B, 0x728C,
    0x7ACD, 0x728C, 0x59E9, 0x4147, 0x3966, 0x3146, 0x3125, 0x3125, 0x3145, 0x3145, 0x3105, 0x3125,
    0x4187, 0x4167, 0x28C4, 0x28C4, 0x28E5, 0x49A8, 0x624B, 0x7AED, 0x7AED, 0x6A8C, 0x4167, 0x3946,
    0x51E9, 0x49C8, 0x4987, 0x5A09, 0x624A, 0x49A8, 0x51C8, 0x51E9, 0x3946, 0x28E4, 0x3105, 0x3946,
    0x3946, 0x3967, 0x3946, 0x3967, 0x3946, 0x3966, 0x3966, 0x3946, 0x3125, 0x2905, 0x2905, 0x2905,
    0x3125, 0x3125, 0x3126, 0x3946, 0x3946, 0x3946, 0x3146, 0x3146, 0x3146, 0x3146, 0x3146, 0x3966,
    0x3967, 0x3146, 0x3926, 0x3926, 0x51C9, 0x624B, 0x6A6C, 0x728C, 0x726C, 0x726C, 0x6A2B, 0x6A2B,
    0x6A4B, 0x624B, 0x51A8, 0x4147, 0x51E9, 0x728C, 0x622A, 0x3125, 0x18C3, 0x2905, 0x2905, 0x3125,
    0x51E9, 0x6A8C, 0x6A6C, 0x6A6C, 0x6A4C, 0x6A6C, 0x6A6C, 0x622B, 0x30E5, 0x30E5, 0x5209, 0x72AC,
    0x49C8, 0x0841, 0x0000, 0x0000, 0x1882, 0x49E8, 0x72AD, 0x7AAE, 0x728D, 0x6A6C, 0x6A6C, 0x726C,
    0x728D, 0x6A8C, 0x5A0A, 0x51C9, 0x622B, 0x6A8C, 0x622A, 0x51E9, 0x4187, 0x3105, 0x3926, 0x4187,
    0x49A8, 0x51C9, 0x51C9, 0x51C9, 0x51C9, 0x51C9, 0x51C9, 0x51C9, 0x51C9, 0x51C9, 0x51E9, 0x51E9,
    0x59E9, 0x5A0A, 0x5A0A, 0x5A0A, 0x5A0A, 0x51E9, 0x51E9, 0x5A0A, 0x5A0A, 0x51E9, 0x51C8, 0x49A8,
    0x3967, 0x3966, 0x41A7, 0x51E9, 0x59E9, 0x51E9, 0x51E9, 0x51C9, 0x51A9, 0x51C8, 0x51C8, 0x51C9,
    0x51C8, 0x49A8, 0x49A8, 0x49C8, 0x49C8, 0x49C8, 0x49A8, 0x49C8, 0x49C8, 0x49A8, 0x49A8, 0x49A8,
    0x49A8, 0x49A8, 0x49A8, 0x49A8, 0x49C8, 0x49C8, 0x49C8, 0x49C8, 0x49C8, 0x49C8, 0x51C8, 0x51C9,
    0x51C9, 0x51C9, 0x51C9, 0x51C9, 0x51C9, 0x51C9, 0x51C9, 0x51E9, 0x51E9, 0x51E9, 0x51E9, 0x51E9,
    0x51E9, 0x51E9, 0x51E9, 0x59E9, 0x5A0A, 0x59EA, 0x5A0A, 0x5A0A, 0x5A0A, 0x5A0A, 0x5A0A, 0x5A0A,
    0x5209, 0x5209, 0x51E9, 0x51E9, 0x51EA, 0x51EA, 0x51EA, 0x51E9, 0x51C9, 0x51E9, 0x51E9, 0x51E9,
    0x51C9, 0x51C9, 0x51E9, 0x51E9, 0x51E9, 0x51E9, 0x51E9, 0x51E9, 0x51E9, 0x51E9, 0x51C9, 0x51C9,
    0x51C9, 0x51C9, 0x51C9, 0x51E9, 0x51E9, 0x51E9, 0x51E9, 0x51E9, 0x51E9, 0x51E9, 0x51E9, 0x51E9,
    0x20C4, 0x18C4, 0x20C4, 0x20E4, 0x28E5, 0x28E5, 0x28E5, 0x28E5, 0x2905, 0x2905, 0x2905, 0x2905,
    0x2905, 0x3125, 0x3125, 0x3125, 0x3125, 0x3125, 0x3126, 0x3125, 0x3125, 0x3126, 0x3126, 0x3125,
    0x28E5, 0x2905, 0x2905, 0x2905, 0x3126, 0x3126, 0x3946, 0x3946, 0x3967, 0x4167, 0x4167, 0x3946,
    0x3926, 0x3126, 0x3146, 0x3146, 0x3146, 0x3946, 0x3966, 0x3946, 0x3946, 0x3126, 0x3126, 0x3946,
    0x3946, 0x3947, 0x3947, 0x3947, 0x3947, 0x3947, 0x3947, 0x3946, 0x3126, 0x3126, 0x3126, 0x3126,
    0x3126, 0x3146, 0x3146, 0x3146, 0x3146, 0x3146, 0x3946, 0x3946, 0x4187, 0x49A8, 0x51E9, 0x622A,
    0x624B, 0x6A4B, 0x6A4B, 0x622B, 0x624B, 0x624B, 0x624B, 0x6A4B, 0x622A, 0x5A0A, 0x49A8, 0x3125,
    0x28E5, 0x4167, 0x5A0A, 0x6A4B, 0x6A6B, 0x6A6B, 0x624B, 0x51E9, 0x4187, 0x49A8, 0x5A0A, 0x6A6B,
    0x6A4B, 0x51C8, 0x3946, 0x3946, 0x3966, 0x3966, 0x3966, 0x3146, 0x3146, 0x3126, 0x3126, 0x3947,
    0x4187, 0x49A8, 0x49A8, 0x4988, 0x49A8, 0x49C8, 0x49C8, 0x49E9, 0x51C9, 0x49C8, 0x49C8, 0x49A8,
    0x51C8, 0x51E9, 0x49C8, 0x4187, 0x3967, 0x3946, 0x3125, 0x3125, 0x3146, 0x3146, 0x3146, 0x3126,
    0x2905, 0x28E5, 0x28E5, 0x28E4, 0x20C4, 0x2905, 0x2925, 0x3126, 0x3126, 0x3126, 0x3126, 0x3125,
    0x2905, 0x2905, 0x3126, 0x3946, 0x3946, 0x3926, 0x3105, 0x4167, 0x49A8, 0x51C9, 0x59E9, 0x622A,
    0x72AD, 0x728C, 0x622A, 0x622A, 0x6A6B, 0x6A4B, 0x59E9, 0x4187, 0x4167, 0x3946, 0x3146, 0x3146,
    0x3146, 0x3125, 0x3125, 0x3946, 0x49A8, 0x51C8, 0x49A8, 0x4187, 0x4167, 0x49A8, 0x622A, 0x6A4B,
    0x6A6B, 0x624B, 0x51C9, 0x51C9, 0x5A2A, 0x5A09, 0x59E9, 0x622A, 0x5A0A, 0x4988, 0x51E9, 0x51E9,
    0x49A8, 0x4167, 0x3946, 0x3946, 0x3967, 0x3967, 0x3946, 0x3126, 0x3126, 0x3146, 0x3146, 0x3146,
    0x2905, 0x2905, 0x2905, 0x2905, 0x3146, 0x3125, 0x3125, 0x3946, 0x3946, 0x3926, 0x3126, 0x3125,
    0x3125, 0x3125, 0x3125, 0x3126, 0x3146, 0x3126, 0x3126, 0x3926, 0x49A8, 0x622A, 0x6A6B, 0x6A6C,
    0x726C, 0x726C, 0x6A4B, 0x6A4B, 0x6A4B, 0x622A, 0x5A0A, 0x4988, 0x51E9, 0x6A8C, 0x5A2A, 0x28E5,
    0x1083, 0x20E4, 0x3125, 0x4187, 0x620A, 0x6A4B, 0x6A6B, 0x6A4C, 0x6A4B, 0x6A4B, 0x49A9, 0x3926,
    0x20C4, 0x28E4, 0x4166, 0x622A, 0x5A0A, 0x2905, 0x18A3, 0x1882, 0x3125, 0x5A4A, 0x7ACD, 0x728D,
    0x726C, 0x6A6C, 0x6A4C, 0x6A6C, 0x6A6C, 0x6A6C, 0x6A6C, 0x6A4B, 0x6A6B, 0x726C, 0x6A4B, 0x6A6B,
    0x624A, 0x51E9, 0x51E9, 0x5A09, 0x51C9, 0x51A8, 0x49C8, 0x49C9, 0x51C9, 0x51C9, 0x51C9, 0x51C9,
    0x51C9, 0x51E9, 0x51E9, 0x51E9, 0x51E9, 0x59E9, 0x59EA, 0x59E9, 0x51E9, 0x520A, 0x5A0A, 0x59EA,
    0x59EA, 0x5A09, 0x5A09, 0x51C8, 0x4187, 0x4167, 0x49A8, 0x51E9, 0x51E9, 0x51C9, 0x51C8, 0x51C9,
    0x51C9, 0x51C9, 0x51C9, 0x51E9, 0x51E9, 0x51C8, 0x49C8, 0x51C8, 0x51C8, 0x51C8, 0x51C8, 0x51C8,
    0x51C8, 0x49C8, 0x51C9, 0x51C9, 0x51C9, 0x51C9, 0x51C9, 0x51C9, 0x49C8, 0x49C9, 0x49C9, 0x49C9,
    0x49C9, 0x51C9, 0x51E9, 0x51E9, 0x51E9, 0x51C9, 0x51C9, 0x51E9, 0x51E9, 0x51C9, 0x51C9, 0x51E9,
    0x51E9, 0x51E9, 0x51E9, 0x59E9, 0x59E9, 0x59EA, 0x59E9, 0x59EA, 0x5A0A, 0x59EA, 0x59EA, 0x59EA,
    0x59E9, 0x59E9, 0x59E9, 0x51E9, 0x51E9, 0x51E9, 0x51E9, 0x51E9, 0x51E9, 0x51E9, 0x51EA, 0x51E9,
    0x51E9, 0x51E9, 0x51E9, 0x51E9, 0x51E9, 0x51E9, 0x51E9, 0x51E9, 0x51E9, 0x51E9, 0x51E9, 0x51E9,
    0x51E9, 0x51E9, 0x51C9, 0x51C9, 0x51C9, 0x51C9, 0x51C9, 0x51E9, 0x51E9, 0x51E9, 0x51E9, 0x51E9,
    0x51E9, 0x51E9, 0x51E9, 0x51E9, 0x18C4, 0x20C4, 0x20E4, 0x28E4, 0x2905, 0x2905, 0x28E5, 0x28E5,
    0x28E4, 0x28E4, 0x28E5, 0x28E4, 0x28E5, 0x3125, 0x3125, 0x3125, 0x3125, 0x3126, 0x3146, 0x3126,
    0x3125, 0x3126, 0x3126, 0x3126, 0x2905, 0x2905, 0x28E4, 0x28E4, 0x3125, 0x3146, 0x3966, 0x4167,
    0x4167, 0x4167, 0x3946, 0x3126, 0x3125, 0x3125, 0x3126, 0x3126, 0x3146, 0x3946, 0x3946, 0x3947,
    0x3946, 0x3946, 0x3946, 0x3946, 0x4147, 0x4167, 0x3947, 0x3946, 0x3946, 0x3946, 0x3946, 0x3946,
    0x3146, 0x3126, 0x3126, 0x3126, 0x3146, 0x3146, 0x3126, 0x3126, 0x3146, 0x3946, 0x3946, 0x3946,
    0x3946, 0x3946, 0x4187, 0x51C8, 0x51E9, 0x51E9, 0x59E9, 0x5A0A, 0x624B, 0x624B, 0x624B, 0x6A4B,
    0x622B, 0x5A0A, 0x49A7, 0x28C4, 0x2083, 0x3105, 0x49A8, 0x622A, 0x6A4B, 0x6A4B, 0x6A4B, 0x622A,
    0x622A, 0x72AC, 0x7AED, 0x7AAD, 0x7AAD, 0x6A4B, 0x49A8, 0x3126, 0x3146, 0x3146, 0x3146, 0x3125,
    0x28E5, 0x3105, 0x4167, 0x5A0A, 0x5A2A, 0x51E9, 0x4987, 0x3946, 0x4167, 0x4187, 0x4187, 0x4187,
    0x41A8, 0x49C8, 0x49C8, 0x49C8, 0x51C8, 0x5209, 0x5A2A, 0x49A8, 0x3967, 0x3966, 0x3126, 0x3125,
    0x3146, 0x3146, 0x3146, 0x3146, 0x2905, 0x2905, 0x2905, 0x28E5, 0x28E5, 0x3125, 0x3146, 0x3146,
    0x3146, 0x3126, 0x3126, 0x2925, 0x2905, 0x2925, 0x3146, 0x3946, 0x3946, 0x3946, 0x3926, 0x5A09,
    0x72AC, 0x7AED, 0x728C, 0x620A, 0x6A4B, 0x620A, 0x4988, 0x49A8, 0x51C8, 0x51C8, 0x51E9, 0x49A8,
    0x4167, 0x3946, 0x3146, 0x3146, 0x3146, 0x3125, 0x3105, 0x51A8, 0x5A2A, 0x626B, 0x6A8C, 0x624B,
    0x59E9, 0x59E9, 0x5A0A, 0x59E9, 0x5A09, 0x5A0A, 0x622A, 0x622A, 0x622A, 0x622A, 0x622A, 0x622A,
    0x5A0A, 0x5A09, 0x5A09, 0x59E9, 0x5A0A, 0x5A2A, 0x49A8, 0x4147, 0x3946, 0x3946, 0x3946, 0x3125,
    0x3125, 0x3125, 0x3125, 0x3125, 0x2905, 0x3125, 0x28E4, 0x2905, 0x3146, 0x3145, 0x3125, 0x3146,
    0x3146, 0x3126, 0x3125, 0x2905, 0x2905, 0x2905, 0x28E5, 0x28E5, 0x2905, 0x3126, 0x3146, 0x3946,
    0x4167, 0x51C9, 0x622A, 0x6A6B, 0x6A6C, 0x6A6C, 0x6A6B, 0x6A6B, 0x6A6C, 0x6A6B, 0x6A6B, 0x51C9,
    0x59E9, 0x6A8C, 0x5A2A, 0x28E5, 0x1863, 0x20A4, 0x49A8, 0x5A09, 0x622B, 0x6A4B, 0x6A6B, 0x6A6B,
    0x6A6B, 0x5A0A, 0x28C4, 0x1042, 0x2104, 0x3125, 0x3126, 0x4987, 0x5A0A, 0x624B, 0x5A2A, 0x59E9,
    0x620A, 0x6A4B, 0x72AC, 0x6A6C, 0x6A4B, 0x6A4B, 0x6A4B, 0x6A4C, 0x6A6C, 0x6A6C, 0x726C, 0x728C,
    0x726C, 0x726C, 0x726C, 0x728C, 0x6A8C, 0x72AC, 0x72AC, 0x6A8C, 0x624A, 0x51C8, 0x49C8, 0x49C8,
    0x49C8, 0x51C8, 0x51C9, 0x51C9, 0x51C9, 0x51E9, 0x51E9, 0x51E9, 0x51E9, 0x51C9, 0x51E9, 0x51E9,
    0x51C9, 0x51E9, 0x51E9, 0x51E9, 0x5A0A, 0x624B, 0x624B, 0x5A09, 0x51E9, 0x51E9, 0x59E9, 0x59E9,
    0x59E9, 0x59E9, 0x59E9, 0x59E9, 0x5A09, 0x59E9, 0x59EA, 0x5A0A, 0x5A09, 0x51E9, 0x51C9, 0x51C9,
    0x51C9, 0x51C9, 0x51C9, 0x51C9, 0x51C9, 0x51C9, 0x51C9, 0x51C9, 0x51C9, 0x51C9, 0x51C9, 0x51C9,
    0x51C9, 0x51C9, 0x51C9, 0x51C9, 0x51C9, 0x51C9, 0x51E9, 0x51E9, 0x51C9, 0x51C9, 0x51E9, 0x51E9,
    0x51E9, 0x51E9, 0x51E9, 0x51E9, 0x520A, 0x51E9, 0x59EA, 0x5A0A, 0x5A0A, 0x5A0A, 0x5A0A, 0x5A0A,
    0x5A0A, 0x59E9, 0x51C9, 0x51C9, 0x51C9, 0x51C9, 0x51C9, 0x51E9, 0x51E9, 0x51E9, 0x51E9, 0x51E9,
    0x51E9, 0x51E9, 0x51E9, 0x51E9, 0x51E9, 0x51E9, 0x51E9, 0x51E9, 0x51E9, 0x51E9, 0x51E9, 0x51E9,
    0x51E9, 0x51E9, 0x51E9, 0x51E9, 0x51E9, 0x51E9, 0x51E9, 0x51E9, 0x51E9, 0x51E9, 0x51E9, 0x51E9,
    0x51E9, 0x51E9, 0x51E9, 0x51E9, 0x51E9, 0x51E9, 0x51E9, 0x51E9, 0x20C4, 0x20E4, 0x28E4, 0x28E4,
    0x2905, 0x2905, 0x28E4, 0x28E5, 0x2905, 0x2905, 0x28E5, 0x28E5, 0x2905, 0x3125, 0x3126, 0x3126,
    0x3126, 0x3126, 0x3146, 0x3146, 0x3126, 0x3126, 0x3126, 0x3126, 0x2905, 0x2905, 0x2905, 0x2905,
    0x3125, 0x3146, 0x3966, 0x3966, 0x3966, 0x3967, 0x3946, 0x3125, 0x3125, 0x3125, 0x3126, 0x3146,
    0x3146, 0x3946, 0x3967, 0x3967, 0x3967, 0x3967, 0x3967, 0x4167, 0x4167, 0x4167, 0x4146, 0x3946,
    0x3946, 0x3946, 0x3946, 0x3946, 0x3946, 0x3126, 0x3126, 0x3126, 0x3146, 0x3146, 0x3126, 0x3126,
    0x3146, 0x3946, 0x3946, 0x3967, 0x3946, 0x3946, 0x4167, 0x4187, 0x41A8, 0x4187, 0x49C8, 0x622A,
    0x626B, 0x6A4B, 0x6A4B, 0x6A4B, 0x6A4B, 0x620A, 0x4987, 0x30E4, 0x30E5, 0x49A8, 0x5A0A, 0x622B,
    0x6A4B, 0x6A4B, 0x624B, 0x620A, 0x59EA, 0x6A6C, 0x728C, 0x728C, 0x728C, 0x728C, 0x622A, 0x49A8,
    0x4167, 0x3946, 0x4167, 0x4167, 0x4187, 0x49A8, 0x622A, 0x728C, 0x728C, 0x6A6B, 0x59E9, 0x51C8,
    0x49C8, 0x49A7, 0x49A8, 0x41A7, 0x3966, 0x3946, 0x4187, 0x3967, 0x3946, 0x3987, 0x41A7, 0x3946,
    0x3126, 0x3966, 0x3146, 0x3125, 0x3146, 0x3145, 0x3126, 0x3125, 0x2905, 0x2904, 0x20E4, 0x28E5,
    0x3125, 0x3105, 0x3125, 0x3146, 0x3146, 0x3125, 0x3125, 0x2925, 0x2925, 0x3125, 0x3146, 0x3946,
    0x3946, 0x3946, 0x4147, 0x59E9, 0x6A6B, 0x728C, 0x622A, 0x51C8, 0x5A09, 0x59E9, 0x4987, 0x4988,
    0x49A8, 0x49A7, 0x51E9, 0x51C9, 0x4187, 0x3946, 0x3146, 0x3146, 0x3125, 0x3125, 0x3946, 0x59E9,
    0x622A, 0x620A, 0x5A2A, 0x5A0A, 0x51E9, 0x51E9, 0x51E9, 0x59E9, 0x59E9, 0x5A0A, 0x5A0A, 0x620A,
    0x620A, 0x5A0A, 0x59E9, 0x59E9, 0x59E9, 0x5A09, 0x59E9, 0x59E9, 0x59E9, 0x5A0A, 0x51C9, 0x4167,
    0x4146, 0x3967, 0x3146, 0x3126, 0x3125, 0x3125, 0x3125, 0x3125, 0x2925, 0x2905, 0x20C4, 0x2925,
    0x3146, 0x3146, 0x3146, 0x3146, 0x3146, 0x3126, 0x3125, 0x2905, 0x2925, 0x2925, 0x2905, 0x2905,
    0x2905, 0x3126, 0x3146, 0x3946, 0x3946, 0x49A7, 0x51E9, 0x622A, 0x6A4B, 0x6A6B, 0x726C, 0x6A6B,
    0x726C, 0x728C, 0x6A6C, 0x620A, 0x622B, 0x72AC, 0x5A2A, 0x3946, 0x28E5, 0x3105, 0x5209, 0x624A,
    0x622A, 0x624B, 0x6A6B, 0x6A6B, 0x6A6B, 0x59C9, 0x20A3, 0x0821, 0x18A2, 0x20E4, 0x3125, 0x3946,
    0x49C8, 0x5A0A, 0x624B, 0x726C, 0x726C, 0x726C, 0x6A6C, 0x624B, 0x624B, 0x622B, 0x624B, 0x6A4B,
    0x6A4B, 0x6A6C, 0x6A6C, 0x6A6C, 0x6A6C, 0x726C, 0x726C, 0x726C, 0x728C, 0x728C, 0x728C, 0x72AC,
    0x6A6B, 0x5A0A, 0x51C8, 0x51A8, 0x51C8, 0x51C9, 0x51C9, 0x51C8, 0x49C9, 0x51C9, 0x51E9, 0x51E9,
    0x51C9, 0x51C9, 0x51E9, 0x51E9, 0x51E9, 0x51C8, 0x51C8, 0x51E9, 0x59E9, 0x622A, 0x624A, 0x620A,
    0x620A, 0x620A, 0x620A, 0x5A09, 0x59E9, 0x5A0A, 0x5A0A, 0x5A0A, 0x5A0A, 0x5A0A, 0x5A0A, 0x5A0A,
    0x51EA, 0x51E9, 0x51C9, 0x51C9, 0x51C9, 0x51C9, 0x51C9, 0x51C9, 0x51C9, 0x51C9, 0x51C9, 0x51C9,
    0x51C9, 0x51C9, 0x51C9, 0x51C9, 0x51C9, 0x51C9, 0x51C9, 0x51C9, 0x51C9, 0x51C9, 0x51C9, 0x51E9,
    0x51C9, 0x51E9, 0x51E9, 0x51E9, 0x59EA, 0x51EA, 0x51EA, 0x5A0A, 0x5A0A, 0x5A0A, 0x5A0A, 0x5A0A,
    0x5A0A, 0x5A0A, 0x5A09, 0x5A09, 0x5A09, 0x59E9, 0x51C9, 0x51C9, 0x51E9, 0x51E9, 0x51E9, 0x51E9,
    0x51E9, 0x51E9, 0x51E9, 0x51E9, 0x51E9, 0x51E9, 0x51E9, 0x51E9, 0x51E9, 0x51E9, 0x51E9, 0x51E9,
    0x51E9, 0x51E9, 0x51E9, 0x51E9, 0x51E9, 0x51E9, 0x51E9, 0x51E9, 0x51E9, 0x51E9, 0x51C9, 0x51C9,
    0x51C9, 0x51C9, 0x51C9, 0x51E9, 0x51E9, 0x51E9, 0x51E9, 0x51E9, 0x51E9, 0x51E9, 0x51E9, 0x51E9,
    0x20C4, 0x20E4, 0x2905, 0x2905, 0x28E5, 0x2905, 0x28E4, 0x28E5, 0x3125, 0x3125, 0x3125, 0x2925,
    0x3125, 0x3126, 0x3126, 0x3126, 0x3126, 0x3126, 0x3126, 0x3126, 0x3126, 0x3126, 0x3126, 0x3126,
    0x3125, 0x3125, 0x3125, 0x2925, 0x2905, 0x2905, 0x3125, 0x3146, 0x3146, 0x3146, 0x3125, 0x3125,
    0x3125, 0x3125, 0x3126, 0x3146, 0x3146, 0x3946, 0x3947, 0x3966, 0x4167, 0x4167, 0x4167, 0x4167,
    0x4167, 0x4167, 0x3946, 0x3946, 0x3946, 0x3946, 0x3967, 0x3967, 0x3946, 0x3126, 0x3126, 0x3126,
    0x3126, 0x3146, 0x3126, 0x3126, 0x3946, 0x3946, 0x3946, 0x4187, 0x4187, 0x4167, 0x3946, 0x3926,
    0x3105, 0x3105, 0x49A8, 0x622A, 0x624B, 0x6A4B, 0x6A4B, 0x622A, 0x6A4B, 0x622A, 0x4987, 0x4187,
    0x624A, 0x72CC, 0x7ACD, 0x728C, 0x6A6B, 0x6A6B, 0x6A6C, 0x624B, 0x5A0A, 0x5A0A, 0x620A, 0x6A2B,
    0x726C, 0x726C, 0x728C, 0x624B, 0x59E9, 0x59C9, 0x620A, 0x624B, 0x728C, 0x72AC, 0x72AD, 0x728C,
    0x728C, 0x726C, 0x6A4B, 0x6A4B, 0x624B, 0x5A0A, 0x5A2A, 0x51E9, 0x28E4, 0x1041, 0x1882, 0x1062,
    0x0800, 0x0821, 0x0821, 0x0821, 0x1883, 0x3125, 0x3146, 0x3146, 0x3125, 0x2925, 0x2905, 0x28E5,
    0x28E4, 0x20C4, 0x20A4, 0x28E4, 0x3125, 0x3125, 0x3125, 0x3146, 0x3125, 0x3125, 0x3125, 0x3125,
    0x3126, 0x3146, 0x3146, 0x3946, 0x3946, 0x3946, 0x3946, 0x4988, 0x49A8, 0x51C9, 0x51A8, 0x4147,
    0x4167, 0x49A8, 0x49A8, 0x49A8, 0x49A7, 0x4988, 0x59E9, 0x5A09, 0x4187, 0x3126, 0x3105, 0x3126,
    0x3126, 0x3946, 0x49A8, 0x5A09, 0x51E9, 0x49A8, 0x4988, 0x4187, 0x4187, 0x4187, 0x4987, 0x49A8,
    0x49C8, 0x51E9, 0x59E9, 0x59E9, 0x5A09, 0x59E9, 0x51C9, 0x51C8, 0x51C8, 0x51C9, 0x51C9, 0x51E9,
    0x51E9, 0x51E9, 0x51C9, 0x49C8, 0x49A8, 0x4167, 0x3126, 0x3125, 0x3125, 0x3146, 0x3146, 0x3125,
    0x28E4, 0x20C4, 0x20C3, 0x2905, 0x3146, 0x3146, 0x3146, 0x3126, 0x3126, 0x3125, 0x3125, 0x3125,
    0x3125, 0x3125, 0x2905, 0x3105, 0x3125, 0x3126, 0x3146, 0x3146, 0x3946, 0x4167, 0x49A8, 0x51E9,
    0x622A, 0x6A6B, 0x6A6B, 0x6A4B, 0x6A4B, 0x6A6B, 0x6A6B, 0x6A6B, 0x6A8C, 0x72AD, 0x5A0A, 0x49A8,
    0x51E9, 0x5A09, 0x5A0A, 0x622A, 0x620A, 0x622B, 0x6A4B, 0x6A4B, 0x6A6B, 0x6A4B, 0x3946, 0x0821,
    0x0000, 0x0841, 0x18A3, 0x3105, 0x4187, 0x4146, 0x4987, 0x624A, 0x6A8C, 0x72AC, 0x624B, 0x5A0A,
    0x5A0A, 0x5A0A, 0x622B, 0x622B, 0x624B, 0x6A2B, 0x6A4C, 0x6A6C, 0x6A6C, 0x726C, 0x726C, 0x728C,
    0x6A8C, 0x6A6C, 0x6A6B, 0x6A6C, 0x6A6C, 0x6A6B, 0x5A09, 0x51C8, 0x51C8, 0x51C9, 0x51E9, 0x49A8,
    0x4187, 0x4187, 0x4187, 0x4187, 0x4187, 0x41A8, 0x49C8, 0x51E9, 0x51E9, 0x49A8, 0x49A8, 0x49C8,
    0x51A8, 0x51C9, 0x59E9, 0x620A, 0x622A, 0x6A2A, 0x622A, 0x5A0A, 0x5A09, 0x5A0A, 0x5A0A, 0x5A0A,
    0x5A0A, 0x51E9, 0x51E9, 0x51E9, 0x51E9, 0x51E9, 0x51E9, 0x51C9, 0x51C9, 0x51C9, 0x51C9, 0x51C9,
    0x51C9, 0x51C9, 0x51C9, 0x51C9, 0x51C9, 0x51C9, 0x51C9, 0x51C9, 0x51C9, 0x51C9, 0x51C9, 0x51E9,
    0x51E9, 0x51E9, 0x51EA, 0x5A0A, 0x5A0A, 0x5A0A, 0x5A0A, 0x5A2A, 0x5A2A, 0x5A2A, 0x622A, 0x624B,
    0x622A, 0x622A, 0x622B, 0x624A, 0x622A, 0x5A0A, 0x5A0A, 0x5A09, 0x5A09, 0x59E9, 0x51C9, 0x51C9,
    0x51E9, 0x51E9, 0x51E9, 0x51E9, 0x51E9, 0x51E9, 0x51E9, 0x51E9, 0x51E9, 0x51E9, 0x51E9, 0x51E9,
    0x51E9, 0x51E9, 0x51E9, 0x51E9, 0x51E9, 0x51E9, 0x51E9, 0x51E9, 0x51E9, 0x51E9, 0x51E9, 0x51E9,
    0x51E9, 0x51E9, 0x51E9, 0x51C9, 0x51C9, 0x51C9, 0x51C9, 0x51E9, 0x51E9, 0x51E9, 0x59E9, 0x59EA,
    0x59EA, 0x59EA, 0x51E9, 0x51E9, 0x18C4, 0x20C4, 0x28E5, 0x28E5, 0x28E5, 0x28E5, 0x28E5, 0x28E5,
    0x2905, 0x2905, 0x2905, 0x2905, 0x2925, 0x2925, 0x3126, 0x3126, 0x3126, 0x3126, 0x3125, 0x2905,
    0x3126, 0x3126, 0x3126, 0x3126, 0x3125, 0x3125, 0x3125, 0x3125, 0x2905, 0x2905, 0x2905, 0x2925,
    0x2925, 0x3125, 0x3125, 0x3125, 0x3125, 0x3125, 0x3126, 0x3126, 0x3126, 0x3946, 0x3947, 0x3946,
    0x3946, 0x4167, 0x4167, 0x4167, 0x3966, 0x3967, 0x3946, 0x3946, 0x3946, 0x3946, 0x3967, 0x3967,
    0x3946, 0x3126, 0x3126, 0x3126, 0x3126, 0x3126, 0x3126, 0x3126, 0x3946, 0x3946, 0x3967, 0x4187,
    0x4167, 0x3967, 0x3946, 0x3126, 0x28E4, 0x3105, 0x49A8, 0x5A0A, 0x622A, 0x624A, 0x622A, 0x622A,
    0x624B, 0x624B, 0x49A8, 0x49A8, 0x6A8B, 0x7ACD, 0x7AAD, 0x72AD, 0x72AD, 0x72AD, 0x72AC, 0x72AC,
    0x6A6C, 0x624B, 0x622B, 0x6A2B, 0x6A4B, 0x726C, 0x6A4B, 0x620A, 0x59E9, 0x6A2B, 0x72AC, 0x72AD,
    0x72AC, 0x728C, 0x6A6C, 0x6A4B, 0x6A6C, 0x6A6B, 0x6A6B, 0x6A4B, 0x622B, 0x622B, 0x622B, 0x5A0A,
    0x28E4, 0x0000, 0x0000, 0x0000, 0x0000, 0x0000, 0x0000, 0x0000, 0x1082, 0x3125, 0x3146, 0x3146,
    0x3125, 0x2905, 0x28E4, 0x28E4, 0x28E4, 0x20C4, 0x20C4, 0x28E4, 0x2905, 0x3125, 0x3125, 0x3146,
    0x3125, 0x3126, 0x3125, 0x3125, 0x3126, 0x3966, 0x3146, 0x3146, 0x3946, 0x3946, 0x3946, 0x4146,
    0x3946, 0x49A8, 0x49C8, 0x4147, 0x4167, 0x49A8, 0x4988, 0x4187, 0x4167, 0x4167, 0x51C9, 0x51C9,
    0x4167, 0x3926, 0x3926, 0x3126, 0x3126, 0x3946, 0x41A7, 0x49C8, 0x4987, 0x4167, 0x4167, 0x3946,
    0x3967, 0x3967, 0x3967, 0x4187, 0x41A8, 0x51E9, 0x51E9, 0x59E9, 0x59E9, 0x59E9, 0x51C8, 0x49A8,
    0x51C8, 0x51E9, 0x51C9, 0x51C9, 0x51C8, 0x49A8, 0x49A8, 0x51C8, 0x51C8, 0x4167, 0x3126, 0x3125,
    0x3125, 0x3146, 0x3125, 0x2905, 0x20A3, 0x20C4, 0x20C4, 0x2905, 0x3125, 0x3146, 0x3946, 0x3126,
    0x3126, 0x3125, 0x3125, 0x3146, 0x3146, 0x3125, 0x2905, 0x3125, 0x3125, 0x3125, 0x3146, 0x3146,
    0x3946, 0x3946, 0x4146, 0x49A8, 0x59E9, 0x624B, 0x6A6B, 0x6A4B, 0x624B, 0x622A, 0x622A, 0x622A,
    0x6A4B, 0x6A6B, 0x51E9, 0x49A8, 0x51E9, 0x5A09, 0x59E9, 0x59E9, 0x61EA, 0x620A, 0x620A, 0x622B,
    0x6A2B, 0x728C, 0x624B, 0x3105, 0x0820, 0x0000, 0x0841, 0x20C4, 0x4187, 0x4187, 0x3926, 0x4987,
    0x5A0A, 0x626B, 0x59E9, 0x51C9, 0x51C9, 0x59E9, 0x5A0A, 0x622A, 0x622B, 0x622B, 0x624B, 0x6A4B,
    0x6A4B, 0x6A6C, 0x6A6C, 0x6A6C, 0x6A6C, 0x6A4B, 0x6A4B, 0x6A4B, 0x6A6B, 0x6A4B, 0x5A0A, 0x51C8,
    0x51A8, 0x51C9, 0x51E9, 0x49A8, 0x4167, 0x3946, 0x3946, 0x3946, 0x3946, 0x4167, 0x49A8, 0x51C9,
    0x51C9, 0x4988, 0x4967, 0x4988, 0x51A8, 0x51E9, 0x51C9, 0x59E9, 0x622A, 0x624B, 0x622A, 0x5A0A,
    0x59E9, 0x5A09, 0x59E9, 0x51E9, 0x5209, 0x51E9, 0x51E9, 0x51E9, 0x51E9, 0x51C9, 0x51C9, 0x51E9,
    0x51C9, 0x51C9, 0x51C9, 0x51E9, 0x51C9, 0x51C9, 0x51E9, 0x51E9, 0x51E9, 0x51C9, 0x51C9, 0x51C9,
    0x51C9, 0x59E9, 0x59E9, 0x59E9, 0x59EA, 0x59EA, 0x5A0A, 0x5A0A, 0x5A2A, 0x5A2A, 0x5A0A, 0x5A2B,
    0x622A, 0x5A2A, 0x620A, 0x622A, 0x622A, 0x622A, 0x622A, 0x622B, 0x5A0A, 0x5A0A, 0x5A0A, 0x5A0A,
    0x5A0A, 0x59E9, 0x51C9, 0x51C9, 0x51E9, 0x51C9, 0x51E9, 0x51E9, 0x51E9, 0x51E9, 0x51E9, 0x51E9,
    0x51E9, 0x51E9, 0x51E9, 0x51E9, 0x51E9, 0x51E9, 0x51E9, 0x51E9, 0x51E9, 0x51E9, 0x51E9, 0x51E9,
    0x51E9, 0x51E9, 0x51E9, 0x51E9, 0x51E9, 0x51C9, 0x51E9, 0x51C9, 0x51C9, 0x51C9, 0x51E9, 0x51E9,
    0x5A0A, 0x59EA, 0x59EA, 0x59EA, 0x59EA, 0x59EA, 0x59EA, 0x59EA, 0x18C4, 0x20C4, 0x20C4, 0x20E4,
    0x28E5, 0x28E5, 0x28E5, 0x28E5, 0x28E5, 0x28E5, 0x28E5, 0x28E5, 0x2905, 0x2905, 0x3125, 0x3125,
    0x3126, 0x3126, 0x3126, 0x3125, 0x3125, 0x3125, 0x3125, 0x3125, 0x3125, 0x3125, 0x3146, 0x3146,
    0x3146, 0x2905, 0x28E4, 0x20C4, 0x20E4, 0x2905, 0x3125, 0x3145, 0x3125, 0x3125, 0x3146, 0x3146,
    0x3946, 0x3946, 0x3947, 0x3967, 0x3946, 0x3967, 0x3967, 0x3946, 0x3946, 0x3146, 0x3146, 0x3126,
    0x3946, 0x3946, 0x3967, 0x3967, 0x3926, 0x3105, 0x3125, 0x3126, 0x3126, 0x3126, 0x3126, 0x3946,
    0x3946, 0x3946, 0x3946, 0x3967, 0x3946, 0x3967, 0x3946, 0x3126, 0x28E5, 0x3126, 0x49A8, 0x5A09,
    0x5A09, 0x5A0A, 0x622A, 0x622A, 0x624B, 0x624B, 0x622A, 0x5A0A, 0x6A6B, 0x728C, 0x72AD, 0x72AD,
    0x72AD, 0x72AD, 0x728C, 0x728C, 0x728C, 0x728D, 0x728D, 0x728C, 0x726C, 0x726C, 0x726C, 0x6A2B,
    0x622B, 0x6A4B, 0x6A4B, 0x6A4B, 0x6A4B, 0x6A4B, 0x622B, 0x5A0A, 0x622A, 0x6A8C, 0x728C, 0x6A6B,
    0x622B, 0x622B, 0x620A, 0x622A, 0x5209, 0x20C4, 0x0821, 0x20C4, 0x20C3, 0x0821, 0x0000, 0x0000,
    0x1082, 0x2905, 0x3146, 0x3125, 0x2905, 0x28E4, 0x28E4, 0x20C4, 0x18A3, 0x18A3, 0x20C4, 0x20E4,
    0x2905, 0x3146, 0x3125, 0x3125, 0x3125, 0x3125, 0x3126, 0x3126, 0x3946, 0x3146, 0x3125, 0x3125,
    0x3946, 0x3946, 0x3946, 0x3946, 0x4167, 0x49A8, 0x51E9, 0x49A8, 0x49C8, 0x51E9, 0x51C9, 0x49A8,
    0x4147, 0x4167, 0x4988, 0x4988, 0x51C9, 0x624B, 0x626B, 0x4187, 0x3105, 0x3125, 0x4167, 0x4167,
    0x4187, 0x4167, 0x4167, 0x4187, 0x49C8, 0x4187, 0x3967, 0x3967, 0x4167, 0x49A8, 0x51C8, 0x51E9,
    0x51C9, 0x51C8, 0x51C9, 0x49A8, 0x4187, 0x49A8, 0x49A8, 0x4187, 0x4187, 0x4187, 0x4187, 0x49A8,
    0x49A8, 0x4187, 0x3946, 0x3125, 0x2925, 0x2925, 0x2905, 0x20C4, 0x20C4, 0x20C4, 0x2905, 0x3125,
    0x3126, 0x3946, 0x3946, 0x3946, 0x3146, 0x2925, 0x3125, 0x3146, 0x3146, 0x3126, 0x3125, 0x3125,
    0x3125, 0x2905, 0x3126, 0x3946, 0x3946, 0x3946, 0x3946, 0x4146, 0x4988, 0x51E9, 0x5A0A, 0x5A09,
    0x5A09, 0x59E9, 0x51E9, 0x59E9, 0x5A0A, 0x5A0A, 0x51E9, 0x51C8, 0x51A8, 0x59E9, 0x59E9, 0x59E9,
    0x5A0A, 0x620A, 0x620A, 0x622A, 0x622B, 0x6A4B, 0x728C, 0x626B, 0x41A7, 0x1082, 0x0000, 0x0821,
    0x2904, 0x41A7, 0x3966, 0x20A4, 0x2083, 0x20A3, 0x3926, 0x49A8, 0x51C8, 0x51C9, 0x59E9, 0x59EA,
    0x5A0A, 0x5A0A, 0x622A, 0x622B, 0x622B, 0x624B, 0x6A4B, 0x6A4B, 0x622B, 0x622B, 0x622B, 0x622B,
    0x622A, 0x622A, 0x622A, 0x620A, 0x59E9, 0x51C8, 0x51C9, 0x49A8, 0x49A8, 0x4187, 0x4167, 0x4167,
    0x4187, 0x4187, 0x4988, 0x4987, 0x4967, 0x4987, 0x4988, 0x51A8, 0x4988, 0x49A8, 0x49C8, 0x51C8,
    0x51E9, 0x51E9, 0x51C9, 0x51C8, 0x49C8, 0x51C8, 0x51E9, 0x51E9, 0x51E9, 0x51E9, 0x51E9, 0x51E9,
    0x51E9, 0x51C9, 0x51C9, 0x51C9, 0x51C9, 0x51C9, 0x51C9, 0x51C9, 0x51C9, 0x51C9, 0x51C9, 0x51C9,
    0x51C9, 0x51C9, 0x51E9, 0x51E9, 0x59E9, 0x59EA, 0x5A0A, 0x5A0A, 0x5A0A, 0x5A0A, 0x5A0A, 0x5A0A,
    0x5A0A, 0x5A0A, 0x5A0A, 0x5A0A, 0x5A0A, 0x5A0A, 0x5A0A, 0x5A0A, 0x5A0A, 0x5A0A, 0x5A0A, 0x5A0A,
    0x59EA, 0x5A0A, 0x5A0A, 0x5A0A, 0x5A0A, 0x5A0A, 0x59EA, 0x59E9, 0x51E9, 0x59EA, 0x5A0A, 0x51E9,
    0x5A09, 0x5A09, 0x51E9, 0x51E9, 0x51E9, 0x51E9, 0x51E9, 0x51E9, 0x51E9, 0x51C9, 0x51E9, 0x51E9,
    0x51E9, 0x51E9, 0x51E9, 0x51E9, 0x51E9, 0x51E9, 0x51C9, 0x51C9, 0x51E9, 0x51C9, 0x51E9, 0x51E9,
    0x51E9, 0x51EA, 0x5A0A, 0x5A0A, 0x5A0A, 0x5A0A, 0x5A0A, 0x5A0A, 0x5A0A, 0x5A0A, 0x5A0A, 0x5A0A,
    0x18A3, 0x20A4, 0x20C4, 0x20C4, 0x2905, 0x2905, 0x28E5, 0x28E5, 0x28E5, 0x28E5, 0x28E5, 0x28E5,
    0x2905, 0x2905, 0x3125, 0x3125, 0x3126, 0x3126, 0x3126, 0x3125, 0x3125, 0x3125, 0x3125, 0x3125,
    0x3125, 0x3125, 0x3146, 0x3946, 0x3126, 0x3125, 0x2905, 0x20C4, 0x20C4, 0x20E4, 0x3125, 0x3125,
    0x3105, 0x3125, 0x3946, 0x3946, 0x3126, 0x3126, 0x3946, 0x3946, 0x3967, 0x3967, 0x3966, 0x3946,
    0x3146, 0x3125, 0x2905, 0x3126, 0x3946, 0x3946, 0x3967, 0x3946, 0x3126, 0x3126, 0x3126, 0x3126,
    0x3926, 0x3946, 0x3946, 0x3946, 0x3946, 0x3926, 0x3946, 0x3146, 0x3926, 0x3926, 0x3926, 0x3926,
    0x3105, 0x3926, 0x4988, 0x5209, 0x5209, 0x51E9, 0x5A09, 0x624A, 0x624B, 0x624B, 0x6A6B, 0x6A6B,
    0x6A6B, 0x728C, 0x728D, 0x728D, 0x728C, 0x728D, 0x728D, 0x728D, 0x728D, 0x728D, 0x728D, 0x726C,
    0x726C, 0x728C, 0x728C, 0x728C, 0x72AD, 0x72AD, 0x728C, 0x726C, 0x6A6C, 0x728C, 0x728C, 0x51A9,
    0x4967, 0x5A09, 0x622A, 0x620A, 0x59E9, 0x5A09, 0x5A0A, 0x622A, 0x6A8B, 0x51E9, 0x3105, 0x49C8,
    0x5A4A, 0x20C4, 0x0000, 0x0000, 0x1883, 0x3125, 0x3146, 0x3105, 0x28E4, 0x28E4, 0x28E4, 0x20A3,
    0x1883, 0x18A3, 0x20E4, 0x28E4, 0x2905, 0x3146, 0x3125, 0x3125, 0x3125, 0x3125, 0x3126, 0x3926,
    0x3946, 0x3146, 0x2925, 0x3125, 0x3946, 0x3946, 0x3926, 0x3946, 0x4167, 0x49C8, 0x51C9, 0x59E9,
    0x5A0A, 0x5A0A, 0x5A0A, 0x51E9, 0x4988, 0x4167, 0x4167, 0x4167, 0x51A8, 0x624B, 0x6A8C, 0x51E9,
    0x3926, 0x28E4, 0x3946, 0x4187, 0x4167, 0x4167, 0x4187, 0x49A8, 0x5A0A, 0x51C8, 0x4187, 0x4146,
    0x3946, 0x3946, 0x4167, 0x4988, 0x49A8, 0x4187, 0x4187, 0x4167, 0x3967, 0x4167, 0x4167, 0x4167,
    0x4167, 0x4187, 0x49A8, 0x49A8, 0x49A8, 0x4187, 0x3946, 0x3125, 0x2925, 0x2905, 0x20E4, 0x20C4,
    0x20C4, 0x20C4, 0x2905, 0x3126, 0x3126, 0x3946, 0x3946, 0x3946, 0x3146, 0x3125, 0x3125, 0x3946,
    0x3946, 0x3926, 0x3926, 0x3126, 0x3125, 0x2905, 0x3126, 0x3946, 0x3946, 0x3946, 0x3946, 0x3926,
    0x3946, 0x4167, 0x4167, 0x4187, 0x4988, 0x49A8, 0x51E9, 0x51E9, 0x49A8, 0x49A8, 0x51C8, 0x49A8,
    0x51A8, 0x51C9, 0x59E9, 0x59E9, 0x59E9, 0x59EA, 0x5A0A, 0x620A, 0x622A, 0x622B, 0x6A4C, 0x728C,
    0x72CC, 0x3125, 0x0000, 0x0000, 0x1882, 0x3125, 0x3125, 0x2925, 0x20C3, 0x1883, 0x28E5, 0x4187,
    0x4988, 0x51C8, 0x59E9, 0x59EA, 0x5A0A, 0x5A0A, 0x5A0A, 0x622A, 0x622A, 0x622A, 0x622A, 0x622B,
    0x620B, 0x620B, 0x620A, 0x620B, 0x622B, 0x622A, 0x622A, 0x622A, 0x622A, 0x622A, 0x620A, 0x51A8,
    0x4987, 0x49A8, 0x49A7, 0x49A8, 0x4987, 0x4187, 0x4167, 0x4967, 0x4987, 0x5A0A, 0x728C, 0x622A,
    0x5188, 0x4167, 0x4167, 0x4167, 0x4187, 0x49A8, 0x4987, 0x49A7, 0x49C8, 0x49C8, 0x51C9, 0x51E9,
    0x51E9, 0x51C9, 0x51C9, 0x51C9, 0x51E9, 0x51E9, 0x51C9, 0x51C9, 0x51C9, 0x51C9, 0x51C9, 0x51C9,
    0x51C9, 0x51C9, 0x51C9, 0x51C9, 0x51C9, 0x59EA, 0x5A0A, 0x5A0A, 0x5A0A, 0x5A0A, 0x5A0A, 0x5A0A,
    0x5A0A, 0x5A0A, 0x5A0A, 0x5A0A, 0x5A0A, 0x5A0A, 0x5A0A, 0x5A0A, 0x5A0A, 0x5A0A, 0x5A2A, 0x5A2A,
    0x5A0A, 0x5A0A, 0x5A0A, 0x59EA, 0x59EA, 0x5A0A, 0x59EA, 0x59EA, 0x5A0A, 0x5A0A, 0x59EA, 0x59EA,
    0x59E9, 0x59EA, 0x5A0A, 0x5A0A, 0x5A0A, 0x5A09, 0x51E9, 0x51E9, 0x51E9, 0x51E9, 0x51E9, 0x51E9,
    0x51E9, 0x51C9, 0x51E9, 0x51E9, 0x51E9, 0x51E9, 0x51E9, 0x51E9, 0x51E9, 0x51E9, 0x51E9, 0x51E9,
    0x51E9, 0x51E9, 0x5A09, 0x5A0A, 0x51EA, 0x51EA, 0x5A0A, 0x5A0A, 0x5A0A, 0x5A0A, 0x5A0A, 0x5A0A,
    0x5A0A, 0x5A0A, 0x5A0A, 0x620A, 0x28E4, 0x20C4, 0x20E4, 0x28E5, 0x2905, 0x28E5, 0x28E5, 0x28E5,
    0x28E5, 0x28E5, 0x28E5, 0x28E5, 0x2905, 0x2905, 0x3126, 0x3125, 0x3125, 0x3126, 0x3126, 0x3125,
    0x3125, 0x3125, 0x3125, 0x3125, 0x3125, 0x3126, 0x3125, 0x3125, 0x3125, 0x3125, 0x3125, 0x2905,
    0x2905, 0x20E4, 0x20E4, 0x2905, 0x3125, 0x3146, 0x3946, 0x3946, 0x3125, 0x3125, 0x3926, 0x3946,
    0x3967, 0x3966, 0x3946, 0x3126, 0x3125, 0x3126, 0x3126, 0x3946, 0x3966, 0x3946, 0x3946, 0x3946,
    0x3946, 0x3946, 0x3946, 0x3946, 0x3946, 0x3946, 0x3946, 0x3946, 0x3926, 0x3926, 0x3966, 0x4167,
    0x4167, 0x4147, 0x4167, 0x49A8, 0x49A8, 0x49A8, 0x49A8, 0x49C8, 0x49C8, 0x49C8, 0x49C8, 0x51E9,
    0x5209, 0x622A, 0x624B, 0x624B, 0x624B, 0x6A4B, 0x6A4B, 0x6A4B, 0x6A4B, 0x6A4B, 0x726C, 0x728C,
    0x726C, 0x728C, 0x728D, 0x728D, 0x728D, 0x72AD, 0x72AD, 0x728C, 0x72AD, 0x7AAD, 0x72AD, 0x72AD,
    0x72AD, 0x72AD, 0x7AAD, 0x6A6C, 0x622A, 0x6A4B, 0x6A6B, 0x6A4B, 0x620A, 0x51C8, 0x51C8, 0x5A09,
    0x622B, 0x622A, 0x622A, 0x626B, 0x626B, 0x49C8, 0x28E4, 0x20E4, 0x3125, 0x3946, 0x3126, 0x3125,
    0x28E4, 0x20C4, 0x20C4, 0x18A3, 0x1883, 0x18C3, 0x2104, 0x28E4, 0x3125, 0x3146, 0x3146, 0x3146,
    0x3146, 0x3126, 0x3125, 0x3125, 0x3126, 0x3146, 0x3125, 0x3125, 0x3146, 0x3946, 0x3946, 0x3105,
    0x3946, 0x49A8, 0x51C9, 0x59E9, 0x59EA, 0x59E9, 0x59E9, 0x59E9, 0x51A8, 0x4988, 0x4987, 0x49A8,
    0x3946, 0x30E5, 0x5A0A, 0x6A6B, 0x622A, 0x51E9, 0x49A8, 0x4167, 0x4167, 0x4167, 0x4187, 0x49A8,
    0x51E9, 0x5A09, 0x5A0A, 0x49A8, 0x3946, 0x3946, 0x3946, 0x4167, 0x4167, 0x4147, 0x4146, 0x4167,
    0x4187, 0x3946, 0x3967, 0x3967, 0x4167, 0x4187, 0x49A8, 0x4987, 0x4187, 0x4187, 0x3946, 0x3125,
    0x3125, 0x2905, 0x20E4, 0x20C4, 0x20C4, 0x2905, 0x3146, 0x3946, 0x3946, 0x3946, 0x3926, 0x3946,
    0x3146, 0x3125, 0x3125, 0x3946, 0x3946, 0x4147, 0x3946, 0x3125, 0x3126, 0x3126, 0x3146, 0x3946,
    0x3967, 0x3946, 0x3946, 0x3946, 0x3946, 0x3946, 0x3946, 0x3967, 0x3967, 0x3967, 0x4187, 0x4187,
    0x4187, 0x4187, 0x4988, 0x4988, 0x49A8, 0x51C8, 0x51E9, 0x51E9, 0x59E9, 0x59E9, 0x59E9, 0x59C9,
    0x620A, 0x622A, 0x6A2B, 0x726C, 0x72CD, 0x3946, 0x0820, 0x0020, 0x0861, 0x1882, 0x18A2, 0x10A2,
    0x1082, 0x1062, 0x2905, 0x4167, 0x4187, 0x4988, 0x49A8, 0x51C8, 0x51C9, 0x51A8, 0x51E9, 0x5A0A,
    0x5A0A, 0x5A0A, 0x5A0A, 0x620A, 0x620B, 0x620B, 0x620A, 0x620A, 0x620B, 0x622A, 0x5A0A, 0x59E9,
    0x5A0A, 0x624B, 0x6A4B, 0x59E9, 0x49A8, 0x49A8, 0x49A8, 0x49A8, 0x49A8, 0x4988, 0x4987, 0x51A8,
    0x59E9, 0x622A, 0x6A6B, 0x6A6B, 0x6A4B, 0x6A4B, 0x622B, 0x59E9, 0x49A8, 0x49A8, 0x49A8, 0x49A8,
    0x49C8, 0x49C8, 0x49A8, 0x51C9, 0x51E9, 0x59E9, 0x51C9, 0x51C9, 0x51E9, 0x51E9, 0x51C9, 0x51C9,
    0x51C9, 0x51C9, 0x51C9, 0x51C9, 0x51C9, 0x51C9, 0x51C9, 0x51C9, 0x51C9, 0x59EA, 0x5A0A, 0x5A0A,
    0x5A0A, 0x59E9, 0x59E9, 0x59EA, 0x59EA, 0x59E9, 0x59E9, 0x59EA, 0x51EA, 0x59EA, 0x51EA, 0x5A0A,
    0x51EA, 0x51E9, 0x51E9, 0x51E9, 0x5A0A, 0x51E9, 0x59E9, 0x59E9, 0x59E9, 0x59E9, 0x51E9, 0x51E9,
    0x51E9, 0x51E9, 0x51E9, 0x51E9, 0x59E9, 0x59E9, 0x59E9, 0x59E9, 0x59E9, 0x51E9, 0x51E9, 0x51E9,
    0x51E9, 0x51E9, 0x51E9, 0x51E9, 0x51E9, 0x51C9, 0x51E9, 0x51E9, 0x51E9, 0x51E9, 0x51E9, 0x51C9,
    0x51E9, 0x51E9, 0x51E9, 0x51E9, 0x51E9, 0x51E9, 0x5A0A, 0x5A0A, 0x5A0A, 0x5A0A, 0x5A0A, 0x5A0A,
    0x5A0A, 0x5A0A, 0x5A0A, 0x5A0A, 0x5A0A, 0x5A0A, 0x5A0A, 0x5A0A, 0x28E5, 0x28E5, 0x28E5, 0x28E5,
    0x28E5, 0x2905, 0x2905, 0x2905, 0x2905, 0x2905, 0x2905, 0x2905, 0x20E4, 0x2905, 0x3126, 0x3125,
    0x3126, 0x3126, 0x3125, 0x3125, 0x3125, 0x3125, 0x3125, 0x3125, 0x3125, 0x3125, 0x3125, 0x3125,
    0x3125, 0x3125, 0x3125, 0x3125, 0x3125, 0x28E4, 0x20C4, 0x28E4, 0x3125, 0x3946, 0x3946, 0x3126,
    0x3105, 0x3125, 0x3146, 0x3966, 0x3967, 0x3946, 0x3126, 0x3126, 0x3126, 0x3126, 0x3146, 0x3966,
    0x3946, 0x3946, 0x3946, 0x3946, 0x3946, 0x3946, 0x3146, 0x3146, 0x3946, 0x3126, 0x3126, 0x3126,
    0x3926, 0x4167, 0x49A8, 0x59E9, 0x5A0A, 0x5A2A, 0x5A0A, 0x622A, 0x622A, 0x622B, 0x51E9, 0x4187,
    0x4167, 0x4187, 0x41A7, 0x41C8, 0x49C8, 0x51E9, 0x51E9, 0x5A09, 0x5A0A, 0x5A0A, 0x622A, 0x624B,
    0x6A4B, 0x6A4B, 0x6A4B, 0x6A4B, 0x6A6C, 0x728C, 0x728C, 0x728C, 0x728C, 0x72AD, 0x72AD, 0x728D,
    0x728D, 0x7AAD, 0x7ACD, 0x7AAD, 0x72AD, 0x72AD, 0x7AAD, 0x728D, 0x726C, 0x726C, 0x728C, 0x728C,
    0x6A4B, 0x51C9, 0x51A8, 0x620A, 0x6A6C, 0x622A, 0x622A, 0x624B, 0x5A2A, 0x49C8, 0x4187, 0x3966,
    0x3966, 0x3946, 0x3125, 0x2905, 0x28E4, 0x20C4, 0x18A3, 0x18A3, 0x1883, 0x20C4, 0x28E4, 0x2905,
    0x3125, 0x3146, 0x3146, 0x3125, 0x3125, 0x3125, 0x3125, 0x3125, 0x3126, 0x3946, 0x3125, 0x3125,
    0x3145, 0x3146, 0x3146, 0x3125, 0x3946, 0x49A8, 0x51C9, 0x59E9, 0x59E9, 0x51A8, 0x51A8, 0x51A9,
    0x51C9, 0x51C9, 0x49A8, 0x4187, 0x20C4, 0x1862, 0x51E9, 0x728C, 0x7AAD, 0x72AC, 0x5A0A, 0x3946,
    0x4167, 0x4167, 0x4167, 0x4987, 0x51C9, 0x5A0A, 0x622A, 0x51E9, 0x4147, 0x4187, 0x49A8, 0x4167,
    0x4147, 0x4187, 0x3966, 0x41A7, 0x4187, 0x3926, 0x3946, 0x3967, 0x4167, 0x4187, 0x4187, 0x4187,
    0x4187, 0x4167, 0x3946, 0x3126, 0x3146, 0x3125, 0x28E4, 0x20C4, 0x28E4, 0x3146, 0x3946, 0x3126,
    0x3946, 0x3946, 0x3946, 0x3946, 0x3126, 0x3125, 0x3125, 0x3946, 0x3946, 0x3946, 0x3946, 0x3126,
    0x3126, 0x3126, 0x3146, 0x3946, 0x3946, 0x3946, 0x3946, 0x3946, 0x3946, 0x3946, 0x3946, 0x4167,
    0x4187, 0x3105, 0x20C4, 0x20C4, 0x3946, 0x4987, 0x4987, 0x4987, 0x4167, 0x4988, 0x51C9, 0x59E9,
    0x51E9, 0x51E9, 0x51E9, 0x59C9, 0x5A0A, 0x622A, 0x622B, 0x6A4B, 0x72AC, 0x3925, 0x0820, 0x0020,
    0x0040, 0x0021, 0x0021, 0x0021, 0x0021, 0x0000, 0x1062, 0x3966, 0x49A8, 0x4988, 0x4987, 0x4988,
    0x4988, 0x4987, 0x49A8, 0x51E9, 0x51E9, 0x51E9, 0x59E9, 0x5A0A, 0x5A0A, 0x5A0A, 0x5A0A, 0x5A0A,
    0x59EA, 0x59E9, 0x59E9, 0x51C9, 0x51C9, 0x622A, 0x6A4B, 0x726C, 0x622A, 0x51A8, 0x4988, 0x49A8,
    0x49A8, 0x4987, 0x4987, 0x59E9, 0x6A4B, 0x6A4B, 0x59E9, 0x59E9, 0x726B, 0x7AAD, 0x7AAD, 0x728C,
    0x622A, 0x51C9, 0x49A8, 0x49A8, 0x49C8, 0x51C8, 0x49A8, 0x49C8, 0x51E9, 0x51E9, 0x51C9, 0x51E9,
    0x51E9, 0x51C9, 0x51C9, 0x51C9, 0x51C9, 0x51C9, 0x51C9, 0x51C9, 0x51C9, 0x51C9, 0x51E9, 0x51C9,
    0x51C9, 0x51E9, 0x51E9, 0x51E9, 0x51E9, 0x51E9, 0x51E9, 0x51E9, 0x51E9, 0x51E9, 0x51E9, 0x51E9,
    0x51E9, 0x51E9, 0x51E9, 0x51C9, 0x51C9, 0x51C9, 0x49C9, 0x49C9, 0x51C9, 0x51C9, 0x51C9, 0x51C9,
    0x51C9, 0x51E9, 0x51E9, 0x51E9, 0x51E9, 0x51E9, 0x51E9, 0x51E9, 0x51E9, 0x51C9, 0x51E9, 0x51E9,
    0x51E9, 0x51E9, 0x51E9, 0x51E9, 0x51E9, 0x51E9, 0x51E9, 0x51E9, 0x51C9, 0x51C9, 0x51C9, 0x51C9,
    0x51E9, 0x51E9, 0x51E9, 0x51C9, 0x51E9, 0x51E9, 0x51E9, 0x51EA, 0x51EA, 0x5A0A, 0x520A, 0x520A,
    0x5A0A, 0x5A2A, 0x5A2A, 0x5A2B, 0x5A2B, 0x5A2B, 0x5A2A, 0x5A2A, 0x5A0A, 0x5A0A, 0x59EA, 0x59EA,
    0x28E5, 0x28E5, 0x28E5, 0x28E5, 0x28E5, 0x2905, 0x2905, 0x2905, 0x2905, 0x2905, 0x2905, 0x2905,
    0x2105, 0x2905, 0x2925, 0x2925, 0x3125, 0x3125, 0x3125, 0x3125, 0x3125, 0x3125, 0x3125, 0x3125,
    0x3125, 0x3125, 0x3125, 0x3125, 0x3125, 0x3125, 0x3125, 0x3125, 0x3125, 0x2925, 0x2905, 0x28E4,
    0x2905, 0x3126, 0x3126, 0x3146, 0x3125, 0x3126, 0x3146, 0x3967, 0x3946, 0x3125, 0x3105, 0x3126,
    0x3126, 0x3126, 0x3946, 0x3946, 0x3946, 0x3946, 0x3946, 0x3946, 0x3946, 0x3946, 0x3126, 0x3125,
    0x3125, 0x3926, 0x3946, 0x4187, 0x49A8, 0x51C9, 0x59E9, 0x5A0A, 0x622A, 0x622A, 0x622A, 0x622A,
    0x622A, 0x624B, 0x59EA, 0x4147, 0x3926, 0x4147, 0x4167, 0x4187, 0x4187, 0x4187, 0x4167, 0x4167,
    0x4988, 0x49A8, 0x51E9, 0x5A0A, 0x624A, 0x6A6B, 0x6A6B, 0x6A4B, 0x6A6B, 0x728C, 0x728C, 0x726C,
    0x6A6C, 0x6A6C, 0x6A6C, 0x726C, 0x726C, 0x726C, 0x728C, 0x728D, 0x728D, 0x728D, 0x72AD, 0x72AC,
    0x728C, 0x728C, 0x728C, 0x728C, 0x6A4B, 0x59EA, 0x59E9, 0x6A6B, 0x72AD, 0x6A4B, 0x622A, 0x5A0A,
    0x51E9, 0x41A7, 0x3967, 0x4167, 0x3966, 0x3946, 0x3126, 0x2905, 0x20E4, 0x18A3, 0x1083, 0x18A3,
    0x20E4, 0x20E4, 0x28E4, 0x2905, 0x3125, 0x3125, 0x2925, 0x3125, 0x3125, 0x3125, 0x3125, 0x3125,
    0x3126, 0x3946, 0x3125, 0x3125, 0x3125, 0x3125, 0x3125, 0x3125, 0x3946, 0x4187, 0x51C8, 0x51E9,
    0x51C9, 0x51C8, 0x51C9, 0x51E9, 0x51E9, 0x49A8, 0x3126, 0x18A3, 0x0000, 0x1041, 0x51E8, 0x6A4B,
    0x6A2B, 0x6A2B, 0x5A0A, 0x3946, 0x3946, 0x4167, 0x4147, 0x4147, 0x51A8, 0x622A, 0x5A2A, 0x4988,
    0x51C8, 0x5A2A, 0x49A8, 0x51E9, 0x4988, 0x30E5, 0x3946, 0x3966, 0x3946, 0x49C8, 0x4167, 0x4147,
    0x4167, 0x4187, 0x4187, 0x4187, 0x4187, 0x3146, 0x3126, 0x3146, 0x3146, 0x3146, 0x2905, 0x2905,
    0x2905, 0x3146, 0x3146, 0x3126, 0x3946, 0x3946, 0x3946, 0x3926, 0x3146, 0x3125, 0x3105, 0x3125,
    0x3126, 0x3946, 0x3946, 0x3126, 0x3126, 0x3126, 0x3125, 0x3126, 0x3946, 0x3946, 0x3125, 0x3105,
    0x3105, 0x3105, 0x3126, 0x3946, 0x4187, 0x3125, 0x18A3, 0x1862, 0x3105, 0x4187, 0x4987, 0x4987,
    0x4987, 0x4988, 0x49A8, 0x51C9, 0x51E9, 0x520A, 0x5A0A, 0x59E9, 0x59E9, 0x5A0A, 0x620A, 0x622A,
    0x624B, 0x49A7, 0x0821, 0x0000, 0x0000, 0x0000, 0x0000, 0x0000, 0x0020, 0x0000, 0x0000, 0x20C4,
    0x41A7, 0x49A8, 0x4987, 0x4987, 0x4987, 0x4987, 0x4987, 0x4988, 0x49A8, 0x49A8, 0x51C8, 0x59E9,
    0x59EA, 0x59EA, 0x59EA, 0x59EA, 0x51E9, 0x51C9, 0x49A8, 0x4987, 0x51C8, 0x5A0A, 0x5A0A, 0x6A6C,
    0x726C, 0x620A, 0x49A8, 0x4167, 0x4167, 0x4167, 0x51A8, 0x620A, 0x6A4B, 0x51A8, 0x3905, 0x4988,
    0x726C, 0x726C, 0x620A, 0x6A4B, 0x6A4B, 0x51C9, 0x4988, 0x49A8, 0x49A8, 0x49A8, 0x49A8, 0x4187,
    0x49A8, 0x49A8, 0x49A8, 0x51E9, 0x51E9, 0x51C9, 0x51C9, 0x51C9, 0x51C9, 0x51C9, 0x51C9, 0x51C9,
    0x51C9, 0x51C9, 0x51C9, 0x51C9, 0x51C9, 0x51C9, 0x51C9, 0x51C9, 0x51E9, 0x51C9, 0x51E9, 0x51E9,
    0x51E9, 0x51E9, 0x51C9, 0x51C9, 0x51E9, 0x51C9, 0x51C8, 0x51C8, 0x51A8, 0x51A8, 0x51A8, 0x51A8,
    0x51C9, 0x51C9, 0x51C9, 0x51C9, 0x51C9, 0x51C9, 0x51E9, 0x51E9, 0x51E9, 0x51E9, 0x51E9, 0x51E9,
    0x51E9, 0x51E9, 0x51E9, 0x51E9, 0x51E9, 0x51E9, 0x51E9, 0x51E9, 0x51E9, 0x51E9, 0x51E9, 0x51E9,
    0x51C9, 0x51E9, 0x51E9, 0x51E9, 0x51E9, 0x51E9, 0x51E9, 0x51E9, 0x51E9, 0x51E9, 0x51E9, 0x51EA,
    0x520A, 0x5A0A, 0x520A, 0x520A, 0x51EA, 0x51EA, 0x51EA, 0x51EA, 0x51EA, 0x51EA, 0x51EA, 0x51EA,
    0x51EA, 0x51E9, 0x51E9, 0x51EA, 0x28E5, 0x28E5, 0x28E5, 0x28E5, 0x28E5, 0x28E5, 0x28E5, 0x28E5,
    0x28E5, 0x28E5, 0x28E5, 0x2905, 0x2905, 0x2905, 0x2905, 0x2925, 0x3125, 0x3125, 0x3125, 0x3125,
    0x3125, 0x3125, 0x3125, 0x3125, 0x3125, 0x3125, 0x3125, 0x3125, 0x3125, 0x3125, 0x3125, 0x3125,
    0x3125, 0x3125, 0x3125, 0x2905, 0x28E5, 0x3105, 0x3126, 0x3126, 0x3125, 0x3146, 0x3967, 0x3967,
    0x3946, 0x3926, 0x3926, 0x3926, 0x3946, 0x3946, 0x3946, 0x3946, 0x3946, 0x3946, 0x3946, 0x3946,
    0x3946, 0x3946, 0x3126, 0x3105, 0x30E5, 0x4147, 0x51C9, 0x59E9, 0x5A09, 0x5A0A, 0x5A0A, 0x622A,
    0x620A, 0x620A, 0x5A0A, 0x620A, 0x620A, 0x622B, 0x622B, 0x5A0A, 0x5A0A, 0x5A0A, 0x51E9, 0x51C8,
    0x51C8, 0x49A8, 0x4167, 0x3946, 0x3946, 0x3947, 0x4167, 0x4187, 0x49A8, 0x51C8, 0x59C9, 0x59E9,
    0x5A09, 0x6A4B, 0x6A6C, 0x726C, 0x728C, 0x728C, 0x728C, 0x728C, 0x726C, 0x726C, 0x6A4B, 0x6A4B,
    0x6A4B, 0x6A2B, 0x6A4B, 0x726C, 0x728C, 0x728C, 0x728C, 0x728C, 0x726C, 0x6A4B, 0x622B, 0x6A4B,
    0x728C, 0x72AD, 0x624B, 0x51C8, 0x4188, 0x4187, 0x3126, 0x3946, 0x3966, 0x3946, 0x3125, 0x2905,
    0x20A4, 0x1883, 0x18A3, 0x20C4, 0x2904, 0x2905, 0x2905, 0x3125, 0x3125, 0x2905, 0x2905, 0x3125,
    0x3125, 0x3125, 0x3125, 0x3125, 0x3126, 0x3126, 0x3126, 0x3125, 0x3125, 0x3125, 0x3125, 0x3105,
    0x3105, 0x3946, 0x41A8, 0x51E9, 0x51E9, 0x51E8, 0x5209, 0x49C8, 0x3966, 0x3105, 0x2905, 0x28E5,
    0x0820, 0x0000, 0x49C8, 0x622A, 0x61EA, 0x61EA, 0x5A0A, 0x3146, 0x3126, 0x3946, 0x4146, 0x4146,
    0x4967, 0x622A, 0x59E9, 0x3905, 0x49A8, 0x5A4A, 0x3105, 0x5A2A, 0x49C8, 0x1022, 0x28E5, 0x2905,
    0x28C4, 0x626B, 0x4988, 0x4146, 0x4167, 0x4167, 0x3946, 0x3105, 0x28E5, 0x3126, 0x3126, 0x3146,
    0x3146, 0x3125, 0x2905, 0x2905, 0x2905, 0x2925, 0x3126, 0x3146, 0x3126, 0x3946, 0x3946, 0x3926,
    0x3146, 0x3126, 0x28E5, 0x28E4, 0x2905, 0x3146, 0x3946, 0x3126, 0x3126, 0x3126, 0x3125, 0x3125,
    0x3946, 0x3946, 0x3125, 0x2905, 0x2905, 0x2905, 0x3105, 0x3126, 0x3125, 0x28E4, 0x1883, 0x1883,
    0x28C4, 0x3946, 0x4987, 0x4987, 0x4988, 0x4988, 0x4987, 0x4988, 0x49A8, 0x51C9, 0x51E9, 0x59E9,
    0x5A0A, 0x5A0A, 0x5A0A, 0x59E9, 0x5A09, 0x51E9, 0x28C4, 0x0801, 0x0000, 0x0000, 0x0000, 0x0000,
    0x0000, 0x0020, 0x0000, 0x0821, 0x20E4, 0x4187, 0x49A8, 0x4988, 0x4987, 0x4967, 0x4967, 0x4167,
    0x4167, 0x4967, 0x4988, 0x49A8, 0x51A9, 0x51A9, 0x51C9, 0x51C9, 0x49A8, 0x49A8, 0x4987, 0x4987,
    0x51C8, 0x59E9, 0x59EA, 0x622A, 0x6A4B, 0x6A6B, 0x51C9, 0x3946, 0x3946, 0x4987, 0x59E9, 0x624B,
    0x6A4B, 0x3905, 0x1822, 0x4987, 0x7ACD, 0x5A0A, 0x38E5, 0x59C9, 0x6A6B, 0x51A8, 0x4167, 0x49A8,
    0x4987, 0x4167, 0x4167, 0x3946, 0x4167, 0x4988, 0x49C9, 0x51C9, 0x51C9, 0x51C9, 0x51C9, 0x51C9,
    0x51C9, 0x51C9, 0x51C9, 0x51C9, 0x51C9, 0x51C9, 0x51C9, 0x51C9, 0x51C9, 0x49C9, 0x51C8, 0x51E9,
    0x51E9, 0x51C9, 0x51E9, 0x51C9, 0x51C9, 0x51C9, 0x51C9, 0x51C8, 0x51C8, 0x59C9, 0x622A, 0x6A6B,
    0x6A4B, 0x6A6B, 0x6A6B, 0x626B, 0x624A, 0x59E9, 0x51A8, 0x51A8, 0x51A8, 0x51C9, 0x51E9, 0x51E9,
    0x51E9, 0x51E9, 0x51E9, 0x51E9, 0x51E9, 0x51E9, 0x51E9, 0x51E9, 0x51E9, 0x51E9, 0x59E9, 0x59E9,
    0x59E9, 0x51E9, 0x51E9, 0x51E9, 0x51E9, 0x51E9, 0x51E9, 0x51E9, 0x51E9, 0x51E9, 0x51EA, 0x59EA,
    0x51EA, 0x51C9, 0x51C9, 0x51C9, 0x51E9, 0x51E9, 0x51C9, 0x51C9, 0x51C9, 0x51C9, 0x51C9, 0x51C9,
    0x51C9, 0x51C9, 0x51C9, 0x51C9, 0x51C9, 0x51C9, 0x51C9, 0x51C9, 0x28E5, 0x28E5, 0x2905, 0x2905,
    0x2905, 0x2905, 0x2905, 0x2905, 0x2905, 0x2905, 0x2905, 0x2905, 0x2905, 0x2905, 0x2905, 0x3125,
    0x3125, 0x3125, 0x3125, 0x3125, 0x2905, 0x2905, 0x2905, 0x2905, 0x2925, 0x3125, 0x3125, 0x3125,
    0x3125, 0x3125, 0x3125, 0x3125, 0x3125, 0x3125, 0x3125, 0x3125, 0x2905, 0x3105, 0x3126, 0x3126,
    0x3946, 0x3946, 0x3946, 0x3946, 0x3926, 0x3946, 0x3946, 0x3946, 0x3946, 0x3946, 0x3946, 0x3946,
    0x3946, 0x3946, 0x3946, 0x3946, 0x3946, 0x3946, 0x3126, 0x3905, 0x4147, 0x51C9, 0x620A, 0x620A,
    0x620A, 0x5A0A, 0x620A, 0x622A, 0x620A, 0x5A0A, 0x620A, 0x622B, 0x6A6C, 0x728C, 0x728C, 0x72AC,
    0x72AD, 0x728C, 0x6A6C, 0x6A4B, 0x6A4B, 0x624B, 0x622B, 0x59EA, 0x4968, 0x4147, 0x4147, 0x4167,
    0x4947, 0x4967, 0x4967, 0x4967, 0x49A8, 0x620A, 0x6A6B, 0x728C, 0x728C, 0x728C, 0x728C, 0x728C,
    0x728C, 0x728C, 0x6A4B, 0x6A2B, 0x622B, 0x622B, 0x622B, 0x6A4B, 0x6A4B, 0x6A6B, 0x728C, 0x728C,
    0x728C, 0x6A6C, 0x6A4B, 0x6A4B, 0x6A4B, 0x6A6C, 0x622A, 0x49A8, 0x4167, 0x4167, 0x3926, 0x3926,
    0x3946, 0x3126, 0x28E4, 0x20C4, 0x20A4, 0x20C4, 0x20E4, 0x2905, 0x2905, 0x2905, 0x3125, 0x3125,
    0x2925, 0x2905, 0x2905, 0x2925, 0x3125, 0x3125, 0x3125, 0x3126, 0x3125, 0x3125, 0x3125, 0x3125,
    0x3125, 0x3125, 0x3126, 0x3125, 0x3105, 0x2905, 0x3105, 0x28E4, 0x30E5, 0x3125, 0x20E4, 0x20C3,
    0x1862, 0x1862, 0x3966, 0x41A7, 0x28E4, 0x20A4, 0x49A8, 0x620A, 0x59E9, 0x59E9, 0x49C8, 0x1883,
    0x1062, 0x20C4, 0x4167, 0x4147, 0x4167, 0x59E9, 0x51C9, 0x4987, 0x5A09, 0x5A4A, 0x28A4, 0x49A8,
    0x41A8, 0x20A4, 0x3105, 0x2905, 0x28E5, 0x5209, 0x51C8, 0x4988, 0x4988, 0x51A8, 0x51C9, 0x4167,
    0x3105, 0x3105, 0x3126, 0x3146, 0x2905, 0x2905, 0x2905, 0x2905, 0x28E4, 0x28E4, 0x2905, 0x3125,
    0x3126, 0x3946, 0x3946, 0x3126, 0x3126, 0x3125, 0x2905, 0x28E5, 0x2905, 0x2925, 0x3146, 0x3126,
    0x3126, 0x3125, 0x3125, 0x3125, 0x3146, 0x3946, 0x3146, 0x3105, 0x2905, 0x2905, 0x2905, 0x2925,
    0x20C4, 0x18A3, 0x1883, 0x1883, 0x20C4, 0x3946, 0x4988, 0x4987, 0x4988, 0x4988, 0x4988, 0x4987,
    0x4188, 0x49A8, 0x49A8, 0x49A8, 0x51A9, 0x51C9, 0x51C8, 0x51C8, 0x51C9, 0x51C9, 0x4167, 0x3106,
    0x3105, 0x3105, 0x2905, 0x28E4, 0x1041, 0x0000, 0x0020, 0x0000, 0x0021, 0x20C4, 0x3967, 0x41A7,
    0x4988, 0x4988, 0x4987, 0x4167, 0x4167, 0x4167, 0x4167, 0x4987, 0x4988, 0x4988, 0x4988, 0x4988,
    0x49A8, 0x49A8, 0x49A8, 0x51C8, 0x51E9, 0x59E9, 0x59E9, 0x59EA, 0x620A, 0x624B, 0x5A09, 0x4987,
    0x4147, 0x51A8, 0x622A, 0x726C, 0x726C, 0x59C9, 0x4967, 0x622A, 0x7ACD, 0x5A0A, 0x3906, 0x59EA,
    0x728C, 0x51C8, 0x4147, 0x4167, 0x4187, 0x4187, 0x4187, 0x4187, 0x4187, 0x49A8, 0x51C9, 0x51C9,
    0x51C9, 0x51C9, 0x51C9, 0x51C9, 0x51C9, 0x51C9, 0x51C9, 0x51C9, 0x51C9, 0x51C9, 0x51C9, 0x51C9,
    0x51C9, 0x49C9, 0x49C8, 0x49C8, 0x51C8, 0x51C9, 0x51E9, 0x51E9, 0x51C9, 0x51C9, 0x51C9, 0x5A0A,
    0x622A, 0x622B, 0x726C, 0x72AC, 0x6A6B, 0x622A, 0x620A, 0x622A, 0x5A0A, 0x622A, 0x622A, 0x59E9,
    0x51C9, 0x51C9, 0x51C9, 0x51C9, 0x51E9, 0x51E9, 0x51E9, 0x51E9, 0x51E9, 0x51E9, 0x5A0A, 0x5A0A,
    0x59EA, 0x59EA, 0x5A0A, 0x5A0A, 0x5A0A, 0x5A0A, 0x5A0A, 0x5A0A, 0x5A0A, 0x5A0A, 0x5A0A, 0x5A0A,
    0x5A0A, 0x59EA, 0x51EA, 0x59EA, 0x51EA, 0x51C9, 0x51C9, 0x51C9, 0x51E9, 0x51C9, 0x51C9, 0x51C9,
    0x51C9, 0x51E9, 0x51E9, 0x51E9, 0x51E9, 0x51E9, 0x51E9, 0x51E9, 0x51E9, 0x51C9, 0x51E9, 0x51E9,
    0x28E5, 0x2905, 0x3125, 0x3125, 0x3125, 0x3125, 0x3125, 0x3125, 0x3125, 0x3125, 0x3125, 0x3125,
    0x3125, 0x3125, 0x3125, 0x3125, 0x3125, 0x3125, 0x3125, 0x3125, 0x2905, 0x28E4, 0x2905, 0x2905,
    0x2905, 0x2925, 0x3125, 0x3125, 0x3125, 0x3125, 0x3125, 0x3125, 0x3125, 0x3125, 0x3125, 0x3125,
    0x2925, 0x2905, 0x3125, 0x3146, 0x3967, 0x3946, 0x3946, 0x3946, 0x3126, 0x3926, 0x3947, 0x4167,
    0x3946, 0x3126, 0x3946, 0x3946, 0x3946, 0x3946, 0x3967, 0x3966, 0x3967, 0x3926, 0x3105, 0x4187,
    0x59E9, 0x620A, 0x620A, 0x620A, 0x620A, 0x620A, 0x620A, 0x622A, 0x622A, 0x622B, 0x6A6B, 0x728C,
    0x7AAD, 0x7AAD, 0x7AAD, 0x7AAD, 0x7AAD, 0x728D, 0x728D, 0x728C, 0x728C, 0x728D, 0x728D, 0x726C,
    0x622B, 0x620A, 0x620B, 0x620A, 0x620A, 0x620A, 0x622A, 0x59E9, 0x49A8, 0x51C8, 0x622A, 0x6A4B,
    0x6A6B, 0x6A6B, 0x6A6B, 0x6A6B, 0x6A6B, 0x6A4B, 0x6A4B, 0x624B, 0x624B, 0x624B, 0x622B, 0x622A,
    0x620A, 0x622B, 0x6A4B, 0x6A4B, 0x6A6B, 0x6A4B, 0x6A4B, 0x6A4B, 0x6A4B, 0x620A, 0x59E9, 0x51A8,
    0x4167, 0x4147, 0x3926, 0x3105, 0x3105, 0x28E5, 0x28C4, 0x28E4, 0x28E4, 0x2905, 0x2905, 0x3125,
    0x3125, 0x3125, 0x3125, 0x3125, 0x3125, 0x2925, 0x3125, 0x3125, 0x3125, 0x3146, 0x3146, 0x3126,
    0x3125, 0x3125, 0x3125, 0x3125, 0x3125, 0x3125, 0x3126, 0x3126, 0x3126, 0x3105, 0x28E4, 0x2083,
    0x28C4, 0x3966, 0x1882, 0x0000, 0x0000, 0x0820, 0x3125, 0x3966, 0x4167, 0x49A8, 0x51C9, 0x59E9,
    0x59E9, 0x51C9, 0x3146, 0x0000, 0x0000, 0x1042, 0x4187, 0x4167, 0x4187, 0x49A8, 0x51E9, 0x5A0A,
    0x5A2A, 0x51E9, 0x3105, 0x3946, 0x3966, 0x3146, 0x3126, 0x3146, 0x3946, 0x3946, 0x49A8, 0x51C9,
    0x59E9, 0x624B, 0x6A8C, 0x6A6B, 0x5A09, 0x4187, 0x3946, 0x3126, 0x2905, 0x28E4, 0x2905, 0x2905,
    0x2905, 0x2905, 0x28E5, 0x2905, 0x3125, 0x3126, 0x3126, 0x3125, 0x3125, 0x3125, 0x3125, 0x3125,
    0x2925, 0x2925, 0x3125, 0x3125, 0x3125, 0x3125, 0x3126, 0x3126, 0x3125, 0x3146, 0x3146, 0x3126,
    0x3105, 0x2905, 0x2905, 0x2905, 0x20A3, 0x1883, 0x18A3, 0x1883, 0x20C4, 0x3966, 0x4987, 0x4987,
    0x4987, 0x4988, 0x49A8, 0x4987, 0x4167, 0x4167, 0x4968, 0x4988, 0x4988, 0x4988, 0x49A8, 0x4988,
    0x51A8, 0x51A8, 0x51A8, 0x51C9, 0x51E9, 0x51E9, 0x51E9, 0x51E8, 0x3125, 0x0821, 0x0000, 0x0000,
    0x0000, 0x0000, 0x1883, 0x3125, 0x4167, 0x4187, 0x4988, 0x4988, 0x4988, 0x49A8, 0x4187, 0x4987,
    0x49A8, 0x4987, 0x4987, 0x41A8, 0x49A8, 0x4188, 0x49C8, 0x51E9, 0x59E9, 0x59EA, 0x59EA, 0x59C9,
    0x51A9, 0x5A09, 0x622A, 0x5A09, 0x51A8, 0x51C9, 0x6A2B, 0x726C, 0x7A8C, 0x728C, 0x728C, 0x728C,
    0x728C, 0x6A4B, 0x622A, 0x726C, 0x728C, 0x51C9, 0x4167, 0x3946, 0x4167, 0x49A8, 0x51C9, 0x51C9,
    0x51C9, 0x49C9, 0x51C9, 0x51C9, 0x51E9, 0x51C9, 0x51C9, 0x51C9, 0x51C9, 0x51C9, 0x51C9, 0x51E9,
    0x51E9, 0x51E9, 0x51C9, 0x51C9, 0x51C9, 0x51C9, 0x51E9, 0x51E8, 0x51C9, 0x51E9, 0x51E9, 0x51C9,
    0x51C9, 0x51E9, 0x622A, 0x6A6B, 0x728C, 0x728C, 0x726C, 0x620A, 0x51A8, 0x49A8, 0x4988, 0x4988,
    0x4988, 0x59E9, 0x622A, 0x6A6B, 0x624B, 0x51E9, 0x51A8, 0x51C9, 0x51E9, 0x51E9, 0x51E9, 0x51E9,
    0x51E9, 0x51E9, 0x59EA, 0x5A0A, 0x5A0A, 0x5A0A, 0x5A0A, 0x5A0A, 0x5A0A, 0x5A0A, 0x59EA, 0x59EA,
    0x59EA, 0x59E9, 0x59E9, 0x59E9, 0x5A0A, 0x5A0A, 0x51E9, 0x51EA, 0x51EA, 0x51C9, 0x51E9, 0x51E9,
    0x51E9, 0x51E9, 0x51E9, 0x51E9, 0x51E9, 0x51E9, 0x51E9, 0x51E9, 0x51E9, 0x51E9, 0x51E9, 0x51E9,
    0x51E9, 0x51E9, 0x51E9, 0x51E9, 0x28E5, 0x2905, 0x3125, 0x3125, 0x3125, 0x3125, 0x3125, 0x3125,
    0x3125, 0x3125, 0x3125, 0x3125, 0x3125, 0x3125, 0x3126, 0x3125, 0x3125, 0x3126, 0x2905, 0x2905,
    0x2905, 0x28E4, 0x2905, 0x2905, 0x2925, 0x3125, 0x3125, 0x3125, 0x3125, 0x3125, 0x3125, 0x3125,
    0x3125, 0x3125, 0x3125, 0x3125, 0x3125, 0x2905, 0x3125, 0x3126, 0x3946, 0x3946, 0x3946, 0x3946,
    0x3126, 0x3126, 0x3946, 0x3966, 0x3946, 0x3105, 0x3946, 0x3966, 0x3946, 0x3946, 0x3967, 0x3946,
    0x3946, 0x3126, 0x3946, 0x51C9, 0x620A, 0x620A, 0x620A, 0x5A0A, 0x620A, 0x620A, 0x620A, 0x622A,
    0x622A, 0x6A6C, 0x72AD, 0x72AD, 0x7AAD, 0x7AAD, 0x72AD, 0x72AD, 0x72AD, 0x728D, 0x728D, 0x728D,
    0x728D, 0x728D, 0x728D, 0x728D, 0x7A8D, 0x7AAD, 0x72AD, 0x72AD, 0x72AD, 0x7AAD, 0x7AAD, 0x728C,
    0x5A09, 0x49A8, 0x49A8, 0x51C8, 0x51E9, 0x59E9, 0x59E9, 0x59E9, 0x51E9, 0x59E9, 0x5A0A, 0x5A0A,
    0x5A0A, 0x5A0A, 0x620A, 0x620A, 0x622A, 0x6A4B, 0x6A6C, 0x6A6C, 0x6A6B, 0x6A6B, 0x6A6B, 0x6A6B,
    0x6A6B, 0x622A, 0x61EA, 0x59C9, 0x49A8, 0x4988, 0x4187, 0x3946, 0x3125, 0x28E5, 0x28E4, 0x2905,
    0x2905, 0x3125, 0x3146, 0x3146, 0x3125, 0x3145, 0x3125, 0x3125, 0x3125, 0x3125, 0x3125, 0x3125,
    0x3126, 0x3146, 0x3146, 0x3126, 0x3126, 0x3125, 0x3125, 0x3125, 0x3125, 0x3125, 0x3105, 0x3126,
    0x3926, 0x3126, 0x3105, 0x3125, 0x49A8, 0x5A6B, 0x3126, 0x0000, 0x0000, 0x0000, 0x1062, 0x28C4,
    0x4167, 0x49A8, 0x51A8, 0x51C8, 0x51C9, 0x49A8, 0x3946, 0x20A3, 0x1883, 0x18A3, 0x3966, 0x4167,
    0x4187, 0x49A8, 0x59E9, 0x59E9, 0x4988, 0x3946, 0x3926, 0x3146, 0x3146, 0x3146, 0x3146, 0x3946,
    0x41A7, 0x4167, 0x49A8, 0x51C9, 0x59E9, 0x5A0A, 0x5A0A, 0x59E9, 0x626B, 0x5A2A, 0x3146, 0x2905,
    0x2925, 0x2905, 0x3125, 0x3125, 0x3125, 0x3125, 0x2905, 0x2905, 0x3125, 0x3146, 0x3146, 0x3126,
    0x3126, 0x3125, 0x3126, 0x3125, 0x3125, 0x3125, 0x3105, 0x3105, 0x3105, 0x3125, 0x3125, 0x3125,
    0x3105, 0x3126, 0x3146, 0x3126, 0x2905, 0x28E5, 0x28E5, 0x28E4, 0x20A3, 0x20A3, 0x20C4, 0x20C4,
    0x28E4, 0x3125, 0x4147, 0x4987, 0x4987, 0x4988, 0x4988, 0x4987, 0x4988, 0x51A8, 0x59E9, 0x622A,
    0x622A, 0x620A, 0x59EA, 0x51A9, 0x4988, 0x49A8, 0x51A9, 0x51C9, 0x51E9, 0x51E9, 0x51E9, 0x59E9,
    0x49C8, 0x20C4, 0x0000, 0x0000, 0x0000, 0x0000, 0x0000, 0x0842, 0x18A3, 0x20C4, 0x3946, 0x49A8,
    0x49A8, 0x49C8, 0x49C8, 0x49E9, 0x49E9, 0x49C8, 0x49C8, 0x49C8, 0x3105, 0x3106, 0x51C9, 0x5A0A,
    0x51E9, 0x59EA, 0x59EA, 0x59C9, 0x51A8, 0x51C8, 0x5A09, 0x5A0A, 0x59E9, 0x51C9, 0x59EA, 0x6A2B,
    0x6A2B, 0x6A6B, 0x6A6C, 0x6A4B, 0x726C, 0x726C, 0x728C, 0x728C, 0x726B, 0x59E9, 0x49A8, 0x4988,
    0x49A8, 0x51C8, 0x51E9, 0x51E9, 0x51E9, 0x51C9, 0x51E9, 0x51E9, 0x51E9, 0x51E9, 0x51E9, 0x51E9,
    0x51E9, 0x51E9, 0x51E9, 0x51E9, 0x51E9, 0x51E9, 0x51E9, 0x51E9, 0x51E9, 0x51E9, 0x51E9, 0x51E9,
    0x5209, 0x51E9, 0x51E9, 0x51C9, 0x51C8, 0x59E9, 0x6A6B, 0x726C, 0x728C, 0x7AAC, 0x6A6B, 0x4988,
    0x3926, 0x4187, 0x4987, 0x4987, 0x4987, 0x4987, 0x49A8, 0x6A6B, 0x72AC, 0x6A4B, 0x5A09, 0x51E9,
    0x51C9, 0x51E9, 0x51E9, 0x51E9, 0x51E9, 0x51E9, 0x51E9, 0x51EA, 0x59EA, 0x59EA, 0x51EA, 0x51EA,
    0x51EA, 0x51EA, 0x59E9, 0x59E9, 0x59E9, 0x51E9, 0x51E9, 0x51E9, 0x5A09, 0x5A09, 0x51E9, 0x51E9,
    0x51E9, 0x51E9, 0x51E9, 0x51E9, 0x51E9, 0x51E9, 0x51E9, 0x51E9, 0x51E9, 0x51E9, 0x51E9, 0x51E9,
    0x51E9, 0x51E9, 0x51E9, 0x51E9, 0x51E9, 0x51E9, 0x51E9, 0x51E9, 0x2905, 0x3125, 0x3125, 0x3125,
    0x3125, 0x3125, 0x3125, 0x3125, 0x3125, 0x3125, 0x3125, 0x3125, 0x3125, 0x3125, 0x3126, 0x3125,
    0x3125, 0x3126, 0x2905, 0x28E4, 0x28E4, 0x28E5, 0x2905, 0x3125, 0x3125, 0x3125, 0x3125, 0x3125,
    0x3125, 0x3125, 0x2905, 0x2905, 0x3125, 0x3125, 0x3125, 0x3125, 0x3125, 0x3126, 0x3125, 0x2905,
    0x3105, 0x3126, 0x3946, 0x3946, 0x3126, 0x3926, 0x3126, 0x3126, 0x3125, 0x3105, 0x3946, 0x3966,
    0x3946, 0x3946, 0x3946, 0x3946, 0x3126, 0x3926, 0x49A8, 0x59E9, 0x620A, 0x620A, 0x5A0A, 0x5A0A,
    0x620A, 0x620A, 0x620A, 0x622A, 0x6A4B, 0x728C, 0x72AD, 0x72AD, 0x72AD, 0x7AAD, 0x7AAD, 0x728D,
    0x726C, 0x728D, 0x728D, 0x728D, 0x728D, 0x728D, 0x728D, 0x728D, 0x728D, 0x728D, 0x728D, 0x728D,
    0x728D, 0x728D, 0x72AD, 0x7ACD, 0x6A6C, 0x5A0A, 0x49A8, 0x4167, 0x4147, 0x4146, 0x4167, 0x4167,
    0x4187, 0x4987, 0x4988, 0x4988, 0x49A8, 0x49C8, 0x51C9, 0x59E9, 0x622A, 0x6A6B, 0x72AC, 0x72CD,
    0x7ACD, 0x7ACD, 0x72AC, 0x728C, 0x6A6C, 0x6A6C, 0x6A4B, 0x6A4B, 0x622B, 0x624B, 0x622A, 0x59E9,
    0x59E9, 0x51C9, 0x3946, 0x28E5, 0x2925, 0x3126, 0x3146, 0x3126, 0x3125, 0x3125, 0x2905, 0x2925,
    0x3146, 0x3146, 0x3125, 0x3125, 0x3125, 0x3125, 0x3125, 0x3125, 0x3126, 0x3125, 0x3125, 0x3125,
    0x3125, 0x3125, 0x2905, 0x3105, 0x3105, 0x30E5, 0x3105, 0x4167, 0x5A0A, 0x626B, 0x3966, 0x0821,
    0x0821, 0x1062, 0x1882, 0x28E4, 0x3946, 0x4167, 0x4167, 0x4987, 0x49A8, 0x4967, 0x4967, 0x51E9,
    0x49A8, 0x3946, 0x3966, 0x3946, 0x4167, 0x49A8, 0x51E9, 0x4988, 0x3905, 0x4167, 0x3926, 0x3105,
    0x2905, 0x2905, 0x3125, 0x4167, 0x5A0A, 0x624A, 0x59E9, 0x51E9, 0x51E9, 0x3105, 0x20A3, 0x2083,
    0x3146, 0x3987, 0x28E4, 0x28E4, 0x3125, 0x2925, 0x3125, 0x3125, 0x3125, 0x3125, 0x3125, 0x3125,
    0x3126, 0x3146, 0x3946, 0x3946, 0x3146, 0x3105, 0x2905, 0x28E5, 0x2905, 0x3125, 0x3126, 0x3126,
    0x3126, 0x3125, 0x2925, 0x3125, 0x3125, 0x3126, 0x3146, 0x3146, 0x28E4, 0x20C4, 0x20C4, 0x28C4,
    0x28C4, 0x2905, 0x3125, 0x3126, 0x3105, 0x3105, 0x4987, 0x5A09, 0x5A2A, 0x51C9, 0x49A8, 0x51C9,
    0x622A, 0x6A4B, 0x728C, 0x7AAD, 0x7AAD, 0x72AD, 0x726C, 0x622B, 0x59EA, 0x51A9, 0x51A8, 0x51A8,
    0x51A8, 0x49A8, 0x51C8, 0x51E9, 0x5209, 0x4187, 0x20C3, 0x1882, 0x1062, 0x0841, 0x0841, 0x0821,
    0x0821, 0x1062, 0x20C4, 0x28E4, 0x28E5, 0x2905, 0x3126, 0x3146, 0x3146, 0x3125, 0x2905, 0x2905,
    0x1862, 0x28E4, 0x51E9, 0x51E9, 0x51C9, 0x51E9, 0x51C9, 0x51C9, 0x4988, 0x4967, 0x4988, 0x51C9,
    0x59E9, 0x59E9, 0x51E9, 0x59C9, 0x59C9, 0x59C9, 0x59EA, 0x620A, 0x6A4B, 0x726C, 0x724C, 0x726C,
    0x6A4B, 0x620A, 0x59E9, 0x51E9, 0x51E9, 0x59E9, 0x51E9, 0x51C9, 0x51C9, 0x51E9, 0x5A0A, 0x5A0A,
    0x59EA, 0x59E9, 0x59E9, 0x59E9, 0x59E9, 0x59EA, 0x59EA, 0x59EA, 0x59EA, 0x59EA, 0x59EA, 0x59EA,
    0x5A0A, 0x5A09, 0x5209, 0x5209, 0x5A09, 0x59E9, 0x51E9, 0x51C9, 0x49A8, 0x51C9, 0x624B, 0x6A2B,
    0x6A4B, 0x728C, 0x6A6B, 0x51C8, 0x3926, 0x3966, 0x4187, 0x49A8, 0x49C8, 0x41A7, 0x4987, 0x59E9,
    0x7AAD, 0x72CD, 0x6A6B, 0x5A0A, 0x51C9, 0x51C9, 0x51E9, 0x51E9, 0x51E9, 0x51E9, 0x51E9, 0x51C9,
    0x51C9, 0x51C9, 0x51C9, 0x51C9, 0x51C9, 0x51E9, 0x5A0A, 0x5A0A, 0x5A0A, 0x5A09, 0x5A09, 0x5A09,
    0x5A09, 0x51E9, 0x51E9, 0x51E9, 0x51EA, 0x5A0A, 0x51EA, 0x51E9, 0x51E9, 0x51E9, 0x51E9, 0x51E9,
    0x51E9, 0x51E9, 0x51E9, 0x51E9, 0x51E9, 0x51E9, 0x51E9, 0x51E9, 0x51E9, 0x51E9, 0x51E9, 0x51E9,
    0x2905, 0x2925, 0x2905, 0x3125, 0x3125, 0x3125, 0x3125, 0x3125, 0x3125, 0x3125, 0x3125, 0x2905,
    0x3125, 0x3125, 0x3125, 0x3125, 0x3125, 0x3125, 0x3125, 0x28E5, 0x28E4, 0x28E5, 0x2905, 0x3125,
    0x3126, 0x3125, 0x3125, 0x3126, 0x3126, 0x3125, 0x2905, 0x2905, 0x3125, 0x3125, 0x3125, 0x3125,
    0x3125, 0x3125, 0x3125, 0x2905, 0x2905, 0x3125, 0x3946, 0x3946, 0x3946, 0x3926, 0x3926, 0x3126,
    0x2905, 0x3105, 0x3125, 0x3946, 0x3946, 0x3126, 0x3126, 0x3146, 0x3105, 0x3926, 0x51E9, 0x5A0A,
    0x5A0A, 0x5A09, 0x5A0A, 0x5A0A, 0x620A, 0x620A, 0x620A, 0x6A4B, 0x728C, 0x728C, 0x728C, 0x728D,
    0x728D, 0x728D, 0x728D, 0x6A6C, 0x6A4C, 0x728D, 0x728D, 0x728D, 0x728D, 0x728D, 0x728D, 0x728D,
    0x728D, 0x728D, 0x728D, 0x728D, 0x728D, 0x728D, 0x728D, 0x728D, 0x728D, 0x72AD, 0x624B, 0x51C9,
    0x4167, 0x3926, 0x3926, 0x3946, 0x4167, 0x4167, 0x4167, 0x4147, 0x3946, 0x3966, 0x3967, 0x4187,
    0x49A8, 0x51E9, 0x51E9, 0x624B, 0x6A8C, 0x6A8B, 0x728C, 0x728C, 0x726C, 0x7A8D, 0x728D, 0x728D,
    0x728D, 0x728D, 0x72AD, 0x728D, 0x7AAD, 0x7ACD, 0x5A2A, 0x3105, 0x2905, 0x3125, 0x3126, 0x3125,
    0x3125, 0x3125, 0x2925, 0x2905, 0x3125, 0x3125, 0x3125, 0x3125, 0x3125, 0x2925, 0x3125, 0x3125,
    0x3125, 0x3125, 0x3125, 0x3126, 0x3126, 0x3126, 0x3105, 0x3946, 0x4146, 0x4126, 0x4147, 0x51E9,
    0x59E9, 0x49C8, 0x3126, 0x20A3, 0x20C4, 0x2905, 0x3146, 0x3146, 0x3146, 0x3946, 0x3946, 0x4167,
    0x4187, 0x4967, 0x51A8, 0x622A, 0x620A, 0x51C8, 0x49A8, 0x4167, 0x4167, 0x4987, 0x51C8, 0x4967,
    0x4147, 0x5A0A, 0x4987, 0x3105, 0x3926, 0x3926, 0x3946, 0x51E9, 0x6A6B, 0x6A6B, 0x5A09, 0x51C8,
    0x49A8, 0x20E4, 0x0820, 0x0000, 0x1041, 0x20C4, 0x3105, 0x3126, 0x3126, 0x3125, 0x3125, 0x3125,
    0x3125, 0x3125, 0x3146, 0x3125, 0x3125, 0x3126, 0x3946, 0x3966, 0x3946, 0x2905, 0x20C4, 0x20C4,
    0x28C4, 0x2905, 0x3146, 0x3946, 0x3146, 0x3125, 0x3125, 0x2925, 0x3125, 0x3125, 0x3146, 0x3146,
    0x28E4, 0x28E4, 0x2905, 0x3105, 0x3126, 0x3946, 0x3966, 0x3946, 0x3946, 0x4967, 0x622A, 0x72AC,
    0x72CD, 0x622B, 0x59EA, 0x6A4B, 0x7AAD, 0x7AAD, 0x7AAD, 0x728D, 0x728D, 0x726D, 0x728C, 0x728D,
    0x728C, 0x620A, 0x59E9, 0x59C9, 0x51A8, 0x49A8, 0x49A8, 0x49C8, 0x49E8, 0x49C8, 0x4187, 0x3946,
    0x28E4, 0x20C4, 0x20C4, 0x20C4, 0x20E4, 0x2925, 0x20C3, 0x1041, 0x0821, 0x0821, 0x0000, 0x0000,
    0x0020, 0x0000, 0x0000, 0x0821, 0x1883, 0x4166, 0x51C8, 0x51C9, 0x59E9, 0x59E9, 0x59E9, 0x59E9,
    0x51A8, 0x4987, 0x4988, 0x51C9, 0x59E9, 0x5A09, 0x59C9, 0x59C9, 0x59E9, 0x51C9, 0x51C9, 0x51C8,
    0x51C9, 0x620A, 0x622B, 0x620A, 0x59E9, 0x59E9, 0x5A09, 0x5A09, 0x59E9, 0x59E9, 0x59E9, 0x59C9,
    0x59E9, 0x5A0A, 0x622A, 0x622B, 0x620A, 0x5A0A, 0x59EA, 0x59EA, 0x5A0A, 0x59EA, 0x59EA, 0x59EA,
    0x59EA, 0x59EA, 0x59EA, 0x59EA, 0x5A0A, 0x5A09, 0x5209, 0x5209, 0x51E9, 0x59E9, 0x5A09, 0x51E9,
    0x4188, 0x51C8, 0x620A, 0x59E9, 0x622A, 0x6A6B, 0x6A6B, 0x622A, 0x4987, 0x3946, 0x4187, 0x41A7,
    0x49A8, 0x4987, 0x49A8, 0x620A, 0x7AAD, 0x72AD, 0x72AD, 0x6A4B, 0x51C9, 0x51C9, 0x51E9, 0x51E9,
    0x51E9, 0x51E9, 0x51E9, 0x51EA, 0x51C9, 0x51C9, 0x51C9, 0x51C9, 0x51E9, 0x51E9, 0x5209, 0x51E9,
    0x51E9, 0x59E9, 0x59E9, 0x59E9, 0x51EA, 0x51EA, 0x51EA, 0x51E9, 0x51EA, 0x51EA, 0x51CA, 0x51C9,
    0x51EA, 0x51EA, 0x51EA, 0x51EA, 0x51E9, 0x51E9, 0x51E9, 0x51E9, 0x51E9, 0x51E9, 0x51E9, 0x51E9,
    0x51E9, 0x51E9, 0x51E9, 0x51E9, 0x20C4, 0x20E4, 0x2905, 0x3105, 0x3125, 0x3125, 0x3125, 0x3125,
    0x3125, 0x3125, 0x3125, 0x2905, 0x28E5, 0x2905, 0x2905, 0x2905, 0x2905, 0x3125, 0x3125, 0x3125,
    0x2905, 0x2905, 0x3125, 0x3125, 0x3125, 0x3125, 0x3126, 0x3126, 0x3126, 0x3126, 0x3125, 0x2905,
    0x3125, 0x3125, 0x3125, 0x3126, 0x3125, 0x3125, 0x3125, 0x2905, 0x28E4, 0x2905, 0x3146, 0x3967,
    0x3946, 0x3946, 0x3946, 0x3126, 0x3126, 0x2905, 0x2905, 0x3125, 0x3125, 0x3125, 0x3125, 0x3125,
    0x28E5, 0x3946, 0x51E9, 0x5A0A, 0x5A0A, 0x5A09, 0x5A09, 0x5A0A, 0x620A, 0x620A, 0x6A4B, 0x728C,
    0x72AC, 0x728C, 0x728C, 0x728D, 0x728D, 0x6A4C, 0x6A4B, 0x726C, 0x728D, 0x728D, 0x728D, 0x728D,
    0x728D, 0x728D, 0x728D, 0x728D, 0x728D, 0x728D, 0x728D, 0x728D, 0x728D, 0x728D, 0x728D, 0x728D,
    0x728D, 0x7AAD, 0x728C, 0x6A6B, 0x624B, 0x49C8, 0x4146, 0x4166, 0x4187, 0x49A8, 0x49A8, 0x3946,
    0x3105, 0x2905, 0x2905, 0x2905, 0x28E5, 0x28E4, 0x28E4, 0x3105, 0x3105, 0x3925, 0x51C8, 0x6A6B,
    0x726C, 0x7A8D, 0x7A8D, 0x728D, 0x728D, 0x728C, 0x728C, 0x7A8D, 0x7A8D, 0x7ACD, 0x72AD, 0x51E9,
    0x30E5, 0x2905, 0x3126, 0x3125, 0x3125, 0x3125, 0x3125, 0x3125, 0x2905, 0x2905, 0x2905, 0x3125,
    0x3125, 0x2905, 0x2905, 0x3125, 0x3125, 0x3125, 0x3125, 0x3126, 0x3946, 0x3126, 0x3926, 0x4987,
    0x5A0A, 0x728C, 0x726C, 0x728C, 0x59E9, 0x3926, 0x28E5, 0x3146, 0x3146, 0x3966, 0x3947, 0x3946,
    0x3946, 0x4146, 0x3946, 0x3926, 0x4147, 0x5A0A, 0x622A, 0x620A, 0x620A, 0x622A, 0x5A0A, 0x49A8,
    0x4187, 0x4988, 0x51C9, 0x51E9, 0x51C9, 0x51C9, 0x51C9, 0x51E9, 0x5A2A, 0x5A0A, 0x5A0A, 0x624B,
    0x624B, 0x622A, 0x51C9, 0x4987, 0x3105, 0x5229, 0x3966, 0x0800, 0x30E5, 0x51C9, 0x624B, 0x5A0A,
    0x3946, 0x3126, 0x3125, 0x3145, 0x3125, 0x3125, 0x3125, 0x3125, 0x3125, 0x3125, 0x3946, 0x3966,
    0x3946, 0x3125, 0x28E4, 0x28E4, 0x28E4, 0x2905, 0x3126, 0x3146, 0x3146, 0x3125, 0x3125, 0x2925,
    0x2925, 0x3125, 0x3146, 0x3146, 0x28E4, 0x2905, 0x3966, 0x3966, 0x4187, 0x3966, 0x3946, 0x4987,
    0x59E9, 0x6A4B, 0x726C, 0x728C, 0x728C, 0x728C, 0x726C, 0x726C, 0x728D, 0x728D, 0x7A8D, 0x728D,
    0x728D, 0x726D, 0x726C, 0x728D, 0x7AAD, 0x728C, 0x728C, 0x726C, 0x622A, 0x4988, 0x4147, 0x3967,
    0x4167, 0x4187, 0x3946, 0x3926, 0x3105, 0x3105, 0x3125, 0x3125, 0x3125, 0x3125, 0x3125, 0x3125,
    0x3125, 0x2904, 0x1883, 0x0821, 0x0000, 0x0000, 0x18A3, 0x3145, 0x4187, 0x49A8, 0x51A8, 0x5A0A,
    0x624A, 0x622B, 0x6A4B, 0x6A6C, 0x6A4B, 0x6A4B, 0x622A, 0x59E9, 0x59E9, 0x59E9, 0x51A8, 0x51C8,
    0x5A0A, 0x622A, 0x5A2A, 0x49A8, 0x4147, 0x49A8, 0x51C9, 0x4988, 0x4167, 0x49A8, 0x59E9, 0x59E9,
    0x51C9, 0x59E9, 0x59E9, 0x59E9, 0x622A, 0x6A4B, 0x622B, 0x622A, 0x622B, 0x622A, 0x620A, 0x620A,
    0x5A0A, 0x5A0A, 0x5A0A, 0x5A0A, 0x5A0A, 0x5A0A, 0x59EA, 0x5A0A, 0x5A0A, 0x5A09, 0x5A09, 0x5209,
    0x51E9, 0x59E9, 0x5A0A, 0x49C8, 0x3946, 0x49A8, 0x5A0A, 0x59E9, 0x620A, 0x622A, 0x6A6B, 0x728C,
    0x624B, 0x51C8, 0x4167, 0x4167, 0x4187, 0x49A8, 0x5A0A, 0x728C, 0x7AAD, 0x7A8D, 0x72AD, 0x726C,
    0x622B, 0x59EA, 0x59E9, 0x51E9, 0x51E9, 0x51E9, 0x51EA, 0x51EA, 0x51EA, 0x51EA, 0x51C9, 0x51C9,
    0x51C9, 0x51C9, 0x51C9, 0x51C9, 0x51C9, 0x51E9, 0x51C9, 0x51C9, 0x51C9, 0x51C9, 0x51C9, 0x51C9,
    0x51C9, 0x51C9, 0x51C9, 0x51C9, 0x51E9, 0x51E9, 0x51E9, 0x51E9, 0x51E9, 0x51E9, 0x51E9, 0x51E9,
    0x51E9, 0x51E9, 0x51E9, 0x51E9, 0x51E9, 0x51E9, 0x51E9, 0x51E9, 0x20C3, 0x20C4, 0x2905, 0x2905,
    0x3105, 0x2905, 0x2905, 0x2905, 0x3125, 0x3125, 0x3125, 0x2905, 0x28E4, 0x28E5, 0x28E4, 0x28E5,
    0x2905, 0x2905, 0x3125, 0x3126, 0x3125, 0x3125, 0x3125, 0x3125, 0x3125, 0x3126, 0x3146, 0x3946,
    0x3926, 0x3926, 0x3126, 0x3125, 0x3125, 0x3125, 0x3125, 0x3146, 0x3146, 0x3125, 0x3125, 0x2905,
    0x28E4, 0x28E4, 0x3146, 0x3967, 0x3967, 0x3967, 0x3947, 0x3946, 0x3146, 0x3125, 0x2925, 0x3105,
    0x3125, 0x3125, 0x2925, 0x2905, 0x3105, 0x4187, 0x5209, 0x5A0A, 0x5A0A, 0x5A09, 0x59E9, 0x5A09,
    0x59E9, 0x6A4B, 0x72AD, 0x72AD, 0x72AD, 0x728D, 0x728C, 0x728D, 0x728C, 0x622B, 0x6A2B, 0x728D,
    0x728D, 0x728D, 0x728D, 0x728D, 0x728D, 0x728D, 0x728D, 0x728D, 0x728D, 0x728D, 0x728D, 0x728D,
    0x728D, 0x728D, 0x728D, 0x728D, 0x728D, 0x728C, 0x6A6B, 0x624B, 0x5A2A, 0x49A8, 0x3966, 0x3946,
    0x3946, 0x3966, 0x3966, 0x3125, 0x28E5, 0x28E4, 0x28E4, 0x20E4, 0x20C4, 0x20C3, 0x20C3, 0x18C3,
    0x18A3, 0x20C3, 0x3966, 0x5A09, 0x6A6B, 0x7A8D, 0x7A8D, 0x728D, 0x728D, 0x728C, 0x728C, 0x728D,
    0x728D, 0x7AAD, 0x7ACE, 0x728C, 0x4147, 0x28E5, 0x2925, 0x3125, 0x3125, 0x3125, 0x3125, 0x3125,
    0x2905, 0x2905, 0x2905, 0x2925, 0x2905, 0x2905, 0x2905, 0x3125, 0x3125, 0x3125, 0x3125, 0x3146,
    0x3946, 0x3946, 0x3926, 0x4146, 0x59E9, 0x7ACD, 0x7ACD, 0x728C, 0x59E9, 0x4147, 0x3105, 0x3946,
    0x3125, 0x3946, 0x4166, 0x4146, 0x3946, 0x3946, 0x4146, 0x3926, 0x4988, 0x6A4B, 0x622A, 0x622A,
    0x6A2A, 0x6A6B, 0x6A6B, 0x51E9, 0x4987, 0x4988, 0x51C8, 0x51E9, 0x51E9, 0x51C8, 0x51E9, 0x5A09,
    0x622A, 0x622A, 0x622A, 0x5A0A, 0x5A09, 0x59E9, 0x51A8, 0x49A8, 0x30C4, 0x5A2A, 0x49C8, 0x28A4,
    0x51A8, 0x6A4B, 0x726C, 0x726C, 0x51E9, 0x3946, 0x3105, 0x2925, 0x2925, 0x2925, 0x3125, 0x3146,
    0x3125, 0x3125, 0x3146, 0x3946, 0x3126, 0x3105, 0x2905, 0x2905, 0x28E5, 0x2905, 0x3125, 0x3126,
    0x3126, 0x3125, 0x3105, 0x3125, 0x2925, 0x3125, 0x3146, 0x3125, 0x28E4, 0x2905, 0x3146, 0x3966,
    0x4187, 0x4167, 0x4147, 0x622A, 0x728C, 0x7ACD, 0x7A8C, 0x726C, 0x728C, 0x7A8D, 0x7A6C, 0x7A6D,
    0x728D, 0x728D, 0x728C, 0x728D, 0x728C, 0x7A8C, 0x7A8D, 0x7AAD, 0x7A8D, 0x7AAD, 0x7AAD, 0x7AAD,
    0x728C, 0x59E9, 0x4167, 0x3926, 0x3125, 0x3126, 0x3125, 0x3125, 0x3105, 0x3125, 0x3125, 0x3105,
    0x3105, 0x3105, 0x3125, 0x3966, 0x3966, 0x3966, 0x3946, 0x3125, 0x1883, 0x1862, 0x3987, 0x51E9,
    0x49C8, 0x49A8, 0x51A8, 0x622A, 0x726C, 0x728C, 0x726C, 0x728C, 0x728C, 0x728C, 0x6A6B, 0x620A,
    0x59C9, 0x59C9, 0x51A8, 0x51C9, 0x59E9, 0x5A2A, 0x624A, 0x51C8, 0x4167, 0x49C8, 0x51A9, 0x4187,
    0x4167, 0x4988, 0x51C9, 0x59E9, 0x59E9, 0x59E9, 0x59C9, 0x59E9, 0x622A, 0x624B, 0x622B, 0x622A,
    0x620A, 0x5A0A, 0x5A0A, 0x5A0A, 0x5A0A, 0x59EA, 0x59EA, 0x59EA, 0x59EA, 0x59EA, 0x59EA, 0x59EA,
    0x5A0A, 0x5A09, 0x51E9, 0x51E9, 0x51E9, 0x59E9, 0x5A0A, 0x49A8, 0x3926, 0x4988, 0x59E9, 0x59E9,
    0x59E9, 0x5A0A, 0x624B, 0x6A8C, 0x72AC, 0x6A6B, 0x5A0A, 0x5A0A, 0x622A, 0x624A, 0x726C, 0x7ACD,
    0x7AAD, 0x7A8D, 0x7AAD, 0x728C, 0x624B, 0x5A0A, 0x5A0A, 0x5A0A, 0x5A09, 0x5A0A, 0x5A0A, 0x5A0A,
    0x5A0A, 0x59EA, 0x51E9, 0x51E9, 0x59E9, 0x51E9, 0x51C9, 0x51C9, 0x51C9, 0x51C9, 0x51C9, 0x51C9,
    0x51CA, 0x51CA, 0x51C9, 0x51C9, 0x51C9, 0x51CA, 0x51C9, 0x51C9, 0x51E9, 0x51E9, 0x51E9, 0x51E9,
    0x51E9, 0x51E9, 0x51E9, 0x51E9, 0x51E9, 0x51E9, 0x51E9, 0x51E9, 0x51E9, 0x51E9, 0x51E9, 0x51C9,
    0x18C3, 0x20C4, 0x20C4, 0x28E5, 0x2905, 0x2905, 0x2905, 0x3125, 0x3125, 0x3125, 0x3125, 0x3125,
    0x2905, 0x2905, 0x28E5, 0x28E5, 0x2905, 0x3125, 0x3125, 0x3125, 0x3125, 0x3125, 0x3125, 0x3125,
    0x3125, 0x3126, 0x3146, 0x3126, 0x3926, 0x3946, 0x3126, 0x3125, 0x3125, 0x3125, 0x3125, 0x3125,
    0x3125, 0x3125, 0x3125, 0x3125, 0x28E4, 0x20C4, 0x28E5, 0x3125, 0x3946, 0x3967, 0x3967, 0x3967,
    0x3966, 0x3146, 0x3126, 0x3125, 0x3125, 0x3125, 0x3125, 0x2905, 0x3125, 0x4167, 0x51C9, 0x51E9,
    0x51E9, 0x51E9, 0x59E9, 0x59E9, 0x5A0A, 0x728C, 0x7ACD, 0x72AD, 0x728D, 0x728C, 0x728C, 0x6A6C,
    0x6A2B, 0x6A6C, 0x728D, 0x728D, 0x728D, 0x728D, 0x728D, 0x728D, 0x728D, 0x728D, 0x728D, 0x728D,
    0x728D, 0x728D, 0x72AD, 0x72AD, 0x728D, 0x728D, 0x728D, 0x728D, 0x622B, 0x4988, 0x3905, 0x3105,
    0x3105, 0x3125, 0x28E4, 0x20C4, 0x20C4, 0x20C4, 0x20C4, 0x20E4, 0x28E4, 0x28E4, 0x20C4, 0x20C3,
    0x20C3, 0x20E4, 0x18C3, 0x1082, 0x0862, 0x1082, 0x18A3, 0x3125, 0x5A2A, 0x7AAD, 0x7A8D, 0x7A8D,
    0x728D, 0x728D, 0x728D, 0x728D, 0x728D, 0x728D, 0x7A8D, 0x7A8C, 0x620A, 0x3946, 0x2905, 0x3125,
    0x3125, 0x3146, 0x3146, 0x3125, 0x2905, 0x3125, 0x3125, 0x3125, 0x2905, 0x28E4, 0x2905, 0x3125,
    0x3125, 0x3125, 0x3126, 0x3146, 0x3146, 0x3146, 0x3126, 0x3925, 0x4987, 0x6A8C, 0x7ACD, 0x6A6C,
    0x59E9, 0x51C9, 0x49A8, 0x2905, 0x1042, 0x20C3, 0x3125, 0x2905, 0x20A3, 0x2083, 0x49A8, 0x5A0A,
    0x622A, 0x624B, 0x622A, 0x622A, 0x6A4B, 0x6A6B, 0x6A8B, 0x5A2A, 0x51E9, 0x4987, 0x4187, 0x49A8,
    0x49A8, 0x49A8, 0x49A8, 0x49A8, 0x49A8, 0x49A8, 0x49A8, 0x51A8, 0x49A8, 0x49A8, 0x49A8, 0x49C8,
    0x1062, 0x1883, 0x4167, 0x51E9, 0x624B, 0x6A4B, 0x6A4B, 0x6A4B, 0x6A6B, 0x51C9, 0x3105, 0x2905,
    0x3125, 0x2925, 0x3125, 0x3146, 0x3125, 0x3125, 0x3126, 0x3126, 0x3126, 0x3126, 0x3125, 0x3125,
    0x2905, 0x2905, 0x3125, 0x3126, 0x3126, 0x3126, 0x3126, 0x3125, 0x3126, 0x3146, 0x3146, 0x3125,
    0x2905, 0x2905, 0x3125, 0x3146, 0x3966, 0x49A8, 0x6A4B, 0x7AAD, 0x7AAD, 0x7AAD, 0x7AAD, 0x728C,
    0x728C, 0x728D, 0x726D, 0x726D, 0x726D, 0x728D, 0x728D, 0x728D, 0x726C, 0x726C, 0x728C, 0x7AAD,
    0x7AAD, 0x7A8D, 0x7AAD, 0x7AAD, 0x7AAD, 0x7ACD, 0x620A, 0x4167, 0x3105, 0x28E4, 0x20C3, 0x20C3,
    0x20E4, 0x20E4, 0x20C4, 0x20C3, 0x20C3, 0x20C3, 0x20E4, 0x20E4, 0x2904, 0x2925, 0x3145, 0x3987,
    0x3987, 0x4187, 0x49A8, 0x49A8, 0x4167, 0x4988, 0x59E9, 0x6A4B, 0x728C, 0x726C, 0x6A4B, 0x6A4B,
    0x6A4C, 0x6A6C, 0x6A6B, 0x6A4B, 0x6A4B, 0x6A4B, 0x6A4B, 0x5A0A, 0x59C9, 0x59C9, 0x59E9, 0x51C9,
    0x51C9, 0x51E9, 0x51C9, 0x51C8, 0x51A9, 0x51C9, 0x620A, 0x622B, 0x622B, 0x620A, 0x59C9, 0x51C9,
    0x59EA, 0x5A0A, 0x5A0A, 0x5A0A, 0x5A0A, 0x59E9, 0x51E9, 0x51E9, 0x51C9, 0x51E9, 0x51C9, 0x51C9,
    0x51E9, 0x51C9, 0x51C9, 0x51C9, 0x51E9, 0x51E9, 0x51E9, 0x51C9, 0x51C9, 0x51E9, 0x59E9, 0x49A8,
    0x3946, 0x49A8, 0x59E9, 0x59E9, 0x59E9, 0x51C9, 0x51C9, 0x5A0A, 0x622A, 0x6A4B, 0x6A6B, 0x6A8C,
    0x728C, 0x7ACD, 0x7ACD, 0x7ACD, 0x7AAD, 0x7A8D, 0x72AD, 0x728C, 0x620B, 0x59EA, 0x59E9, 0x59E9,
    0x59EA, 0x5A0A, 0x5A0A, 0x59EA, 0x5A0A, 0x59EA, 0x5A0A, 0x59EA, 0x59E9, 0x59EA, 0x51C9, 0x51E9,
    0x51E9, 0x51EA, 0x51EA, 0x51EA, 0x51CA, 0x51CA, 0x51CA, 0x51EA, 0x51EA, 0x51CA, 0x51E9, 0x51E9,
    0x51E9, 0x51E9, 0x51E9, 0x51E9, 0x51E9, 0x51E9, 0x51E9, 0x51C9, 0x51C9, 0x51E9, 0x51EA, 0x51E9,
    0x51E9, 0x51E9, 0x51C9, 0x51E9, 0x20C4, 0x20C4, 0x20C4, 0x20C4, 0x2905, 0x2925, 0x3125, 0x3125,
    0x3125, 0x3125, 0x3125, 0x3125, 0x3125, 0x3125, 0x3125, 0x3125, 0x3125, 0x3125, 0x3125, 0x3125,
    0x3125, 0x3125, 0x3125, 0x3125, 0x3125, 0x3125, 0x3126, 0x3126, 0x3146, 0x3946, 0x3126, 0x3125,
    0x3125, 0x3125, 0x3125, 0x2925, 0x2925, 0x3125, 0x3125, 0x3125, 0x2925, 0x2904, 0x20E4, 0x28E4,
    0x3126, 0x3946, 0x4167, 0x3967, 0x3947, 0x3146, 0x3146, 0x3126, 0x3125, 0x3105, 0x3105, 0x2905,
    0x3126, 0x4167, 0x49C8, 0x51E9, 0x51E9, 0x5209, 0x5A09, 0x59E9, 0x59E9, 0x6A4B, 0x728D, 0x728D,
    0x728D, 0x728D, 0x6A4B, 0x620A, 0x6A4B, 0x728C, 0x728D, 0x728D, 0x728D, 0x728D, 0x728D, 0x728D,
    0x728D, 0x728D, 0x728D, 0x728D, 0x728D, 0x728D, 0x728D, 0x728D, 0x728D, 0x6A4C, 0x620B, 0x51C9,
    0x3926, 0x2905, 0x20E4, 0x20C3, 0x20C3, 0x18A3, 0x1082, 0x1042, 0x1042, 0x0821, 0x18A3, 0x3166,
    0x41A7, 0x41A7, 0x4187, 0x3987, 0x3986, 0x3987, 0x3145, 0x1062, 0x0000, 0x0000, 0x0841, 0x20A3,
    0x49C8, 0x72AD, 0x7AAD, 0x7A8D, 0x728D, 0x728D, 0x728C, 0x728C, 0x728C, 0x726C, 0x726C, 0x726C,
    0x6A6B, 0x51E9, 0x3146, 0x2905, 0x3125, 0x3125, 0x3125, 0x2925, 0x2925, 0x3125, 0x3125, 0x3125,
    0x2905, 0x28E4, 0x2905, 0x3125, 0x3125, 0x3125, 0x3125, 0x3146, 0x3146, 0x3146, 0x3146, 0x3105,
    0x3926, 0x622A, 0x72CD, 0x622B, 0x51E9, 0x51C9, 0x51C9, 0x2905, 0x0000, 0x0800, 0x1041, 0x1061,
    0x0000, 0x1021, 0x49C8, 0x620A, 0x622A, 0x622A, 0x622A, 0x622A, 0x6A4B, 0x6A6B, 0x6A6B, 0x51E9,
    0x51E9, 0x49A8, 0x4987, 0x3946, 0x3946, 0x4167, 0x4167, 0x4167, 0x4187, 0x4187, 0x4187, 0x4187,
    0x4967, 0x4987, 0x4187, 0x3987, 0x0000, 0x1042, 0x5A09, 0x5A2A, 0x624B, 0x622B, 0x622B, 0x622A,
    0x6A4B, 0x51C9, 0x3946, 0x3126, 0x2925, 0x3125, 0x3125, 0x3125, 0x3125, 0x2925, 0x2925, 0x3125,
    0x3126, 0x3126, 0x3126, 0x3125, 0x2905, 0x2905, 0x3126, 0x3946, 0x3946, 0x3946, 0x3126, 0x2905,
    0x3125, 0x3146, 0x3146, 0x3125, 0x2905, 0x28E4, 0x28E4, 0x2905, 0x3125, 0x622A, 0x82CD, 0x82CD,
    0x7A8D, 0x7AAD, 0x72AD, 0x728C, 0x728D, 0x728D, 0x728D, 0x726D, 0x726D, 0x728D, 0x728D, 0x7AAD,
    0x726C, 0x620A, 0x622B, 0x726C, 0x728D, 0x72AD, 0x7A8D, 0x728D, 0x728D, 0x728D, 0x6A6C, 0x59E9,
    0x30E5, 0x1042, 0x0841, 0x0862, 0x1062, 0x1062, 0x1062, 0x1062, 0x1062, 0x1062, 0x1062, 0x0841,
    0x1062, 0x1882, 0x20E4, 0x2925, 0x3125, 0x3126, 0x4167, 0x4167, 0x4167, 0x4988, 0x59E9, 0x6A4B,
    0x728C, 0x726C, 0x6A2B, 0x620B, 0x6A2B, 0x6A2B, 0x6A4B, 0x6A4B, 0x6A4B, 0x6A6B, 0x728C, 0x728C,
    0x6A6B, 0x6A6B, 0x6A6B, 0x624A, 0x622A, 0x622A, 0x622A, 0x620A, 0x620A, 0x6A4B, 0x728C, 0x728C,
    0x728C, 0x726C, 0x622B, 0x59EA, 0x59E9, 0x59EA, 0x5A0A, 0x5A0A, 0x5A0A, 0x59E9, 0x51E9, 0x51E9,
    0x51C9, 0x51E9, 0x51E9, 0x51C9, 0x51E9, 0x51E9, 0x51C9, 0x51E9, 0x51E9, 0x51C9, 0x51C9, 0x51C9,
    0x51C9, 0x59C9, 0x59E9, 0x49A8, 0x4147, 0x49A8, 0x51C9, 0x51E9, 0x51E9, 0x51E9, 0x51C8, 0x49A8,
    0x51E9, 0x5A0A, 0x5A0A, 0x622A, 0x6A4B, 0x728C, 0x728C, 0x72AD, 0x72AC, 0x728D, 0x72AD, 0x6A8C,
    0x5A0A, 0x59EA, 0x59EA, 0x59EA, 0x59EA, 0x59EA, 0x59EA, 0x59EA, 0x5A0A, 0x5A0A, 0x5A0A, 0x5A0A,
    0x5A0A, 0x5A0A, 0x5A0A, 0x5A0A, 0x5A0A, 0x5A0A, 0x5A0A, 0x59EA, 0x51C9, 0x51C9, 0x51E9, 0x51E9,
    0x51EA, 0x51E9, 0x51C9, 0x51E9, 0x51E9, 0x51C9, 0x51C9, 0x51C9, 0x51C9, 0x51C9, 0x51C9, 0x51C9,
    0x51C9, 0x51C9, 0x51E9, 0x51E9, 0x51E9, 0x51C9, 0x51C9, 0x51C9, 0x18C3, 0x18C3, 0x18C4, 0x20C4,
    0x20E4, 0x28E5, 0x3105, 0x3126, 0x3125, 0x3125, 0x3125, 0x3105, 0x3125, 0x3125, 0x3126, 0x3126,
    0x3125, 0x3125, 0x3125, 0x3125, 0x3126, 0x3125, 0x3125, 0x3125, 0x3126, 0x3125, 0x2925, 0x2925,
    0x2925, 0x3125, 0x3125, 0x3125, 0x3125, 0x3125, 0x3125, 0x3125, 0x3125, 0x3125, 0x3125, 0x3125,
    0x3125, 0x2925, 0x2905, 0x2905, 0x2905, 0x3946, 0x4167, 0x4167, 0x3946, 0x3966, 0x3946, 0x3946,
    0x3126, 0x3125, 0x3125, 0x3125, 0x3946, 0x4167, 0x4987, 0x49A8, 0x49A8, 0x49C8, 0x51E9, 0x51E9,
    0x59E9, 0x622B, 0x6A6C, 0x728D, 0x728D, 0x6A4C, 0x622B, 0x6A4B, 0x728C, 0x728C, 0x728C, 0x728D,
    0x728D, 0x728D, 0x728D, 0x728D, 0x728D, 0x728D, 0x728D, 0x728D, 0x728D, 0x728D, 0x728D, 0x728D,
    0x728D, 0x6A4C, 0x59EA, 0x4167, 0x20C4, 0x1062, 0x0841, 0x1082, 0x18A3, 0x20C4, 0x2904, 0x3125,
    0x3966, 0x3987, 0x3987, 0x41A7, 0x41A8, 0x4187, 0x4187, 0x4187, 0x4167, 0x4167, 0x3946, 0x3125,
    0x3125, 0x3125, 0x3146, 0x3125, 0x51A8, 0x72AD, 0x7A8D, 0x728C, 0x728C, 0x728C, 0x728C, 0x728C,
    0x728C, 0x726C, 0x6A6C, 0x6A6C, 0x728C, 0x626B, 0x4187, 0x2905, 0x2925, 0x3125, 0x3125, 0x3125,
    0x3125, 0x3125, 0x3125, 0x3125, 0x2905, 0x2905, 0x3125, 0x3125, 0x3125, 0x3125, 0x3126, 0x3146,
    0x3146, 0x3946, 0x3125, 0x3105, 0x4147, 0x624B, 0x72AC, 0x59EA, 0x51E9, 0x51C9, 0x51C8, 0x2904,
    0x0000, 0x0841, 0x3125, 0x4187, 0x3125, 0x28E5, 0x51C8, 0x5A0A, 0x622A, 0x5A0A, 0x5A0A, 0x622A,
    0x6A6B, 0x626B, 0x624B, 0x59E9, 0x51E9, 0x51C9, 0x49A8, 0x4167, 0x3967, 0x4167, 0x4167, 0x4167,
    0x4167, 0x4167, 0x4167, 0x4167, 0x4167, 0x4167, 0x4987, 0x51E9, 0x49C8, 0x51E8, 0x622A, 0x5A0A,
    0x6A4B, 0x6A4B, 0x622A, 0x620A, 0x622B, 0x5A0A, 0x49C8, 0x3966, 0x2905, 0x2905, 0x3125, 0x3125,
    0x3125, 0x3125, 0x3125, 0x3125, 0x3126, 0x3126, 0x3125, 0x3105, 0x2905, 0x2905, 0x3146, 0x3946,
    0x3946, 0x3146, 0x3125, 0x2905, 0x3125, 0x3126, 0x3126, 0x3125, 0x2905, 0x28E4, 0x20E4, 0x28E4,
    0x3967, 0x6A8C, 0x82CD, 0x82AD, 0x7AAD, 0x728C, 0x728C, 0x726C, 0x728D, 0x728D, 0x726D, 0x726D,
    0x726D, 0x726D, 0x7A8D, 0x7A8D, 0x726C, 0x6A4B, 0x620A, 0x620A, 0x6A4B, 0x726C, 0x728D, 0x728D,
    0x726D, 0x726D, 0x726C, 0x6A6B, 0x51E9, 0x3946, 0x20E4, 0x20E4, 0x2904, 0x2905, 0x2905, 0x3105,
    0x2905, 0x2905, 0x2904, 0x20C4, 0x18A3, 0x1062, 0x1082, 0x18A3, 0x20A3, 0x28E4, 0x3926, 0x3946,
    0x3946, 0x4987, 0x51C9, 0x6A2B, 0x728C, 0x726C, 0x6A4B, 0x622B, 0x622B, 0x622B, 0x622B, 0x622B,
    0x6A4B, 0x728C, 0x624B, 0x49A8, 0x4987, 0x49A8, 0x49A8, 0x4187, 0x4967, 0x59E9, 0x622A, 0x622A,
    0x622B, 0x726C, 0x728C, 0x728C, 0x728C, 0x728C, 0x6A6B, 0x622B, 0x59EA, 0x51C9, 0x51E9, 0x51C9,
    0x51C9, 0x51C9, 0x51C9, 0x51E9, 0x51E9, 0x51E9, 0x51E9, 0x51E9, 0x51E9, 0x51E9, 0x51E9, 0x51E9,
    0x51E9, 0x51E9, 0x51E9, 0x51E9, 0x51E9, 0x59EA, 0x5A0A, 0x51C9, 0x49A8, 0x51C9, 0x51C9, 0x49C8,
    0x49C8, 0x49C8, 0x49A8, 0x49A8, 0x51A8, 0x51A9, 0x51A8, 0x51A8, 0x51E9, 0x622B, 0x624B, 0x6A4B,
    0x6A6B, 0x6A6B, 0x728C, 0x624B, 0x51EA, 0x59EA, 0x5A0A, 0x5A0A, 0x5A0A, 0x5A0A, 0x5A0A, 0x5A0A,
    0x5A0A, 0x5A0A, 0x5A0A, 0x5A0A, 0x5A0A, 0x59E9, 0x59E9, 0x59E9, 0x51E9, 0x51E9, 0x51E9, 0x51E9,
    0x51E9, 0x51E9, 0x51E9, 0x51E9, 0x51E9, 0x51E9, 0x51C9, 0x51C9, 0x51E9, 0x51C9, 0x51E9, 0x51EA,
    0x51E9, 0x51E9, 0x51E9, 0x51EA, 0x59EA, 0x5A0A, 0x5A0A, 0x5A0A, 0x5A0A, 0x5A0A, 0x5A0A, 0x5A0A,
    0x20A3, 0x18A3, 0x18A3, 0x20C4, 0x18C4, 0x20C4, 0x2905, 0x3125, 0x3105, 0x3126, 0x2905, 0x2905,
    0x3126, 0x3146, 0x3146, 0x3146, 0x3126, 0x3125, 0x3125, 0x3125, 0x3126, 0x3126, 0x3125, 0x3125,
    0x3125, 0x2905, 0x28E5, 0x2905, 0x2905, 0x2925, 0x3125, 0x3125, 0x3125, 0x2925, 0x3125, 0x3125,
    0x3125, 0x3125, 0x3125, 0x3125, 0x3125, 0x2925, 0x3125, 0x2905, 0x2905, 0x3946, 0x4146, 0x4167,
    0x4167, 0x4167, 0x3967, 0x3947, 0x3946, 0x3926, 0x3926, 0x3125, 0x3946, 0x4167, 0x4167, 0x4167,
    0x4167, 0x4187, 0x49C8, 0x51C9, 0x59E9, 0x622B, 0x6A6C, 0x726C, 0x6A4C, 0x620B, 0x622B, 0x728C,
    0x72AD, 0x72AC, 0x728D, 0x728D, 0x728D, 0x728D, 0x728D, 0x728D, 0x728D, 0x728D, 0x728D, 0x728D,
    0x728D, 0x728D, 0x728D, 0x726D, 0x726D, 0x728C, 0x6A6C, 0x49C9, 0x1863, 0x0000, 0x0000, 0x0800,
    0x1062, 0x20A3, 0x3125, 0x4187, 0x49A8, 0x49C8, 0x41A8, 0x3966, 0x3966, 0x4167, 0x4187, 0x4187,
    0x4146, 0x3926, 0x4126, 0x51C9, 0x5A2A, 0x5A0A, 0x5A09, 0x59E9, 0x622B, 0x728C, 0x7A8D, 0x726C,
    0x728D, 0x728D, 0x728D, 0x728D, 0x728D, 0x728D, 0x726C, 0x6A4B, 0x6A6C, 0x6A6C, 0x49A8, 0x2905,
    0x2905, 0x3125, 0x3125, 0x3125, 0x3125, 0x3125, 0x3125, 0x3125, 0x3125, 0x3125, 0x3126, 0x3126,
    0x3146, 0x3146, 0x3146, 0x3126, 0x3146, 0x3146, 0x3126, 0x3106, 0x4968, 0x6A4B, 0x728C, 0x59C9,
    0x51E9, 0x51C9, 0x49A8, 0x28E4, 0x0000, 0x1882, 0x4187, 0x51C8, 0x4187, 0x4167, 0x51E9, 0x5A0A,
    0x622A, 0x5A0A, 0x5A0A, 0x622B, 0x6A4B, 0x6A4B, 0x6A4B, 0x622A, 0x59E9, 0x51C8, 0x49A8, 0x49A8,
    0x49A8, 0x4988, 0x4988, 0x4988, 0x4988, 0x4167, 0x4167, 0x4167, 0x4167, 0x4147, 0x4967, 0x622A,
    0x72AC, 0x728C, 0x622A, 0x620A, 0x6A4A, 0x6A6B, 0x6A6B, 0x622B, 0x622B, 0x5A0A, 0x51E9, 0x4187,
    0x3105, 0x2905, 0x3125, 0x3125, 0x3105, 0x3125, 0x3146, 0x3146, 0x3146, 0x3126, 0x3125, 0x3125,
    0x2905, 0x2905, 0x3125, 0x3146, 0x3946, 0x3946, 0x3126, 0x3105, 0x3125, 0x3146, 0x3126, 0x3125,
    0x3125, 0x28E5, 0x20A4, 0x20C4, 0x41A8, 0x72AC, 0x82AD, 0x82AD, 0x7AAD, 0x728D, 0x6A4C, 0x6A4C,
    0x728D, 0x728D, 0x7A8D, 0x726D, 0x728D, 0x7A8D, 0x7AAD, 0x7A8D, 0x728C, 0x728C, 0x6A4B, 0x622B,
    0x620B, 0x620B, 0x622B, 0x6A4C, 0x728D, 0x728D, 0x728D, 0x72AC, 0x72AC, 0x5A2A, 0x3966, 0x3946,
    0x3967, 0x4167, 0x4187, 0x4187, 0x4187, 0x4187, 0x4187, 0x3966, 0x3125, 0x1883, 0x0841, 0x1041,
    0x1062, 0x20C3, 0x2904, 0x3125, 0x3946, 0x4187, 0x51C9, 0x620A, 0x6A4B, 0x726C, 0x726C, 0x6A4C,
    0x622B, 0x620A, 0x6A4B, 0x6A6B, 0x624B, 0x5A2A, 0x4187, 0x28E4, 0x28C4, 0x28C4, 0x28C4, 0x28C4,
    0x28C4, 0x3946, 0x51C8, 0x624B, 0x728C, 0x728C, 0x726C, 0x728C, 0x726C, 0x726C, 0x728C, 0x6A4B,
    0x620A, 0x51C9, 0x51E9, 0x59E9, 0x51C9, 0x51C9, 0x51C9, 0x51E9, 0x51E9, 0x51E9, 0x51C9, 0x51C9,
    0x51C8, 0x51C9, 0x51E9, 0x51E9, 0x5A0A, 0x59EA, 0x5A0A, 0x59E9, 0x51E9, 0x59E9, 0x5A0A, 0x51E9,
    0x51C9, 0x51C9, 0x51C9, 0x4988, 0x4188, 0x49C8, 0x51E9, 0x49A8, 0x51C8, 0x5A0A, 0x51C9, 0x51C8,
    0x49A8, 0x51E9, 0x5A2A, 0x622A, 0x624B, 0x6A6B, 0x6A6C, 0x624B, 0x51C9, 0x59EA, 0x5A0A, 0x5A0A,
    0x5A0A, 0x620B, 0x622B, 0x5A0A, 0x5A0A, 0x5A0A, 0x59EA, 0x5A0A, 0x5A0A, 0x51E9, 0x51E9, 0x51E9,
    0x51E9, 0x51E9, 0x51E9, 0x51E9, 0x51E9, 0x51E9, 0x51E9, 0x51E9, 0x51E9, 0x51E9, 0x51E9, 0x51CA,
    0x51CA, 0x51C9, 0x51EA, 0x5A0A, 0x5A0A, 0x5A0A, 0x5A0A, 0x5A0A, 0x5A0A, 0x5A0A, 0x5A0B, 0x5A0A,
    0x5A2B, 0x5A2B, 0x5A2A, 0x5A2B, 0x28E4, 0x20E4, 0x20C4, 0x20C4, 0x18C4, 0x18A3, 0x20E4, 0x3125,
    0x3125, 0x3126, 0x2925, 0x3105, 0x3126, 0x3946, 0x3946, 0x3946, 0x3126, 0x3126, 0x3126, 0x3125,
    0x3125, 0x3126, 0x3125, 0x3125, 0x2905, 0x2905, 0x28E5, 0x28E4, 0x28E4, 0x2905, 0x2905, 0x3125,
    0x3125, 0x2925, 0x3125, 0x3125, 0x3125, 0x3125, 0x3125, 0x3125, 0x3125, 0x3125, 0x3125, 0x2925,
    0x3105, 0x3946, 0x3946, 0x4167, 0x4167, 0x4147, 0x4147, 0x4167, 0x3946, 0x3967, 0x3946, 0x3125,
    0x3926, 0x4187, 0x49A8, 0x4187, 0x4167, 0x4167, 0x4988, 0x49A8, 0x51A8, 0x59EA, 0x6A2B, 0x6A4C,
    0x620A, 0x59CA, 0x6A4B, 0x7AAD, 0x72AD, 0x72AC, 0x728D, 0x728D, 0x728D, 0x728D, 0x728D, 0x728D,
    0x728D, 0x726C, 0x6A4C, 0x6A6C, 0x728D, 0x728D, 0x728D, 0x726D, 0x726D, 0x728D, 0x728D, 0x6A6C,
    0x51EA, 0x41A8, 0x4187, 0x4188, 0x4188, 0x3126, 0x28E4, 0x3105, 0x3105, 0x2905, 0x28E4, 0x20E4,
    0x28E4, 0x2905, 0x2925, 0x3105, 0x3946, 0x51C9, 0x622A, 0x6A6C, 0x728C, 0x728C, 0x726C, 0x6A6C,
    0x726C, 0x726C, 0x726C, 0x726C, 0x726C, 0x6A6C, 0x6A4C, 0x6A6C, 0x726D, 0x728C, 0x726C, 0x6A4B,
    0x622B, 0x5A2A, 0x49A8, 0x3105, 0x3125, 0x3125, 0x3125, 0x3125, 0x3125, 0x3125, 0x3125, 0x2925,
    0x3125, 0x3125, 0x3126, 0x3946, 0x3946, 0x3946, 0x3146, 0x3126, 0x3146, 0x3146, 0x3126, 0x3926,
    0x4988, 0x6A4B, 0x6A6C, 0x59E9, 0x59E9, 0x51E9, 0x49A8, 0x3105, 0x20A3, 0x2905, 0x4167, 0x4167,
    0x4167, 0x4987, 0x51E9, 0x5A0A, 0x5A0A, 0x5A0A, 0x59EA, 0x622B, 0x6A4B, 0x6A4B, 0x6A4B, 0x6A4B,
    0x622A, 0x5A0A, 0x5A2A, 0x5A0A, 0x620A, 0x5A2A, 0x620A, 0x622A, 0x59EA, 0x51C9, 0x4988, 0x4187,
    0x4187, 0x4988, 0x59E9, 0x6A4B, 0x728C, 0x726B, 0x622A, 0x620A, 0x622A, 0x6A4B, 0x6A4B, 0x622A,
    0x622B, 0x622B, 0x5A0A, 0x51C9, 0x3126, 0x3126, 0x3126, 0x3126, 0x3125, 0x3125, 0x3146, 0x3146,
    0x3146, 0x3126, 0x3125, 0x2925, 0x3125, 0x3126, 0x3125, 0x3125, 0x3126, 0x3946, 0x3946, 0x3126,
    0x3126, 0x3146, 0x3126, 0x3126, 0x2905, 0x3105, 0x20C4, 0x28E5, 0x49C8, 0x72AD, 0x7AAD, 0x7AAD,
    0x72AD, 0x6A6C, 0x622B, 0x6A4B, 0x728D, 0x728D, 0x7A8D, 0x7A8D, 0x726C, 0x6A6C, 0x726C, 0x728C,
    0x728C, 0x7AAD, 0x72AD, 0x6A6C, 0x6A4C, 0x622B, 0x59EA, 0x620A, 0x6A4B, 0x6A4C, 0x6A6B, 0x726C,
    0x6A4B, 0x51C8, 0x3946, 0x3946, 0x3946, 0x3946, 0x3946, 0x3946, 0x3946, 0x3946, 0x3946, 0x3966,
    0x3146, 0x2905, 0x20C4, 0x18A3, 0x1082, 0x1082, 0x20C3, 0x28E4, 0x3125, 0x4187, 0x49A8, 0x51C9,
    0x622A, 0x726C, 0x728C, 0x728D, 0x6A4C, 0x620A, 0x59E9, 0x4988, 0x3946, 0x3925, 0x3105, 0x3105,
    0x28E4, 0x28E4, 0x28E4, 0x30E5, 0x2904, 0x28E4, 0x3104, 0x4166, 0x59E9, 0x624B, 0x6A6C, 0x728D,
    0x7A6D, 0x7A8D, 0x728D, 0x726C, 0x622B, 0x59EA, 0x51E9, 0x5A0A, 0x51E9, 0x51E9, 0x51C9, 0x51E9,
    0x51E9, 0x51E9, 0x51E9, 0x51E9, 0x51E9, 0x51E9, 0x51E9, 0x59EA, 0x59EA, 0x59E9, 0x59EA, 0x59E9,
    0x51C9, 0x51E9, 0x51E9, 0x51E9, 0x51E9, 0x51E9, 0x59C9, 0x49A8, 0x4988, 0x51C8, 0x51C9, 0x4988,
    0x59E9, 0x6A6B, 0x5A0A, 0x4987, 0x49C8, 0x5A09, 0x51E9, 0x59E9, 0x622A, 0x624B, 0x622B, 0x5A0A,
    0x51EA, 0x59EA, 0x59EA, 0x5A0A, 0x59EA, 0x59EA, 0x59EA, 0x59EA, 0x59EA, 0x59EA, 0x59EA, 0x51E9,
    0x59EA, 0x51E9, 0x51E9, 0x51E9, 0x51E9, 0x51E9, 0x51E9, 0x51E9, 0x51E9, 0x51E9, 0x51EA, 0x51EA,
    0x51EA, 0x51EA, 0x51EA, 0x51EA, 0x51EA, 0x51C9, 0x51C9, 0x59EA, 0x59EA, 0x51EA, 0x51EA, 0x51EA,
    0x51EA, 0x51EA, 0x51EA, 0x51EA, 0x59EA, 0x59EA, 0x51EA, 0x51EA, 0x2905, 0x28E5, 0x28E4, 0x28E4,
    0x20A4, 0x18A4, 0x20C4, 0x2905, 0x3126, 0x3146, 0x3125, 0x3105, 0x3126, 0x3946, 0x3946, 0x3946,
    0x3926, 0x3126, 0x3126, 0x3126, 0x3125, 0x3126, 0x3125, 0x3125, 0x2905, 0x2904, 0x2905, 0x28E4,
    0x28E4, 0x2905, 0x2905, 0x3125, 0x3125, 0x2925, 0x3125, 0x3125, 0x3125, 0x3125, 0x3125, 0x3125,
    0x3125, 0x3125, 0x3125, 0x3126, 0x3146, 0x3126, 0x3946, 0x4167, 0x4167, 0x4147, 0x4147, 0x4167,
    0x4167, 0x4167, 0x3967, 0x3125, 0x3926, 0x4187, 0x51C8, 0x51C8, 0x4987, 0x4167, 0x4167, 0x4167,
    0x4167, 0x51A9, 0x622A, 0x6A4B, 0x5A0A, 0x620B, 0x728D, 0x7AAD, 0x72AD, 0x72AD, 0x72AD, 0x72AD,
    0x72AD, 0x728D, 0x728D, 0x728D, 0x728D, 0x6A6C, 0x622B, 0x622B, 0x6A6C, 0x728D, 0x728D, 0x728D,
    0x728D, 0x728D, 0x72AD, 0x7ACD, 0x7ACE, 0x72CD, 0x7ACD, 0x7AEE, 0x72AD, 0x51C9, 0x30E5, 0x28E4,
    0x28E4, 0x18A3, 0x1062, 0x1062, 0x1082, 0x18A2, 0x1082, 0x18A3, 0x4187, 0x6A8C, 0x82EE, 0x82CD,
    0x7AAD, 0x7AAD, 0x7AAD, 0x7AAD, 0x7A8D, 0x7A8D, 0x7A8D, 0x726C, 0x620A, 0x59EA, 0x620B, 0x6A4C,
    0x726C, 0x726C, 0x726C, 0x6A6C, 0x624B, 0x5A0A, 0x49A8, 0x2905, 0x2925, 0x3125, 0x3125, 0x3125,
    0x3125, 0x3125, 0x3125, 0x2925, 0x3125, 0x3146, 0x3146, 0x3946, 0x3946, 0x3946, 0x3146, 0x3946,
    0x3146, 0x3146, 0x3146, 0x3926, 0x51A8, 0x6A6B, 0x6A6B, 0x59E9, 0x59E9, 0x51E9, 0x49A8, 0x4167,
    0x3946, 0x3967, 0x3966, 0x3967, 0x4167, 0x49A8, 0x5A09, 0x5A0A, 0x59E9, 0x51E9, 0x59EA, 0x622B,
    0x6A2B, 0x6A4B, 0x6A4C, 0x6A4B, 0x6A6B, 0x6A6B, 0x6A6C, 0x6A6C, 0x6A6C, 0x6A6C, 0x728C, 0x728C,
    0x6A6B, 0x624A, 0x5A0A, 0x51E9, 0x51E9, 0x620A, 0x728C, 0x7A8C, 0x7A8C, 0x728C, 0x624A, 0x622A,
    0x622A, 0x622A, 0x622A, 0x6A6C, 0x622B, 0x622B, 0x622B, 0x51E9, 0x3946, 0x3146, 0x3146, 0x3126,
    0x3126, 0x3125, 0x3146, 0x3146, 0x3146, 0x3126, 0x3125, 0x2905, 0x3146, 0x3146, 0x2925, 0x3125,
    0x3125, 0x3946, 0x3946, 0x3946, 0x3946, 0x3946, 0x3126, 0x3126, 0x3125, 0x3126, 0x2905, 0x3946,
    0x5A2A, 0x7AED, 0x82CD, 0x82CE, 0x728D, 0x622B, 0x620B, 0x6A6C, 0x72AD, 0x72AD, 0x7AAD, 0x7AAD,
    0x6A4C, 0x620B, 0x620B, 0x6A2B, 0x728C, 0x7ACD, 0x7ACD, 0x7AAD, 0x72AD, 0x726C, 0x59EA, 0x59C9,
    0x59EA, 0x620A, 0x6A4B, 0x6A6B, 0x59E9, 0x4146, 0x3126, 0x3105, 0x3105, 0x3126, 0x3126, 0x3126,
    0x3105, 0x3105, 0x3126, 0x3146, 0x3146, 0x3126, 0x3966, 0x2925, 0x1082, 0x1061, 0x1082, 0x18A3,
    0x20C4, 0x3966, 0x49A8, 0x51C9, 0x622A, 0x6A6C, 0x728D, 0x7A8D, 0x7AAD, 0x622B, 0x3946, 0x20C4,
    0x20A3, 0x20A3, 0x3105, 0x4187, 0x49C8, 0x49A8, 0x49C8, 0x51E8, 0x49C8, 0x2905, 0x1883, 0x20A3,
    0x30E5, 0x51C9, 0x72AC, 0x7AAD, 0x7A6D, 0x7A8D, 0x72AD, 0x728C, 0x6A4B, 0x5A0A, 0x51E9, 0x5A0A,
    0x5A0A, 0x59E9, 0x51E9, 0x51E9, 0x5A0A, 0x5A0A, 0x5A0A, 0x5A0A, 0x520A, 0x59E9, 0x59EA, 0x59E9,
    0x59E9, 0x5A0A, 0x59E9, 0x51C9, 0x51C9, 0x51C9, 0x51C9, 0x51C9, 0x51E9, 0x5A0A, 0x5A0A, 0x51C9,
    0x49A8, 0x51C9, 0x51C9, 0x51E9, 0x622A, 0x72CC, 0x624B, 0x3926, 0x51E9, 0x626B, 0x59E9, 0x5A09,
    0x5A0A, 0x5A0A, 0x5A0A, 0x51E9, 0x51E9, 0x51C9, 0x51E9, 0x59E9, 0x51E9, 0x51C9, 0x51C9, 0x51C9,
    0x51C9, 0x51C9, 0x51C9, 0x51C9, 0x51C9, 0x51E9, 0x51E9, 0x51E9, 0x51E9, 0x51E9, 0x51C9, 0x51C9,
    0x51C9, 0x51C9, 0x51CA, 0x51C9, 0x51C9, 0x51C9, 0x51C9, 0x51C9, 0x51C9, 0x51C9, 0x51C9, 0x51C9,
    0x51C9, 0x51C9, 0x51C9, 0x51C9, 0x51C9, 0x51CA, 0x51C9, 0x51C9, 0x51C9, 0x51C9, 0x51E9, 0x51E9,
    0x28E5, 0x28E5, 0x28E5, 0x28E5, 0x20C4, 0x20C4, 0x20E4, 0x28E5, 0x3125, 0x3146, 0x3126, 0x3125,
    0x3926, 0x3946, 0x3926, 0x3946, 0x3926, 0x3126, 0x3126, 0x3126, 0x3126, 0x3125, 0x3125, 0x3125,
    0x2905, 0x28E4, 0x28E4, 0x2905, 0x2905, 0x2905, 0x2905, 0x3125, 0x3125, 0x3125, 0x3125, 0x3125,
    0x3125, 0x3126, 0x3126, 0x3125, 0x3125, 0x3125, 0x3126, 0x3126, 0x3146, 0x3126, 0x3146, 0x3967,
    0x4167, 0x4167, 0x4167, 0x4167, 0x4167, 0x4167, 0x3966, 0x3926, 0x3946, 0x49A8, 0x51E9, 0x51E9,
    0x51C9, 0x4988, 0x4187, 0x4187, 0x4167, 0x49A8, 0x59EA, 0x624B, 0x622B, 0x6A6C, 0x7ACD, 0x7AAD,
    0x72AD, 0x728D, 0x72AD, 0x72AD, 0x72AD, 0x728D, 0x728D, 0x728D, 0x728D, 0x726C, 0x6A4C, 0x622B,
    0x6A4C, 0x726C, 0x726C, 0x726C, 0x728D, 0x726D, 0x728C, 0x728D, 0x72AD, 0x72AD, 0x7AAE, 0x82CE,
    0x7AAD, 0x5A09, 0x3105, 0x20C3, 0x18C3, 0x18A2, 0x1082, 0x18A3, 0x18A3, 0x18A3, 0x1082, 0x20E4,
    0x49A8, 0x6A4B, 0x728C, 0x728C, 0x726C, 0x726C, 0x728C, 0x728C, 0x726C, 0x726C, 0x726C, 0x6A4B,
    0x59EA, 0x61EA, 0x6A2B, 0x6A4B, 0x6A6C, 0x6A6C, 0x6A6C, 0x6A6C, 0x622A, 0x49A9, 0x4147, 0x3125,
    0x3125, 0x3125, 0x3125, 0x3125, 0x3125, 0x3125, 0x3125, 0x3125, 0x3126, 0x3126, 0x3946, 0x3966,
    0x3946, 0x3946, 0x3946, 0x3966, 0x3946, 0x3146, 0x3146, 0x3946, 0x51C8, 0x624B, 0x622A, 0x59E9,
    0x59E9, 0x59E9, 0x49A8, 0x4187, 0x4187, 0x3967, 0x3967, 0x3966, 0x4187, 0x49C8, 0x5A09, 0x5A0A,
    0x59E9, 0x59E9, 0x59EA, 0x624B, 0x622B, 0x6A2B, 0x6A4B, 0x6A4B, 0x6A4B, 0x6A6B, 0x6A6C, 0x6A6B,
    0x6A4B, 0x6A6B, 0x6A6B, 0x6A6B, 0x6A6B, 0x624A, 0x5A0A, 0x51E9, 0x51C9, 0x59E9, 0x622A, 0x622A,
    0x622B, 0x624A, 0x49C8, 0x3105, 0x51E9, 0x6A6B, 0x6A4B, 0x5A0A, 0x622B, 0x622B, 0x5A2A, 0x49C8,
    0x3125, 0x3126, 0x3126, 0x3126, 0x3105, 0x2905, 0x3126, 0x3146, 0x3946, 0x3946, 0x3126, 0x2905,
    0x3126, 0x3126, 0x3126, 0x3126, 0x3946, 0x3946, 0x3946, 0x3946, 0x3967, 0x3946, 0x3946, 0x3126,
    0x3126, 0x3146, 0x3125, 0x3946, 0x49C8, 0x6A6C, 0x7A8C, 0x7AAD, 0x6A4C, 0x59EA, 0x59EA, 0x6A4B,
    0x728D, 0x72AD, 0x7AAD, 0x7AAD, 0x726C, 0x6A4B, 0x622B, 0x620A, 0x622B, 0x6A6B, 0x6A6C, 0x728C,
    0x728D, 0x728C, 0x6A2B, 0x620A, 0x61EA, 0x59E9, 0x59E9, 0x51C8, 0x4987, 0x3946, 0x3926, 0x3126,
    0x3105, 0x3126, 0x3105, 0x3105, 0x3126, 0x3146, 0x3146, 0x3125, 0x3105, 0x3126, 0x3966, 0x2104,
    0x1062, 0x0861, 0x1061, 0x1882, 0x28E4, 0x4187, 0x49A8, 0x49C8, 0x51E9, 0x5A0A, 0x6A6C, 0x7AAD,
    0x728C, 0x49C8, 0x20E4, 0x1082, 0x18A3, 0x28E4, 0x3946, 0x49C8, 0x51E9, 0x51E9, 0x51E9, 0x5A09,
    0x49C8, 0x3125, 0x20C4, 0x20C4, 0x20A3, 0x3105, 0x5A0A, 0x7AAD, 0x7A8D, 0x7A8D, 0x726C, 0x624B,
    0x620A, 0x5A0A, 0x5209, 0x5A0A, 0x5A0A, 0x5A0A, 0x5A0A, 0x5A0A, 0x5A0A, 0x5A0A, 0x5A0A, 0x5A0A,
    0x5A0A, 0x5A0A, 0x59EA, 0x59E9, 0x59E9, 0x59EA, 0x51E9, 0x51C9, 0x51C9, 0x51E9, 0x51E9, 0x51E9,
    0x59E9, 0x5A0A, 0x5A0A, 0x49C8, 0x4167, 0x4167, 0x4187, 0x49A8, 0x51C9, 0x5A2A, 0x51E9, 0x4167,
    0x5A09, 0x624B, 0x59E9, 0x5A0A, 0x5A0A, 0x5A0A, 0x59EA, 0x51C9, 0x51C9, 0x51C9, 0x51E9, 0x51E9,
    0x59E9, 0x51E9, 0x51E9, 0x51EA, 0x51E9, 0x51E9, 0x51E9, 0x59EA, 0x51E9, 0x51C9, 0x59C9, 0x59C9,
    0x59C9, 0x51C9, 0x51C9, 0x59C9, 0x59E9, 0x59E9, 0x59EA, 0x51EA, 0x51EA, 0x51E9, 0x51EA, 0x51EA,
    0x51C9, 0x51E9, 0x51E9, 0x51E9, 0x51C9, 0x51E9, 0x51E9, 0x51E9, 0x51EA, 0x51EA, 0x51CA, 0x51C9,
    0x51C9, 0x51E9, 0x51EA, 0x51EA, 0x28E4, 0x28E4, 0x28E5, 0x28E5, 0x28E5, 0x28E5, 0x28E4, 0x28E5,
    0x2905, 0x3126, 0x3125, 0x3946, 0x3946, 0x3946, 0x3946, 0x3946, 0x3946, 0x3126, 0x3125, 0x3125,
    0x3126, 0x3125, 0x3125, 0x3125, 0x3125, 0x28E4, 0x28E4, 0x2905, 0x3125, 0x3125, 0x3125, 0x3125,
    0x3125, 0x3126, 0x3125, 0x3125, 0x3105, 0x3125, 0x3125, 0x3105, 0x3125, 0x3126, 0x3146, 0x3125,
    0x2925, 0x2925, 0x3146, 0x3946, 0x4187, 0x4187, 0x4167, 0x4167, 0x4167, 0x3946, 0x3926, 0x4167,
    0x49A8, 0x51C9, 0x51E9, 0x51E9, 0x59E9, 0x51C9, 0x51C9, 0x51C9, 0x51C9, 0x4988, 0x49A8, 0x51E9,
    0x622B, 0x72AC, 0x7ACD, 0x72AD, 0x72AD, 0x728D, 0x72AD, 0x72AD, 0x72AD, 0x72AD, 0x728D, 0x728D,
    0x72AD, 0x728D, 0x728D, 0x6A6C, 0x6A2B, 0x622B, 0x622B, 0x6A2B, 0x6A4C, 0x6A4C, 0x6A4C, 0x6A6C,
    0x6A6C, 0x6A6C, 0x6A6C, 0x728D, 0x728C, 0x49A8, 0x20C3, 0x1061, 0x1061, 0x18C3, 0x2904, 0x2905,
    0x28E4, 0x20A4, 0x20C4, 0x3926, 0x51A8, 0x59C9, 0x51C9, 0x59C9, 0x5A0A, 0x620A, 0x622A, 0x624B,
    0x624B, 0x5A0A, 0x59E9, 0x51E9, 0x5A0A, 0x726C, 0x728C, 0x726C, 0x6A6C, 0x6A6C, 0x6A4B, 0x620A,
    0x51C9, 0x3926, 0x3106, 0x3126, 0x3126, 0x3105, 0x3125, 0x3125, 0x3125, 0x3126, 0x3125, 0x3126,
    0x3146, 0x3126, 0x3946, 0x4167, 0x3946, 0x3946, 0x3967, 0x3946, 0x3126, 0x3126, 0x28E5, 0x3105,
    0x49A8, 0x5A09, 0x5A0A, 0x59E9, 0x59E9, 0x59E9, 0x51A8, 0x4167, 0x3966, 0x3966, 0x3967, 0x3946,
    0x4167, 0x49A8, 0x5A09, 0x5A0A, 0x59E9, 0x59E9, 0x59E9, 0x622B, 0x622B, 0x622B, 0x620B, 0x620A,
    0x622A, 0x622B, 0x622B, 0x6A2B, 0x6A4B, 0x6A4B, 0x624B, 0x6A4B, 0x5A09, 0x4988, 0x4146, 0x3105,
    0x30E5, 0x3105, 0x3926, 0x3946, 0x4188, 0x4167, 0x28C4, 0x1842, 0x5A09, 0x72CC, 0x626B, 0x30C5,
    0x59E9, 0x5A0A, 0x59E9, 0x49A8, 0x30E5, 0x3125, 0x2905, 0x3126, 0x2905, 0x28E4, 0x2905, 0x3146,
    0x3966, 0x3946, 0x3126, 0x2905, 0x2905, 0x3125, 0x3146, 0x3946, 0x3966, 0x3967, 0x3967, 0x3946,
    0x3946, 0x3946, 0x3946, 0x3946, 0x3126, 0x3125, 0x3105, 0x3105, 0x3946, 0x622A, 0x726C, 0x728C,
    0x622B, 0x59C9, 0x59C9, 0x620A, 0x6A6C, 0x728C, 0x728D, 0x728D, 0x72AD, 0x728C, 0x728C, 0x622B,
    0x59C9, 0x51C9, 0x59C9, 0x620A, 0x6A4C, 0x728C, 0x726C, 0x728C, 0x6A6B, 0x59EA, 0x4988, 0x3105,
    0x3926, 0x4167, 0x3946, 0x3105, 0x3105, 0x3946, 0x3126, 0x3105, 0x3946, 0x3987, 0x3146, 0x28E4,
    0x30E5, 0x3946, 0x28E5, 0x1882, 0x1061, 0x0861, 0x0861, 0x18A3, 0x3967, 0x5A2A, 0x4988, 0x3946,
    0x4987, 0x51A8, 0x622A, 0x7AED, 0x59E9, 0x28C4, 0x1882, 0x1082, 0x18C3, 0x2905, 0x3946, 0x4187,
    0x4988, 0x4187, 0x4987, 0x49A8, 0x4146, 0x3105, 0x2905, 0x2905, 0x20A3, 0x1862, 0x3926, 0x6A4B,
    0x7AAD, 0x7A8D, 0x622B, 0x59E9, 0x59E9, 0x59E9, 0x5A09, 0x5A0A, 0x59EA, 0x59EA, 0x5A0A, 0x5A0A,
    0x5A0A, 0x5A0A, 0x5A0A, 0x5A0A, 0x5A0A, 0x59EA, 0x59E9, 0x59E9, 0x51E9, 0x51C9, 0x51C9, 0x51C9,
    0x51C9, 0x51E9, 0x51E9, 0x51E9, 0x5A0A, 0x5A0A, 0x51E9, 0x3967, 0x3105, 0x3105, 0x3125, 0x3946,
    0x3946, 0x3105, 0x3105, 0x3946, 0x51E9, 0x5A09, 0x51C9, 0x51E9, 0x51E9, 0x59E9, 0x59C9, 0x51C9,
    0x51C9, 0x51E9, 0x51E9, 0x51E9, 0x59E9, 0x59E9, 0x59EA, 0x59EA, 0x59E9, 0x51E9, 0x59EA, 0x59EA,
    0x51E9, 0x51C9, 0x51C9, 0x51C9, 0x51C9, 0x59E9, 0x59E9, 0x59E9, 0x59E9, 0x5A0A, 0x5A0A, 0x5A0B,
    0x5A0A, 0x5A0A, 0x5A0A, 0x520A, 0x51EA, 0x51EA, 0x51E9, 0x51E9, 0x51E9, 0x51E9, 0x51E9, 0x51E9,
    0x51EA, 0x51EA, 0x51EA, 0x51E9, 0x51E9, 0x51E9, 0x51E9, 0x51E9, 0x28E4, 0x28E5, 0x28E5, 0x28E5,
    0x28E5, 0x28E5, 0x28E5, 0x28E5, 0x28E5, 0x3125, 0x3105, 0x3946, 0x3946, 0x3946, 0x3946, 0x3946,
    0x3146, 0x3126, 0x2905, 0x3125, 0x2905, 0x3125, 0x3125, 0x3125, 0x3125, 0x2905, 0x2905, 0x2905,
    0x3125, 0x3125, 0x3125, 0x3125, 0x3125, 0x3125, 0x3125, 0x3125, 0x3125, 0x3125, 0x3125, 0x3105,
    0x3126, 0x3946, 0x3946, 0x3126, 0x3126, 0x3126, 0x3126, 0x3946, 0x4187, 0x4187, 0x4167, 0x4167,
    0x4167, 0x3946, 0x4166, 0x49A8, 0x51E9, 0x51C9, 0x51E9, 0x59E9, 0x59E9, 0x59E9, 0x59E9, 0x59E9,
    0x59E9, 0x49A8, 0x4987, 0x4988, 0x5A09, 0x6A6C, 0x728C, 0x728C, 0x728D, 0x728D, 0x72AD, 0x72AD,
    0x728C, 0x728C, 0x728D, 0x728D, 0x728D, 0x728D, 0x728D, 0x728D, 0x6A4C, 0x622B, 0x620B, 0x620B,
    0x620B, 0x622B, 0x622B, 0x622B, 0x6A2B, 0x624B, 0x624B, 0x6A6C, 0x622B, 0x3926, 0x1882, 0x1062,
    0x1882, 0x28E4, 0x4167, 0x49A8, 0x4187, 0x3906, 0x3926, 0x4988, 0x59E9, 0x59EA, 0x51C9, 0x51A9,
    0x51C9, 0x59E9, 0x59EA, 0x5A0A, 0x5A0A, 0x59EA, 0x51A9, 0x59C9, 0x6A2B, 0x728C, 0x728C, 0x6A6C,
    0x6A4B, 0x6A4B, 0x622B, 0x59C9, 0x4126, 0x30E5, 0x3105, 0x3946, 0x3946, 0x3105, 0x3125, 0x3125,
    0x3125, 0x3126, 0x3126, 0x3946, 0x3946, 0x3946, 0x3967, 0x4167, 0x3967, 0x3967, 0x4167, 0x3946,
    0x3926, 0x3926, 0x3926, 0x3926, 0x51A8, 0x59E9, 0x59E9, 0x59E9, 0x59E9, 0x59E9, 0x51A8, 0x4167,
    0x3946, 0x4166, 0x4167, 0x4167, 0x4987, 0x51C9, 0x5A0A, 0x5A0A, 0x5A0A, 0x59E9, 0x59E9, 0x622A,
    0x622A, 0x620A, 0x620A, 0x620A, 0x620A, 0x61EA, 0x620A, 0x59EA, 0x51E9, 0x51E9, 0x49A8, 0x4988,
    0x4967, 0x3926, 0x30E5, 0x28A4, 0x20A4, 0x20A3, 0x1883, 0x20A4, 0x28E5, 0x3946, 0x3105, 0x3926,
    0x51E9, 0x51E9, 0x3125, 0x0801, 0x49A8, 0x51C9, 0x49A8, 0x4187, 0x3105, 0x2925, 0x2905, 0x3125,
    0x3105, 0x28E5, 0x2905, 0x3125, 0x3146, 0x3946, 0x3126, 0x3125, 0x2905, 0x2905, 0x3126, 0x3946,
    0x3946, 0x3967, 0x3967, 0x3126, 0x3926, 0x3946, 0x3946, 0x3946, 0x3926, 0x3126, 0x3126, 0x3105,
    0x3105, 0x51A8, 0x622A, 0x6A6B, 0x622B, 0x59C9, 0x59C9, 0x59E9, 0x622B, 0x6A4C, 0x726C, 0x728C,
    0x726C, 0x728C, 0x728D, 0x6A6C, 0x620A, 0x59E9, 0x59C9, 0x59CA, 0x620B, 0x6A2B, 0x6A4B, 0x6A6C,
    0x6A4B, 0x5A0A, 0x4167, 0x3105, 0x3125, 0x3966, 0x3926, 0x3105, 0x3126, 0x3967, 0x3946, 0x3926,
    0x4167, 0x4187, 0x3946, 0x3926, 0x3946, 0x4187, 0x28E4, 0x1062, 0x1082, 0x1082, 0x0841, 0x20A3,
    0x49C8, 0x6A8C, 0x51A8, 0x3906, 0x4146, 0x4187, 0x51E9, 0x6A8C, 0x51C8, 0x28C4, 0x28C4, 0x20E4,
    0x3125, 0x3946, 0x3926, 0x3946, 0x3946, 0x3946, 0x4167, 0x4167, 0x3946, 0x3926, 0x3946, 0x3966,
    0x20C4, 0x1021, 0x28C4, 0x61EA, 0x7A8D, 0x728C, 0x5A0A, 0x51C9, 0x51C9, 0x59E9, 0x59E9, 0x59E9,
    0x59E9, 0x59EA, 0x59E9, 0x5A0A, 0x5A0A, 0x5A0A, 0x59EA, 0x59EA, 0x59EA, 0x5A0A, 0x59E9, 0x59E9,
    0x51E9, 0x51C9, 0x51C9, 0x49C9, 0x51E9, 0x51E9, 0x51E9, 0x51E9, 0x51C9, 0x49A8, 0x4167, 0x3105,
    0x3105, 0x3946, 0x3946, 0x3946, 0x3926, 0x28E4, 0x28E4, 0x3125, 0x4987, 0x59E9, 0x59E9, 0x51A8,
    0x51C9, 0x5A0A, 0x59EA, 0x51C9, 0x51C9, 0x51E9, 0x59E9, 0x59E9, 0x59E9, 0x59E9, 0x59EA, 0x59E9,
    0x59E9, 0x51E9, 0x51C9, 0x51C9, 0x51E9, 0x51C9, 0x51E9, 0x51E9, 0x51E9, 0x5A0A, 0x5A0A, 0x5A0A,
    0x5A0A, 0x5A0A, 0x620B, 0x622B, 0x5A0A, 0x5A0A, 0x59EA, 0x51EA, 0x51EA, 0x51E9, 0x51E9, 0x51E9,
    0x51E9, 0x51E9, 0x51E9, 0x51E9, 0x51EA, 0x51EA, 0x51EA, 0x51E9, 0x51E9, 0x51E9, 0x51E9, 0x51E9,
    0x28E4, 0x28E5, 0x28E4, 0x28E5, 0x28E5, 0x28E5, 0x28E5, 0x28E5, 0x28E5, 0x2905, 0x3125, 0x3126,
    0x3125, 0x3125, 0x3126, 0x3126, 0x3126, 0x3126, 0x3126, 0x3125, 0x2905, 0x3125, 0x3125, 0x3125,
    0x3125, 0x3125, 0x2905, 0x2905, 0x3125, 0x3125, 0x3125, 0x3125, 0x3125, 0x3125, 0x3125, 0x3126,
    0x3126, 0x3126, 0x3126, 0x3125, 0x3126, 0x3946, 0x3946, 0x3966, 0x3966, 0x3126, 0x3126, 0x3946,
    0x4167, 0x4167, 0x4167, 0x4167, 0x4167, 0x4187, 0x49C8, 0x51C8, 0x51C9, 0x51C9, 0x51C9, 0x51C9,
    0x51C9, 0x59C9, 0x59C9, 0x59E9, 0x59E9, 0x51E9, 0x51C8, 0x49A8, 0x51C9, 0x6A4B, 0x728C, 0x726C,
    0x726C, 0x6A6C, 0x726C, 0x6A6C, 0x6A6C, 0x6A4C, 0x6A4C, 0x6A2B, 0x6A4C, 0x726C, 0x728D, 0x72AD,
    0x728D, 0x728D, 0x6A6C, 0x6A2C, 0x622B, 0x59EA, 0x59EA, 0x5A0A, 0x5A0A, 0x5A0A, 0x620A, 0x5A0A,
    0x49A8, 0x30E5, 0x20C4, 0x28C4, 0x28E5, 0x3926, 0x51A8, 0x6A4B, 0x624B, 0x51A9, 0x49A8, 0x5A0A,
    0x6A6B, 0x726B, 0x6A4B, 0x622B, 0x622B, 0x622A, 0x622B, 0x624B, 0x624B, 0x624B, 0x622B, 0x622B,
    0x6A4C, 0x6A2B, 0x620B, 0x622B, 0x622B, 0x622B, 0x620A, 0x4988, 0x30E5, 0x28E5, 0x3126, 0x3946,
    0x3946, 0x3125, 0x3125, 0x3125, 0x3125, 0x3126, 0x3146, 0x3946, 0x3946, 0x4146, 0x4167, 0x3967,
    0x3967, 0x3967, 0x4166, 0x3946, 0x3947, 0x49A8, 0x5A09, 0x5A0A, 0x620A, 0x5A09, 0x59E9, 0x5A09,
    0x59E9, 0x59E9, 0x49A8, 0x4147, 0x3946, 0x4146, 0x4167, 0x49A8, 0x5A0A, 0x622A, 0x622A, 0x5A2A,
    0x5A0A, 0x5A0A, 0x5A0A, 0x6A4B, 0x622B, 0x622B, 0x622B, 0x622B, 0x620A, 0x620A, 0x620A, 0x51C9,
    0x30E5, 0x20A4, 0x2083, 0x2083, 0x3926, 0x4167, 0x49C8, 0x49C8, 0x4188, 0x3966, 0x20A4, 0x20A4,
    0x20A4, 0x49A8, 0x5A0A, 0x5A0A, 0x51E9, 0x3125, 0x0841, 0x0841, 0x5A2A, 0x624B, 0x4167, 0x3926,
    0x3105, 0x2905, 0x2925, 0x3125, 0x3126, 0x3125, 0x3125, 0x3125, 0x3125, 0x3126, 0x3125, 0x3125,
    0x3125, 0x2905, 0x3125, 0x3125, 0x3126, 0x3146, 0x3146, 0x2905, 0x3946, 0x3946, 0x3946, 0x3946,
    0x3946, 0x3967, 0x4187, 0x3126, 0x28E5, 0x3926, 0x4988, 0x5A0A, 0x622A, 0x5A0A, 0x5A0A, 0x59E9,
    0x59EA, 0x622B, 0x726C, 0x6A6C, 0x620B, 0x6A2B, 0x726C, 0x728C, 0x728C, 0x72AC, 0x6A4B, 0x59EA,
    0x59EA, 0x59EA, 0x59EA, 0x61EA, 0x620A, 0x5A0A, 0x49A8, 0x3967, 0x3946, 0x3926, 0x3125, 0x3105,
    0x3105, 0x3926, 0x3926, 0x3926, 0x3946, 0x3926, 0x4147, 0x51E9, 0x51E9, 0x4187, 0x20C4, 0x0841,
    0x0861, 0x0861, 0x0820, 0x20A3, 0x59E9, 0x7AAD, 0x622A, 0x4147, 0x3905, 0x3946, 0x4987, 0x51E9,
    0x51E9, 0x51E9, 0x51E8, 0x49A8, 0x49A8, 0x49A8, 0x41A8, 0x3966, 0x28E5, 0x3105, 0x3966, 0x4167,
    0x49A8, 0x59E9, 0x5A2A, 0x49A8, 0x28A3, 0x0800, 0x20A3, 0x59EA, 0x7A8D, 0x728C, 0x59EA, 0x51C9,
    0x5A0A, 0x5A0A, 0x59EA, 0x59EA, 0x5A0A, 0x5A0A, 0x59EA, 0x59EA, 0x5A0A, 0x5A0A, 0x59EA, 0x59EA,
    0x5A0A, 0x5A0A, 0x59EA, 0x59E9, 0x51E9, 0x51C9, 0x51C9, 0x51C9, 0x51C9, 0x51C9, 0x51E9, 0x51E9,
    0x51C9, 0x4147, 0x30E5, 0x3105, 0x3966, 0x41A8, 0x3967, 0x3946, 0x3946, 0x3966, 0x4187, 0x3126,
    0x3946, 0x5A09, 0x5A0A, 0x51A8, 0x59EA, 0x6A4B, 0x6A6C, 0x622B, 0x5A0A, 0x51E9, 0x51E9, 0x51E9,
    0x59E9, 0x59E9, 0x51E9, 0x59E9, 0x51E9, 0x51E9, 0x51C9, 0x51C9, 0x59E9, 0x59E9, 0x5A0A, 0x5A0A,
    0x5A0A, 0x5A0A, 0x5A0A, 0x5A0A, 0x5A0A, 0x5A0A, 0x620A, 0x5A0A, 0x59EA, 0x51E9, 0x51C9, 0x51C9,
    0x51E9, 0x51E9, 0x51E9, 0x51E9, 0x51C9, 0x51E9, 0x51E9, 0x51E9, 0x51C9, 0x51CA, 0x51C9, 0x51C9,
    0x51C9, 0x51E9, 0x51E9, 0x51E9, 0x28E4, 0x28E4, 0x28E4, 0x28E4, 0x28E4, 0x28E5, 0x28E5, 0x28E5,
    0x28E5, 0x28E5, 0x3125, 0x3105, 0x2905, 0x2905, 0x3125, 0x3125, 0x3125, 0x3125, 0x3146, 0x3126,
    0x3125, 0x3125, 0x3125, 0x3125, 0x2925, 0x3125, 0x2925, 0x2925, 0x3126, 0x3126, 0x3125, 0x3125,
    0x3126, 0x3125, 0x3126, 0x3126, 0x3146, 0x3146, 0x3946, 0x3946, 0x3946, 0x3947, 0x4167, 0x4187,
    0x3967, 0x3946, 0x3926, 0x3946, 0x4167, 0x4167, 0x4167, 0x4167, 0x4167, 0x49C9, 0x51E9, 0x51C9,
    0x51C9, 0x51C9, 0x51C9, 0x51C9, 0x51C9, 0x51C9, 0x59E9, 0x59E9, 0x59E9, 0x59E9, 0x59E9, 0x59E9,
    0x59C9, 0x622A, 0x726C, 0x726C, 0x6A4C, 0x6A6C, 0x6A4C, 0x6A4C, 0x6A6C, 0x726C, 0x6A4C, 0x620B,
    0x620B, 0x622B, 0x6A6C, 0x728D, 0x72AD, 0x72AD, 0x72AD, 0x728D, 0x6A4C, 0x622B, 0x5A0A, 0x59EA,
    0x59EA, 0x59E9, 0x5A0A, 0x51E9, 0x4167, 0x3105, 0x3105, 0x3105, 0x3926, 0x4147, 0x51C9, 0x72AD,
    0x7AAD, 0x5A0A, 0x51C8, 0x5A0A, 0x6A6C, 0x726C, 0x6A6C, 0x6A6C, 0x6A6C, 0x6A6B, 0x6A6B, 0x6A6C,
    0x6A6C, 0x6A6C, 0x6A6C, 0x624B, 0x622B, 0x620A, 0x620A, 0x622B, 0x622B, 0x622B, 0x59E9, 0x3946,
    0x30E5, 0x28E5, 0x3126, 0x3946, 0x3946, 0x3125, 0x3125, 0x3126, 0x3126, 0x3126, 0x3146, 0x3946,
    0x3946, 0x4167, 0x4167, 0x3967, 0x3946, 0x3946, 0x3946, 0x3946, 0x4167, 0x51C8, 0x624A, 0x6A4B,
    0x6A4B, 0x620A, 0x59E9, 0x5A09, 0x59E9, 0x59E9, 0x49C8, 0x4167, 0x3946, 0x4167, 0x4987, 0x59E9,
    0x622A, 0x624B, 0x624A, 0x622A, 0x622A, 0x624A, 0x622A, 0x6A6B, 0x6A6B, 0x6A4B, 0x6A4B, 0x6A4B,
    0x6A4B, 0x622B, 0x5A0A, 0x4187, 0x1862, 0x1842, 0x1863, 0x2083, 0x3105, 0x4187, 0x5209, 0x5A2A,
    0x5A2A, 0x5209, 0x4147, 0x4147, 0x3946, 0x51E9, 0x622A, 0x622B, 0x622A, 0x49A8, 0x20C4, 0x0861,
    0x5A4A, 0x6AAC, 0x4147, 0x30E5, 0x3105, 0x2905, 0x3105, 0x3125, 0x3126, 0x3125, 0x3126, 0x3126,
    0x3125, 0x3125, 0x3126, 0x3125, 0x3125, 0x2905, 0x2905, 0x2905, 0x2925, 0x3126, 0x3126, 0x2905,
    0x3946, 0x3946, 0x3946, 0x3946, 0x4167, 0x4187, 0x49A8, 0x4187, 0x3126, 0x3106, 0x3926, 0x4187,
    0x51C8, 0x51E9, 0x59E9, 0x59C9, 0x59EA, 0x622B, 0x726C, 0x726C, 0x61EA, 0x620A, 0x6A2B, 0x726C,
    0x728C, 0x728C, 0x6A6C, 0x620A, 0x59E9, 0x59E9, 0x59C9, 0x59EA, 0x5A0A, 0x5A0A, 0x51C8, 0x4987,
    0x3946, 0x3926, 0x3125, 0x3105, 0x30E5, 0x30E5, 0x3105, 0x3105, 0x3105, 0x30E5, 0x4987, 0x6A6B,
    0x728C, 0x59E9, 0x3105, 0x1883, 0x1082, 0x1062, 0x1882, 0x3926, 0x6A4B, 0x82CE, 0x728C, 0x4987,
    0x28E5, 0x3905, 0x4146, 0x4967, 0x51E9, 0x626B, 0x626B, 0x5A09, 0x51C9, 0x622A, 0x624B, 0x49C8,
    0x3105, 0x3926, 0x49A8, 0x4988, 0x51C8, 0x6A6B, 0x626B, 0x3966, 0x28A4, 0x1882, 0x3125, 0x622B,
    0x7AAD, 0x728C, 0x59E9, 0x51C8, 0x5A09, 0x5A0A, 0x5A0A, 0x5A0A, 0x5A0A, 0x620A, 0x59EA, 0x5A0A,
    0x59EA, 0x59EA, 0x59E9, 0x5A0A, 0x622A, 0x620A, 0x59EA, 0x59EA, 0x59EA, 0x59E9, 0x59E9, 0x59E9,
    0x51E9, 0x59E9, 0x51E9, 0x51E9, 0x51C9, 0x4167, 0x3926, 0x3126, 0x3966, 0x4187, 0x3126, 0x3126,
    0x3967, 0x41A7, 0x49A8, 0x3926, 0x3926, 0x49C8, 0x51E9, 0x51C9, 0x622A, 0x6A6C, 0x72AC, 0x728C,
    0x6A4B, 0x59E9, 0x51E9, 0x51E9, 0x51E9, 0x51E9, 0x51E9, 0x51E9, 0x51E9, 0x51E9, 0x51C9, 0x51C9,
    0x51E9, 0x59E9, 0x5A0A, 0x5A0A, 0x5A0A, 0x5A09, 0x5209, 0x5209, 0x59EA, 0x59EA, 0x59EA, 0x51EA,
    0x51EA, 0x51C9, 0x51E9, 0x51E9, 0x51E9, 0x51E9, 0x51E9, 0x51E9, 0x51E9, 0x51E9, 0x51E9, 0x51E9,
    0x51C9, 0x51C9, 0x51C9, 0x51C9, 0x51C9, 0x51E9, 0x51E9, 0x59EA, 0x28E4, 0x28E4, 0x2905, 0x2905,
    0x2905, 0x28E5, 0x28E4, 0x28E4, 0x28E5, 0x28E5, 0x28E5, 0x2905, 0x2905, 0x2905, 0x3125, 0x3125,
    0x3125, 0x3125, 0x3125, 0x3125, 0x3125, 0x3125, 0x3125, 0x3125, 0x2905, 0x3126, 0x3146, 0x3126,
    0x3146, 0x3146, 0x3125, 0x3125, 0x3126, 0x3126, 0x3146, 0x3146, 0x3146, 0x3126, 0x3946, 0x3967,
    0x3967, 0x3967, 0x4167, 0x4167, 0x4167, 0x4167, 0x4167, 0x4167, 0x4187, 0x4167, 0x4167, 0x4188,
    0x49A8, 0x51E9, 0x51C9, 0x51C9, 0x51C9, 0x51C9, 0x51C9, 0x51C9, 0x51C9, 0x51C9, 0x51E9, 0x51E9,
    0x51E9, 0x5A0A, 0x59EA, 0x5A0A, 0x59E9, 0x59E9, 0x6A2B, 0x6A6C, 0x6A6C, 0x6A6C, 0x6A6C, 0x6A6C,
    0x726C, 0x728D, 0x728D, 0x726C, 0x6A4B, 0x620A, 0x620A, 0x6A4C, 0x728D, 0x728D, 0x728D, 0x728D,
    0x728D, 0x728C, 0x6A4B, 0x5A0A, 0x59EA, 0x5A09, 0x5A2A, 0x5A09, 0x4167, 0x3105, 0x3105, 0x3105,
    0x3126, 0x4147, 0x59C9, 0x728C, 0x7AAD, 0x622B, 0x51C9, 0x59E9, 0x5A0A, 0x620A, 0x5A0A, 0x622A,
    0x622B, 0x622B, 0x622B, 0x622B, 0x622B, 0x622B, 0x5A0A, 0x5A0A, 0x59EA, 0x5A0A, 0x620A, 0x624B,
    0x6A6B, 0x622A, 0x4987, 0x30E5, 0x28E4, 0x3105, 0x3926, 0x3946, 0x3926, 0x3105, 0x3125, 0x3146,
    0x3946, 0x3146, 0x3946, 0x3946, 0x3946, 0x3967, 0x4167, 0x3946, 0x3946, 0x3946, 0x4167, 0x4167,
    0x4167, 0x4187, 0x49A8, 0x49A8, 0x59E9, 0x5A0A, 0x5A0A, 0x5A0A, 0x5A0A, 0x59E9, 0x51E9, 0x49A8,
    0x3946, 0x4147, 0x51C9, 0x5A0A, 0x622A, 0x622A, 0x622A, 0x622A, 0x622A, 0x622A, 0x622A, 0x624B,
    0x6A4B, 0x6A6B, 0x6A4B, 0x6A4C, 0x6A4B, 0x622B, 0x4987, 0x1862, 0x20A3, 0x49A8, 0x51C9, 0x4167,
    0x28E5, 0x28C4, 0x28E4, 0x28E5, 0x4167, 0x51E9, 0x5A0A, 0x622A, 0x622A, 0x5A2A, 0x620A, 0x620A,
    0x620A, 0x5A2A, 0x3125, 0x0000, 0x20C4, 0x49C8, 0x3926, 0x28E5, 0x2905, 0x3105, 0x3105, 0x3125,
    0x2905, 0x28E5, 0x2905, 0x3126, 0x3125, 0x3125, 0x3146, 0x3125, 0x2905, 0x2905, 0x2905, 0x2905,
    0x3126, 0x3146, 0x3966, 0x3946, 0x3946, 0x3946, 0x3946, 0x4167, 0x4167, 0x49A8, 0x51E9, 0x49C8,
    0x3967, 0x3126, 0x3105, 0x3105, 0x3125, 0x3106, 0x3926, 0x51A9, 0x59EA, 0x620A, 0x6A6C, 0x728C,
    0x726C, 0x6A2B, 0x61EA, 0x59EA, 0x59EA, 0x59EA, 0x622A, 0x5A0A, 0x59EA, 0x59E9, 0x59EA, 0x59EA,
    0x59E9, 0x59E9, 0x51E9, 0x49A8, 0x3946, 0x30E5, 0x28E4, 0x28E5, 0x3926, 0x4167, 0x49A8, 0x4167,
    0x28E5, 0x30E5, 0x51C8, 0x7ACD, 0x82EE, 0x7AAD, 0x6A6B, 0x49C8, 0x3125, 0x28E5, 0x4187, 0x622B,
    0x7AAD, 0x82CE, 0x82CD, 0x4987, 0x20C4, 0x3105, 0x4147, 0x4967, 0x51C9, 0x624A, 0x622A, 0x5A09,
    0x5A0A, 0x622A, 0x622A, 0x5A0A, 0x49A8, 0x49A8, 0x5A09, 0x59E9, 0x4987, 0x4146, 0x3125, 0x28C4,
    0x3125, 0x49C8, 0x622A, 0x6A2B, 0x6A2B, 0x620A, 0x4988, 0x4187, 0x49C8, 0x49A8, 0x51C9, 0x59E9,
    0x59EA, 0x59EA, 0x59E9, 0x59E9, 0x59E9, 0x59E9, 0x59E9, 0x5A0A, 0x5A0A, 0x620A, 0x622A, 0x622A,
    0x622A, 0x622A, 0x622A, 0x622B, 0x622B, 0x622A, 0x59E9, 0x51E9, 0x51C9, 0x51A8, 0x4988, 0x3946,
    0x3126, 0x3125, 0x30E5, 0x4167, 0x49A8, 0x4146, 0x3926, 0x3946, 0x3926, 0x4167, 0x49A8, 0x51C9,
    0x59E9, 0x622A, 0x728C, 0x728C, 0x6A6C, 0x5A2A, 0x5209, 0x51E9, 0x51E9, 0x51E9, 0x51C9, 0x51C9,
    0x51C9, 0x51E9, 0x51E9, 0x51C9, 0x51C9, 0x51C9, 0x51E9, 0x51E9, 0x51E9, 0x51E9, 0x51E9, 0x51E9,
    0x51C9, 0x51C9, 0x51C9, 0x51C9, 0x51C9, 0x51C9, 0x51C9, 0x51E9, 0x5A0A, 0x5A2A, 0x5A0A, 0x622A,
    0x5A0A, 0x5A0A, 0x620A, 0x620A, 0x5A0A, 0x5A0A, 0x620A, 0x620A, 0x620A, 0x622A, 0x5A0A, 0x59E9,
    0x28E5, 0x28E5, 0x28E5, 0x28E5, 0x28E5, 0x28E5, 0x28E5, 0x28E5, 0x28E5, 0x28E5, 0x28E4, 0x28E5,
    0x28E5, 0x28E5, 0x3125, 0x3125, 0x3125, 0x3125, 0x3125, 0x3125, 0x3125, 0x3125, 0x3125, 0x3125,
    0x3105, 0x3126, 0x3946, 0x3146, 0x3126, 0x3126, 0x3126, 0x3125, 0x3126, 0x3946, 0x3946, 0x3126,
    0x3126, 0x3146, 0x3946, 0x3967, 0x3947, 0x4167, 0x4167, 0x4167, 0x4167, 0x4147, 0x4147, 0x4167,
    0x4187, 0x4168, 0x4167, 0x4988, 0x51E9, 0x51E9, 0x51C9, 0x51C9, 0x51C9, 0x51C9, 0x51C9, 0x51C9,
    0x51C9, 0x51E9, 0x51C9, 0x51E9, 0x51E9, 0x59EA, 0x5A0A, 0x5A0A, 0x59E9, 0x51A8, 0x59EA, 0x6A4B,
    0x6A4B, 0x6A6C, 0x6A6C, 0x6A6C, 0x6A6C, 0x728C, 0x72AD, 0x7ACD, 0x72AD, 0x622B, 0x59C9, 0x620B,
    0x6A4C, 0x6A6C, 0x6A6C, 0x6A6C, 0x6A6C, 0x6A6C, 0x624B, 0x59EA, 0x51E9, 0x51E9, 0x5A09, 0x51E9,
    0x4167, 0x3105, 0x3105, 0x3105, 0x3125, 0x4147, 0x51A9, 0x6A6C, 0x72AD, 0x622B, 0x51C9, 0x51E9,
    0x59C9, 0x59C9, 0x59C9, 0x59EA, 0x5A0A, 0x5A0A, 0x5A0A, 0x59EA, 0x59EA, 0x59EA, 0x51C9, 0x51E9,
    0x51E9, 0x59EA, 0x5A0A, 0x622B, 0x624B, 0x51E9, 0x3926, 0x30E5, 0x30E5, 0x3926, 0x3946, 0x3946,
    0x3106, 0x3105, 0x3126, 0x3946, 0x3946, 0x3946, 0x3946, 0x3946, 0x3946, 0x3967, 0x3946, 0x3946,
    0x3946, 0x3967, 0x4167, 0x4167, 0x4167, 0x3946, 0x3926, 0x3926, 0x4167, 0x59E9, 0x5A0A, 0x5A09,
    0x5A0A, 0x59E9, 0x51E9, 0x49A8, 0x3926, 0x4146, 0x59E9, 0x5A09, 0x59E9, 0x5A0A, 0x5A0A, 0x622A,
    0x622A, 0x622A, 0x5A0A, 0x622A, 0x6A4B, 0x6A4B, 0x6A6C, 0x6A6B, 0x622B, 0x5A0A, 0x4167, 0x1001,
    0x28E4, 0x624A, 0x6A8B, 0x5209, 0x30E5, 0x1842, 0x1842, 0x1862, 0x30E5, 0x51C9, 0x5A2A, 0x622A,
    0x624A, 0x624A, 0x5A0A, 0x59EA, 0x5A0A, 0x5A2A, 0x3125, 0x0000, 0x1042, 0x4187, 0x3926, 0x3105,
    0x2925, 0x2905, 0x3105, 0x3125, 0x2905, 0x28E5, 0x28E5, 0x2905, 0x3126, 0x3125, 0x3146, 0x3125,
    0x2905, 0x2905, 0x2905, 0x3105, 0x3125, 0x3946, 0x4187, 0x4187, 0x3946, 0x3946, 0x3967, 0x4167,
    0x4987, 0x51C8, 0x51E9, 0x41A8, 0x3966, 0x3125, 0x2905, 0x2905, 0x2905, 0x28C4, 0x28E4, 0x49A8,
    0x5A2A, 0x59E9, 0x620A, 0x728C, 0x72AD, 0x728C, 0x59EA, 0x51C9, 0x5188, 0x4988, 0x59C9, 0x5A0A,
    0x5A0A, 0x5A0A, 0x5A0A, 0x59E9, 0x59C9, 0x59E9, 0x59E9, 0x51C8, 0x3946, 0x28C4, 0x1883, 0x20A4,
    0x3946, 0x51C9, 0x5A0A, 0x51E9, 0x3105, 0x30E5, 0x51C9, 0x72AD, 0x82CE, 0x82CD, 0x830E, 0x728C,
    0x51C8, 0x4988, 0x5A2A, 0x728D, 0x7AAD, 0x82AE, 0x7AAD, 0x4167, 0x28C4, 0x3966, 0x4987, 0x4988,
    0x51C9, 0x59E9, 0x59E9, 0x59C9, 0x5A09, 0x4967, 0x4126, 0x5A09, 0x5A2A, 0x49A8, 0x51C9, 0x5A09,
    0x4167, 0x1883, 0x1022, 0x28A4, 0x4146, 0x620A, 0x726C, 0x620A, 0x59C9, 0x5188, 0x4147, 0x3946,
    0x3966, 0x4167, 0x4988, 0x51C9, 0x51C9, 0x51C9, 0x51C9, 0x51E9, 0x51C9, 0x51E9, 0x59EA, 0x59EA,
    0x59EA, 0x5A0A, 0x622A, 0x622A, 0x622A, 0x622B, 0x622B, 0x622B, 0x622B, 0x622A, 0x59E9, 0x51C9,
    0x51A9, 0x51A9, 0x51C9, 0x4146, 0x28E5, 0x20C4, 0x28C4, 0x4167, 0x4987, 0x3905, 0x3905, 0x4167,
    0x4987, 0x51C9, 0x51E9, 0x51C9, 0x51A8, 0x59E9, 0x622A, 0x6A6B, 0x6A4B, 0x622A, 0x59EA, 0x51C9,
    0x51E9, 0x59E9, 0x59E9, 0x59E9, 0x59E9, 0x59E9, 0x59E9, 0x59E9, 0x59EA, 0x51E9, 0x51E9, 0x51C9,
    0x51C9, 0x51C9, 0x51C9, 0x51C9, 0x51C9, 0x49C9, 0x51A9, 0x51A9, 0x51C9, 0x51C9, 0x51C9, 0x59E9,
    0x622A, 0x622A, 0x624B, 0x624B, 0x624B, 0x6A4B, 0x6A6B, 0x6A4B, 0x6A4C, 0x6A4C, 0x6A4C, 0x6A6C,
    0x6A6C, 0x6A6B, 0x5A0A, 0x51A8, 0x28E5, 0x28E5, 0x2905, 0x2905, 0x2905, 0x2905, 0x2905, 0x2905,
    0x2905, 0x2905, 0x2905, 0x2905, 0x2905, 0x2905, 0x3125, 0x3125, 0x3125, 0x3125, 0x3126, 0x3126,
    0x3146, 0x3146, 0x3946, 0x3946, 0x3946, 0x3946, 0x3946, 0x3947, 0x3946, 0x3946, 0x3946, 0x3946,
    0x4167, 0x4147, 0x3947, 0x3946, 0x3947, 0x3967, 0x3967, 0x3967, 0x4167, 0x4168, 0x4167, 0x4167,
    0x4167, 0x4167, 0x4167, 0x4167, 0x4167, 0x4988, 0x4188, 0x4167, 0x49A8, 0x51E9, 0x51C9, 0x51C9,
    0x51C9, 0x51C9, 0x51C9, 0x51C9, 0x51C9, 0x51C9, 0x51C9, 0x51E9, 0x51E9, 0x51C9, 0x59E9, 0x59E9,
    0x51E9, 0x4147, 0x4167, 0x59C9, 0x620A, 0x622B, 0x622B, 0x622B, 0x622B, 0x622B, 0x6A4B, 0x6A6C,
    0x728C, 0x6A6C, 0x622B, 0x59EA, 0x59EA, 0x5A0A, 0x5A0A, 0x5A0A, 0x59EA, 0x59EA, 0x51E9, 0x49A8,
    0x4167, 0x4147, 0x4167, 0x4167, 0x4167, 0x4167, 0x3967, 0x3946, 0x3125, 0x3926, 0x4987, 0x622A,
    0x728C, 0x622B, 0x51A9, 0x51A9, 0x59E9, 0x59C9, 0x51C9, 0x59E9, 0x51E9, 0x51E9, 0x51E9, 0x51EA,
    0x51EA, 0x51EA, 0x51EA, 0x59EA, 0x59E9, 0x59E9, 0x59E9, 0x59E9, 0x51C9, 0x4167, 0x3105, 0x3926,
    0x3946, 0x4167, 0x4146, 0x3926, 0x3105, 0x3105, 0x3126, 0x3946, 0x3926, 0x3926, 0x3946, 0x3946,
    0x3967, 0x3967, 0x3946, 0x3105, 0x3926, 0x3947, 0x3967, 0x4167, 0x4167, 0x3946, 0x3946, 0x4988,
    0x49A8, 0x51C9, 0x5A0A, 0x5A09, 0x59E9, 0x51E9, 0x49A8, 0x4167, 0x4146, 0x49A8, 0x59E9, 0x59EA,
    0x59EA, 0x59E9, 0x59E9, 0x622A, 0x622A, 0x622A, 0x5A0A, 0x5A0A, 0x620A, 0x622A, 0x6A2B, 0x624B,
    0x624A, 0x5A09, 0x49A8, 0x3105, 0x3946, 0x49A8, 0x51A8, 0x49A8, 0x3946, 0x3105, 0x4187, 0x4187,
    0x4167, 0x49A8, 0x49A8, 0x49A8, 0x51C8, 0x51C8, 0x51C8, 0x51E9, 0x51C9, 0x49C8, 0x3146, 0x1062,
    0x4187, 0x51C9, 0x51C8, 0x4167, 0x2905, 0x2925, 0x3105, 0x3125, 0x3125, 0x2925, 0x2905, 0x2905,
    0x3125, 0x3126, 0x3146, 0x3126, 0x3125, 0x3105, 0x3105, 0x3105, 0x3946, 0x4187, 0x4187, 0x4187,
    0x4167, 0x3946, 0x3967, 0x49A8, 0x49A8, 0x49C8, 0x4167, 0x3146, 0x3125, 0x2905, 0x2905, 0x2905,
    0x2905, 0x2905, 0x3125, 0x4187, 0x49C8, 0x49A8, 0x51A8, 0x620A, 0x6A4B, 0x6A6B, 0x6A4B, 0x622B,
    0x620A, 0x59EA, 0x59EA, 0x622A, 0x59E9, 0x4988, 0x4987, 0x51C9, 0x59E9, 0x59E9, 0x59C9, 0x51C9,
    0x49A8, 0x28E5, 0x1863, 0x1883, 0x3126, 0x4187, 0x51E9, 0x59E9, 0x49A8, 0x4968, 0x51C9, 0x6A4B,
    0x728C, 0x7A6D, 0x7A8D, 0x7AAD, 0x726C, 0x6A4B, 0x726C, 0x728D, 0x7A8D, 0x7A8D, 0x7AAD, 0x49A8,
    0x3125, 0x4187, 0x49A8, 0x49A8, 0x51A9, 0x51A8, 0x51A8, 0x59C9, 0x59E9, 0x51A8, 0x5188, 0x49A8,
    0x49A8, 0x49A8, 0x51C8, 0x59E9, 0x5A0A, 0x51E8, 0x49A8, 0x51C9, 0x59E9, 0x622B, 0x6A4B, 0x6A2B,
    0x6A2B, 0x622B, 0x5A0A, 0x49A8, 0x4167, 0x4147, 0x4167, 0x4187, 0x4988, 0x49A8, 0x49A8, 0x51A8,
    0x51C9, 0x51C9, 0x51C9, 0x51C9, 0x51C9, 0x51C9, 0x51E9, 0x51E9, 0x51C9, 0x51C9, 0x51C9, 0x51C9,
    0x51C9, 0x51C9, 0x51C9, 0x59C9, 0x6A2B, 0x6A2B, 0x6A4B, 0x49A8, 0x28E4, 0x2905, 0x4167, 0x51A8,
    0x51A8, 0x49A8, 0x49A8, 0x51E9, 0x5A0A, 0x51C9, 0x49A8, 0x51C9, 0x51E9, 0x51A8, 0x51A8, 0x5A0A,
    0x5A0A, 0x5A0A, 0x51C9, 0x51A8, 0x51C9, 0x59E9, 0x622A, 0x622B, 0x622A, 0x622B, 0x624B, 0x622A,
    0x5A0A, 0x51E9, 0x49A8, 0x49A8, 0x49C9, 0x49C8, 0x49A8, 0x51C9, 0x5A0A, 0x622B, 0x624B, 0x624B,
    0x622B, 0x622B, 0x6A4B, 0x622B, 0x59E9, 0x59E9, 0x51C9, 0x51C9, 0x59EA, 0x620A, 0x622B, 0x6A6C,
    0x6A6C, 0x6A6C, 0x6A6C, 0x6A6C, 0x6A6C, 0x6A4B, 0x59E9, 0x4988, 0x3106, 0x3106, 0x2906, 0x2906,
    0x2906, 0x2905, 0x2905, 0x2905, 0x2905, 0x3105, 0x3125, 0x3125, 0x3126, 0x3125, 0x3125, 0x3125,
    0x3125, 0x3125, 0x3125, 0x3146, 0x3966, 0x3966, 0x3967, 0x3967, 0x4167, 0x4167, 0x4167, 0x4167,
    0x4167, 0x4167, 0x4167, 0x4167, 0x4167, 0x4167, 0x4167, 0x4167, 0x4167, 0x4167, 0x4167, 0x4147,
    0x4167, 0x4988, 0x4188, 0x4988, 0x4188, 0x4188, 0x4168, 0x4167, 0x4167, 0x4988, 0x4988, 0x4167,
    0x49A8, 0x51E9, 0x51E9, 0x51C9, 0x51C9, 0x51C9, 0x51C9, 0x51C9, 0x51C9, 0x51C9, 0x51C9, 0x51E9,
    0x51C9, 0x51C9, 0x51E9, 0x59E9, 0x51E9, 0x4167, 0x38E5, 0x4167, 0x59E9, 0x622A, 0x622A, 0x622A,
    0x620A, 0x59EA, 0x59EA, 0x622B, 0x624B, 0x6A8C, 0x6A6C, 0x5A0A, 0x51C9, 0x51E9, 0x51E9, 0x51E9,
    0x51C9, 0x51E9, 0x51C9, 0x4167, 0x3105, 0x3105, 0x3105, 0x3105, 0x3126, 0x4167, 0x4187, 0x3966,
    0x3126, 0x3125, 0x3947, 0x51C9, 0x6A6C, 0x6A4B, 0x59C9, 0x51C9, 0x51E9, 0x59E9, 0x51E9, 0x59E9,
    0x51E9, 0x51E9, 0x51E9, 0x51EA, 0x51EA, 0x51EA, 0x51EA, 0x59EA, 0x51E9, 0x51E9, 0x5A09, 0x51C9,
    0x4187, 0x3926, 0x30E5, 0x3926, 0x49A8, 0x4187, 0x3946, 0x3126, 0x2905, 0x2905, 0x2905, 0x3126,
    0x3946, 0x3946, 0x3126, 0x3946, 0x3967, 0x3967, 0x3126, 0x28E5, 0x3126, 0x3946, 0x3946, 0x3946,
    0x4167, 0x4167, 0x4167, 0x5209, 0x51E9, 0x51E9, 0x59E9, 0x5A0A, 0x59E9, 0x51C9, 0x4987, 0x4167,
    0x4987, 0x51E9, 0x5A0A, 0x59EA, 0x59E9, 0x59EA, 0x620A, 0x622B, 0x6A4B, 0x6A4B, 0x5A0A, 0x5A0A,
    0x5A0A, 0x620A, 0x620A, 0x622A, 0x622A, 0x5A09, 0x51E9, 0x4187, 0x4167, 0x4167, 0x4167, 0x4187,
    0x4187, 0x4987, 0x622A, 0x6A6B, 0x59E9, 0x51C9, 0x4167, 0x4147, 0x4187, 0x4987, 0x4988, 0x51E9,
    0x49A8, 0x4187, 0x3966, 0x3105, 0x59E9, 0x620A, 0x620A, 0x49A8, 0x30E5, 0x3105, 0x2905, 0x3125,
    0x3125, 0x3125, 0x3125, 0x3125, 0x3125, 0x3125, 0x3126, 0x3126, 0x3125, 0x3125, 0x3126, 0x4146,
    0x4187, 0x49A7, 0x4987, 0x4987, 0x4146, 0x3926, 0x3967, 0x49A8, 0x49A8, 0x49E9, 0x3946, 0x2905,
    0x2905, 0x2905, 0x2905, 0x2925, 0x3125, 0x3125, 0x3146, 0x3946, 0x3967, 0x4167, 0x4987, 0x51A8,
    0x620A, 0x6A4B, 0x726C, 0x726C, 0x726C, 0x726C, 0x6A4B, 0x6A8C, 0x5A0A, 0x3926, 0x30E5, 0x49A8,
    0x5209, 0x51E9, 0x51C9, 0x51C8, 0x41A8, 0x3125, 0x1883, 0x1862, 0x2905, 0x4167, 0x51C9, 0x59E9,
    0x59E9, 0x51C9, 0x51C9, 0x620A, 0x6A6B, 0x726C, 0x728C, 0x7A8D, 0x7A8D, 0x7A8D, 0x7A8D, 0x7A8D,
    0x7A8D, 0x7A8D, 0x7ACD, 0x51E9, 0x3946, 0x4167, 0x4988, 0x49A8, 0x51C9, 0x59C9, 0x59EA, 0x624B,
    0x6A4B, 0x6A6C, 0x6A6B, 0x51C9, 0x49A8, 0x51C8, 0x51A8, 0x5A0A, 0x6A6B, 0x728C, 0x728C, 0x728C,
    0x6A6C, 0x6A6C, 0x6A4B, 0x6A6B, 0x6A6C, 0x72AD, 0x72AD, 0x622B, 0x4167, 0x3926, 0x4146, 0x4147,
    0x4167, 0x4187, 0x49A8, 0x49A8, 0x51C9, 0x51E9, 0x51C9, 0x51C9, 0x51C9, 0x51C9, 0x51C9, 0x51C9,
    0x51C9, 0x51A8, 0x51A8, 0x51A8, 0x51A8, 0x49A8, 0x4988, 0x59E9, 0x728C, 0x7AAC, 0x72AC, 0x59E9,
    0x30E5, 0x3105, 0x51C8, 0x59E9, 0x59E9, 0x5A09, 0x5A09, 0x624A, 0x5A2A, 0x4987, 0x4146, 0x51C8,
    0x5A0A, 0x49A8, 0x4167, 0x51C9, 0x51E9, 0x59C9, 0x51A8, 0x51A8, 0x4967, 0x4988, 0x5A0A, 0x5A0A,
    0x59E9, 0x59E9, 0x59E9, 0x51A8, 0x49A8, 0x4188, 0x4167, 0x4988, 0x51C9, 0x51C9, 0x51A9, 0x51C9,
    0x620A, 0x6A4B, 0x728C, 0x726C, 0x726C, 0x726C, 0x728C, 0x624B, 0x51E9, 0x51C9, 0x4988, 0x51A8,
    0x51C9, 0x59EA, 0x59EA, 0x622B, 0x622B, 0x622B, 0x6A2B, 0x6A2B, 0x6A2B, 0x620A, 0x59C9, 0x51A8,
    0x3126, 0x3126, 0x3126, 0x3126, 0x3126, 0x3126, 0x3125, 0x3125, 0x3125, 0x3125, 0x3125, 0x3126,
    0x3126, 0x3125, 0x3125, 0x3125, 0x3125, 0x3125, 0x3126, 0x3146, 0x3966, 0x3967, 0x3967, 0x4167,
    0x4167, 0x4167, 0x4167, 0x4167, 0x4167, 0x4167, 0x4168, 0x4188, 0x4988, 0x4988, 0x4188, 0x4187,
    0x4187, 0x4167, 0x4167, 0x4167, 0x4168, 0x4988, 0x4168, 0x4188, 0x4188, 0x4188, 0x4188, 0x4167,
    0x4188, 0x4988, 0x4167, 0x4167, 0x49A8, 0x51C9, 0x51E9, 0x51C9, 0x51C9, 0x51C9, 0x51C9, 0x51C9,
    0x51C9, 0x51C9, 0x51C9, 0x51C9, 0x51E9, 0x51E9, 0x59E9, 0x59E9, 0x5A09, 0x51C8, 0x4147, 0x3926,
    0x51A8, 0x5A0A, 0x5A0A, 0x622B, 0x624B, 0x622B, 0x622A, 0x620A, 0x5A0A, 0x5A2A, 0x5A2A, 0x5A0A,
    0x51E9, 0x5209, 0x5209, 0x51E9, 0x51E9, 0x51E9, 0x49A8, 0x3946, 0x3105, 0x3105, 0x3125, 0x3105,
    0x3125, 0x3946, 0x3946, 0x3146, 0x3126, 0x3126, 0x3926, 0x49A8, 0x6A4B, 0x728C, 0x620A, 0x51E9,
    0x51E9, 0x51E9, 0x59E9, 0x59EA, 0x5A0A, 0x5A0A, 0x59EA, 0x51EA, 0x51EA, 0x51EA, 0x51E9, 0x59E9,
    0x51C9, 0x51C9, 0x49A8, 0x4167, 0x3946, 0x4167, 0x49A8, 0x51C9, 0x51E9, 0x4167, 0x3126, 0x2905,
    0x2905, 0x2905, 0x2905, 0x28E5, 0x3105, 0x3926, 0x3967, 0x3967, 0x3967, 0x3126, 0x3105, 0x3126,
    0x3946, 0x3946, 0x3946, 0x3946, 0x4167, 0x4167, 0x4167, 0x4187, 0x3926, 0x4167, 0x51E9, 0x5A2A,
    0x59EA, 0x51C9, 0x49A8, 0x4988, 0x51C9, 0x59E9, 0x59E9, 0x59EA, 0x59E9, 0x59EA, 0x622A, 0x622B,
    0x6A4B, 0x6A4B, 0x5A0A, 0x5A0A, 0x5A0A, 0x5A0A, 0x5A0A, 0x622A, 0x5A0A, 0x5A0A, 0x5A0A, 0x51E9,
    0x51A8, 0x4987, 0x4187, 0x4187, 0x4987, 0x4988, 0x5A0A, 0x622A, 0x51C9, 0x49A8, 0x4988, 0x4187,
    0x4187, 0x4988, 0x4187, 0x49A8, 0x4187, 0x49A8, 0x51E9, 0x51C9, 0x620A, 0x620A, 0x622B, 0x51C9,
    0x3105, 0x3105, 0x3105, 0x3126, 0x3126, 0x3125, 0x3125, 0x3125, 0x3125, 0x3125, 0x3125, 0x3126,
    0x3126, 0x3125, 0x3126, 0x4187, 0x49A8, 0x49A8, 0x4988, 0x4988, 0x3946, 0x3946, 0x4167, 0x49A8,
    0x49A8, 0x4167, 0x3105, 0x2905, 0x3125, 0x3125, 0x3125, 0x3126, 0x3126, 0x3126, 0x3126, 0x3946,
    0x3946, 0x4146, 0x4167, 0x4167, 0x4988, 0x59C9, 0x620A, 0x622A, 0x622B, 0x6A2B, 0x6A4B, 0x72AC,
    0x5A2A, 0x30E5, 0x20A3, 0x2905, 0x2905, 0x28E4, 0x28E5, 0x3126, 0x3946, 0x3125, 0x2905, 0x28E4,
    0x3146, 0x4167, 0x4988, 0x59E9, 0x5A0A, 0x61EA, 0x61EA, 0x622A, 0x622A, 0x622B, 0x6A4B, 0x726C,
    0x726C, 0x726C, 0x728C, 0x728C, 0x728D, 0x728D, 0x726C, 0x51C9, 0x4187, 0x51A8, 0x59E9, 0x59E9,
    0x5A0A, 0x622A, 0x622A, 0x622B, 0x622A, 0x6A4B, 0x624B, 0x59E9, 0x4988, 0x4988, 0x51A8, 0x59E9,
    0x6A2B, 0x6A4B, 0x6A4B, 0x6A4B, 0x6A4B, 0x6A4B, 0x624B, 0x624A, 0x624B, 0x6A4C, 0x728D, 0x6A8C,
    0x5A0A, 0x51A8, 0x4967, 0x4167, 0x4987, 0x49A8, 0x51C8, 0x51C8, 0x51E9, 0x51E9, 0x51C9, 0x51E9,
    0x51E9, 0x51E9, 0x51E9, 0x51E9, 0x51E9, 0x51C9, 0x51C8, 0x49C8, 0x49A8, 0x49A8, 0x49A8, 0x51E9,
    0x622A, 0x620A, 0x59E9, 0x49A8, 0x3946, 0x3946, 0x4167, 0x49A8, 0x59E9, 0x622A, 0x622A, 0x51E9,
    0x4167, 0x4146, 0x49A8, 0x49C8, 0x51E9, 0x4187, 0x4167, 0x49A8, 0x51C8, 0x51E9, 0x51E9, 0x51A8,
    0x3926, 0x3926, 0x4988, 0x51C9, 0x51C9, 0x51C9, 0x51C9, 0x51C9, 0x51C9, 0x51E9, 0x51C9, 0x51C9,
    0x5A0A, 0x622A, 0x622A, 0x620A, 0x59EA, 0x5A0A, 0x620A, 0x620A, 0x620A, 0x622A, 0x622A, 0x5A0A,
    0x51E9, 0x5209, 0x5A09, 0x622A, 0x6A2B, 0x6A4C, 0x6A6C, 0x726C, 0x726C, 0x726C, 0x726C, 0x726C,
    0x726C, 0x6A4B, 0x622B, 0x59E9, 0x3126, 0x3126, 0x3146, 0x3146, 0x3126, 0x3126, 0x3126, 0x3126,
    0x3146, 0x3146, 0x3146, 0x3146, 0x3146, 0x3146, 0x3126, 0x3125, 0x3125, 0x3125, 0x3125, 0x3126,
    0x3966, 0x3967, 0x4167, 0x4167, 0x4167, 0x4167, 0x4188, 0x4167, 0x4167, 0x4167, 0x4168, 0x4188,
    0x4188, 0x4188, 0x4187, 0x4187, 0x4187, 0x4188, 0x4167, 0x4167, 0x4168, 0x4988, 0x4168, 0x4167,
    0x4167, 0x4167, 0x4167, 0x4167, 0x4167, 0x4167, 0x4167, 0x4187, 0x49A8, 0x51E9, 0x51E9, 0x51C9,
    0x51E9, 0x51E9, 0x51C9, 0x51C9, 0x51C9, 0x51C9, 0x51C9, 0x51C9, 0x51E9, 0x59E9, 0x59EA, 0x59EA,
    0x5A0A, 0x5A0A, 0x51C9, 0x4147, 0x3926, 0x4987, 0x51E9, 0x620A, 0x6A4B, 0x6A6C, 0x6A6B, 0x620A,
    0x5A0A, 0x51EA, 0x520A, 0x520A, 0x5209, 0x5A09, 0x5A09, 0x5A0A, 0x5A2A, 0x51C9, 0x3946, 0x3125,
    0x3125, 0x3125, 0x3125, 0x3125, 0x3125, 0x3125, 0x3126, 0x3125, 0x3126, 0x3126, 0x3126, 0x49A8,
    0x6A6C, 0x72AD, 0x622B, 0x5A0A, 0x5A2A, 0x5A0A, 0x5A0A, 0x5A0A, 0x5A0A, 0x5A0A, 0x59EA, 0x59EA,
    0x5A0A, 0x59EA, 0x59EA, 0x5A0A, 0x51C9, 0x4167, 0x3926, 0x3105, 0x3926, 0x51A8, 0x622A, 0x5A09,
    0x4187, 0x3105, 0x28E5, 0x2905, 0x2905, 0x2905, 0x2104, 0x20C4, 0x28E4, 0x3946, 0x49A8, 0x41A8,
    0x3946, 0x3105, 0x2905, 0x3146, 0x3946, 0x3946, 0x3946, 0x3946, 0x4167, 0x4167, 0x4167, 0x3946,
    0x28E5, 0x3946, 0x51E9, 0x622A, 0x59E9, 0x51C9, 0x51E9, 0x51E9, 0x5A0A, 0x59E9, 0x59E9, 0x59EA,
    0x59E9, 0x59E9, 0x620A, 0x620A, 0x6A2B, 0x6A4B, 0x5A0A, 0x5A0A, 0x5A0A, 0x59EA, 0x59EA, 0x5A0A,
    0x5A0A, 0x622B, 0x6A4B, 0x622B, 0x59EA, 0x51C9, 0x4988, 0x4167, 0x4187, 0x4988, 0x51C9, 0x59E9,
    0x4988, 0x4146, 0x4187, 0x4187, 0x4187, 0x4187, 0x4167, 0x4166, 0x4146, 0x49A8, 0x622A, 0x620A,
    0x620A, 0x620A, 0x622B, 0x51E9, 0x3126, 0x2925, 0x3125, 0x3146, 0x3146, 0x3125, 0x3125, 0x3125,
    0x3125, 0x3125, 0x3125, 0x3105, 0x3126, 0x3125, 0x3126, 0x4187, 0x49A8, 0x49A8, 0x49A8, 0x49A8,
    0x3946, 0x3946, 0x4187, 0x49A8, 0x49A8, 0x3105, 0x2905, 0x3105, 0x3105, 0x3126, 0x3126, 0x3146,
    0x3946, 0x3946, 0x3946, 0x3926, 0x3946, 0x4167, 0x3946, 0x4146, 0x4147, 0x49A8, 0x49A8, 0x51C9,
    0x59E9, 0x5A2A, 0x6A4B, 0x6A8B, 0x49C8, 0x1883, 0x1062, 0x1062, 0x0862, 0x0862, 0x1062, 0x18A3,
    0x28E4, 0x2925, 0x3125, 0x3125, 0x41A8, 0x4988, 0x4967, 0x51C8, 0x620A, 0x622B, 0x622A, 0x624A,
    0x622A, 0x620A, 0x620A, 0x620A, 0x6A4B, 0x6A6B, 0x6A6C, 0x6A6C, 0x6A8C, 0x726C, 0x620A, 0x51A8,
    0x51E9, 0x622A, 0x622A, 0x620A, 0x620A, 0x620A, 0x61EA, 0x59EA, 0x620A, 0x620A, 0x622A, 0x5A0A,
    0x4987, 0x4967, 0x49A8, 0x59E9, 0x620A, 0x5A0B, 0x5A0A, 0x5A0A, 0x5A0A, 0x5A0A, 0x5A09, 0x5A09,
    0x5A0A, 0x620A, 0x6A4C, 0x726C, 0x728C, 0x6A6B, 0x59E9, 0x4987, 0x4987, 0x51A8, 0x51C9, 0x51E9,
    0x51E9, 0x51E9, 0x51E9, 0x51E9, 0x51E9, 0x51E9, 0x51E9, 0x51E9, 0x51E9, 0x51E9, 0x49E9, 0x49C8,
    0x4987, 0x4187, 0x4987, 0x4988, 0x49A8, 0x51A8, 0x4167, 0x4167, 0x4187, 0x4167, 0x3906, 0x4167,
    0x59E9, 0x624A, 0x5A2A, 0x4167, 0x3105, 0x4167, 0x49A8, 0x49A8, 0x49A8, 0x4167, 0x3946, 0x4187,
    0x49A8, 0x51E9, 0x5A0A, 0x51C8, 0x3926, 0x3105, 0x3967, 0x49C8, 0x5209, 0x5209, 0x5209, 0x5A0A,
    0x5A2A, 0x626B, 0x624B, 0x622A, 0x6A4B, 0x72AC, 0x728C, 0x726C, 0x624B, 0x59E9, 0x4988, 0x49A8,
    0x49C8, 0x51C8, 0x51A9, 0x49A8, 0x49C8, 0x51E8, 0x5A2A, 0x72AC, 0x82EE, 0x82EE, 0x830E, 0x82EE,
    0x82CE, 0x82CE, 0x82CE, 0x82EE, 0x7ACE, 0x7AEE, 0x72AD, 0x728C, 0x3126, 0x3146, 0x3146, 0x3146,
    0x3146, 0x3146, 0x3146, 0x3146, 0x3146, 0x3946, 0x3946, 0x3146, 0x3146, 0x3146, 0x3146, 0x3125,
    0x3125, 0x3125, 0x3125, 0x3946, 0x3967, 0x3967, 0x4167, 0x4167, 0x4167, 0x4167, 0x4167, 0x4167,
    0x4188, 0x4188, 0x4188, 0x4988, 0x4988, 0x4187, 0x4187, 0x4187, 0x4187, 0x4988, 0x4988, 0x4988,
    0x4988, 0x4988, 0x4988, 0x4988, 0x4988, 0x4988, 0x4988, 0x4988, 0x4988, 0x4187, 0x4167, 0x4187,
    0x49A8, 0x49A8, 0x51C9, 0x51C9, 0x51C9, 0x51C9, 0x51C9, 0x51C9, 0x51E9, 0x51C9, 0x51C9, 0x51C9,
    0x51C9, 0x59E9, 0x59E9, 0x59EA, 0x5A0A, 0x5A0A, 0x59EA, 0x51C9, 0x4167, 0x4167, 0x4988, 0x51C9,
    0x5A0A, 0x5A0A, 0x5A2A, 0x5A0A, 0x5A0A, 0x51E9, 0x51E9, 0x51E9, 0x5209, 0x5A09, 0x5209, 0x5209,
    0x5209, 0x4188, 0x3126, 0x3126, 0x3126, 0x3126, 0x3126, 0x3126, 0x3126, 0x3126, 0x3126, 0x3126,
    0x3126, 0x3125, 0x3126, 0x4988, 0x6A4B, 0x7AAD, 0x624B, 0x51A8, 0x51E9, 0x5209, 0x5209, 0x5209,
    0x51E9, 0x51E9, 0x51E9, 0x59EA, 0x59EA, 0x51C9, 0x49A8, 0x49A8, 0x4147, 0x3926, 0x4167, 0x4167,
    0x4987, 0x51C9, 0x51E9, 0x4167, 0x30E5, 0x3105, 0x3126, 0x2905, 0x2905, 0x2905, 0x2104, 0x20E4,
    0x20E4, 0x3146, 0x4187, 0x4187, 0x3946, 0x3105, 0x3126, 0x3946, 0x3946, 0x3946, 0x3946, 0x3946,
    0x4167, 0x4167, 0x4146, 0x3126, 0x28E5, 0x3126, 0x49A8, 0x622A, 0x5A09, 0x51E9, 0x49C8, 0x49C8,
    0x59E9, 0x59E9, 0x59E9, 0x59EA, 0x59E9, 0x59E9, 0x59EA, 0x620A, 0x622A, 0x622B, 0x5A0A, 0x5A0A,
    0x5A0A, 0x5A0A, 0x5A0A, 0x59EA, 0x5A0A, 0x622B, 0x622B, 0x622B, 0x5A0A, 0x5A0A, 0x51C9, 0x49A8,
    0x49A8, 0x4988, 0x49A8, 0x51E9, 0x59E9, 0x4167, 0x4167, 0x4167, 0x4167, 0x4167, 0x4167, 0x4146,
    0x49A8, 0x59E9, 0x622A, 0x620A, 0x620A, 0x620A, 0x622A, 0x49C8, 0x3126, 0x2925, 0x3105, 0x3126,
    0x3146, 0x3125, 0x3105, 0x3125, 0x3125, 0x3125, 0x3125, 0x3125, 0x3126, 0x3126, 0x3946, 0x4187,
    0x4167, 0x4187, 0x4187, 0x4167, 0x3946, 0x4147, 0x4988, 0x4987, 0x3946, 0x3105, 0x3105, 0x3125,
    0x3126, 0x3126, 0x3146, 0x3146, 0x3146, 0x3946, 0x3946, 0x3946, 0x3946, 0x3946, 0x3946, 0x3966,
    0x3966, 0x4187, 0x4187, 0x4187, 0x49A8, 0x51E9, 0x5A2A, 0x51E8, 0x3925, 0x1863, 0x1062, 0x1082,
    0x0862, 0x0882, 0x0862, 0x1082, 0x18A3, 0x18A3, 0x20C3, 0x2905, 0x49C8, 0x49C8, 0x4147, 0x4167,
    0x59E9, 0x622A, 0x622A, 0x6A4B, 0x6A6B, 0x6A4B, 0x5A0A, 0x59E9, 0x5A0A, 0x622A, 0x622A, 0x622A,
    0x624A, 0x622A, 0x51C9, 0x51A8, 0x59E9, 0x5A0A, 0x5A09, 0x59E9, 0x59E9, 0x59C9, 0x59C9, 0x59C9,
    0x59C9, 0x59C9, 0x59E9, 0x51E9, 0x4967, 0x4147, 0x4187, 0x51C8, 0x5A0A, 0x5A0A, 0x5A0A, 0x5A0A,
    0x5A0A, 0x5A0A, 0x59E9, 0x51C8, 0x51C9, 0x59C9, 0x5A0A, 0x622A, 0x622A, 0x622A, 0x5A0A, 0x59E9,
    0x51E9, 0x51C8, 0x51E9, 0x51E9, 0x51E9, 0x51E9, 0x51E9, 0x51E9, 0x51E9, 0x51C9, 0x51E9, 0x51E9,
    0x49C8, 0x49C8, 0x49C8, 0x49C8, 0x49A8, 0x49A8, 0x4988, 0x4988, 0x49C9, 0x49A8, 0x4987, 0x4987,
    0x49A8, 0x4167, 0x4147, 0x4987, 0x51E9, 0x624A, 0x5A2A, 0x4167, 0x4146, 0x49A8, 0x4988, 0x4988,
    0x4988, 0x49A8, 0x4167, 0x4167, 0x4988, 0x59C9, 0x620A, 0x51C9, 0x3946, 0x3105, 0x3946, 0x49A8,
    0x51E8, 0x51E9, 0x51E9, 0x51E9, 0x51E9, 0x5A4A, 0x5A2A, 0x59E9, 0x5A0A, 0x6A4B, 0x728C, 0x728C,
    0x6A8C, 0x5A2A, 0x4988, 0x4987, 0x49A8, 0x49A8, 0x49A8, 0x4988, 0x49A8, 0x49A8, 0x51E9, 0x622A,
    0x728C, 0x82EE, 0x82EE, 0x7AAD, 0x72AD, 0x72AD, 0x72AD, 0x7ACD, 0x7ACD, 0x7ACD, 0x72AC, 0x72AC,
    0x3946, 0x3946, 0x3946, 0x3946, 0x3946, 0x3946, 0x3946, 0x3946, 0x3966, 0x3946, 0x3946, 0x3146,
    0x3146, 0x3146, 0x3146, 0x3146, 0x3146, 0x3126, 0x3946, 0x3966, 0x3967, 0x3947, 0x4167, 0x4187,
    0x4167, 0x4167, 0x4167, 0x4167, 0x4988, 0x49A8, 0x49A8, 0x49A8, 0x49A8, 0x4988, 0x4988, 0x4987,
    0x4988, 0x4988, 0x49A8, 0x49C9, 0x49A8, 0x49A8, 0x49A8, 0x49A9, 0x49A9, 0x49A9, 0x49A8, 0x49A8,
    0x49A8, 0x49A8, 0x4187, 0x4167, 0x4167, 0x4188, 0x49A8, 0x49A8, 0x49A8, 0x49A8, 0x49A8, 0x51C9,
    0x51E9, 0x51C9, 0x51C9, 0x51C9, 0x51C9, 0x51C9, 0x5A0A, 0x51E9, 0x51E9, 0x59E9, 0x5A0A, 0x622B,
    0x622A, 0x620A, 0x624A, 0x5A2A, 0x49A8, 0x4167, 0x4187, 0x49A8, 0x49A8, 0x49C8, 0x51C9, 0x51E9,
    0x5209, 0x5A09, 0x51E9, 0x49A8, 0x3967, 0x3126, 0x3126, 0x3126, 0x3126, 0x3126, 0x3126, 0x3126,
    0x3126, 0x3126, 0x3126, 0x3126, 0x3126, 0x3126, 0x3126, 0x4147, 0x59EA, 0x72AC, 0x6A4B, 0x4967,
    0x3946, 0x3967, 0x3967, 0x3947, 0x4147, 0x49A8, 0x49C8, 0x49A8, 0x4988, 0x4167, 0x3926, 0x3105,
    0x3926, 0x59E9, 0x626B, 0x622A, 0x51C8, 0x4167, 0x3926, 0x30E5, 0x4187, 0x5209, 0x49C8, 0x3125,
    0x28E4, 0x28E4, 0x28E4, 0x2104, 0x20E4, 0x2905, 0x3146, 0x3966, 0x3926, 0x3906, 0x3946, 0x3946,
    0x4167, 0x4167, 0x3946, 0x3946, 0x4167, 0x3946, 0x3105, 0x2905, 0x2905, 0x3126, 0x4988, 0x624B,
    0x5A0A, 0x51C9, 0x4988, 0x4187, 0x49A8, 0x51C9, 0x59E9, 0x59EA, 0x59EA, 0x59EA, 0x5A0A, 0x5A0A,
    0x5A0A, 0x5A0A, 0x5A0A, 0x5A0A, 0x5A0A, 0x5A0A, 0x5A0A, 0x5A0A, 0x5A0A, 0x5A0A, 0x622A, 0x622A,
    0x622A, 0x620A, 0x5A0A, 0x59E9, 0x51C9, 0x49A8, 0x4187, 0x51E9, 0x624B, 0x4987, 0x4146, 0x3946,
    0x4146, 0x4146, 0x4146, 0x49A8, 0x5A0A, 0x5A0A, 0x5A0A, 0x5A2A, 0x622A, 0x6A4B, 0x622A, 0x49A8,
    0x28C5, 0x28E5, 0x28E5, 0x3105, 0x3125, 0x3125, 0x3125, 0x2925, 0x2905, 0x28E4, 0x28E5, 0x3125,
    0x3126, 0x3126, 0x3946, 0x4187, 0x3926, 0x3126, 0x3126, 0x3125, 0x3946, 0x4167, 0x49A8, 0x4167,
    0x28C4, 0x28E5, 0x3105, 0x3126, 0x3146, 0x3146, 0x3146, 0x3146, 0x3146, 0x3146, 0x3946, 0x3946,
    0x3946, 0x3926, 0x3946, 0x3946, 0x3946, 0x3946, 0x3946, 0x3926, 0x3946, 0x4187, 0x4988, 0x4187,
    0x3946, 0x3105, 0x20C4, 0x1042, 0x0021, 0x0841, 0x0841, 0x0861, 0x1062, 0x18A3, 0x18A3, 0x28E5,
    0x49C8, 0x51E9, 0x4146, 0x3926, 0x49A8, 0x5A2A, 0x622A, 0x6A4B, 0x728C, 0x726B, 0x622A, 0x5A09,
    0x5A09, 0x59E9, 0x59E9, 0x59E9, 0x51C9, 0x51A8, 0x49A8, 0x51C9, 0x51E9, 0x51C9, 0x51C9, 0x59E9,
    0x5A0A, 0x59E9, 0x51E9, 0x51C9, 0x49A8, 0x4988, 0x4988, 0x4167, 0x4147, 0x4147, 0x4147, 0x49A8,
    0x5A0A, 0x5A0A, 0x5A0A, 0x5A0A, 0x5A0A, 0x5A0A, 0x51C9, 0x51A8, 0x51C8, 0x51C8, 0x51C9, 0x59C9,
    0x59C9, 0x51C8, 0x51C9, 0x5A2A, 0x5A2A, 0x51E9, 0x51E9, 0x51E9, 0x51E9, 0x51E9, 0x59E9, 0x59E9,
    0x51E9, 0x51C9, 0x51E9, 0x51E9, 0x49C8, 0x49C8, 0x51C8, 0x49C8, 0x49C8, 0x49A8, 0x49C9, 0x51C9,
    0x51E9, 0x51C9, 0x49A8, 0x49A8, 0x49A8, 0x4987, 0x49A8, 0x51E9, 0x5A09, 0x624A, 0x5209, 0x3946,
    0x49C8, 0x624A, 0x622A, 0x620A, 0x5A0A, 0x51E9, 0x4988, 0x4988, 0x622A, 0x622A, 0x5A0A, 0x49C8,
    0x3946, 0x3105, 0x3926, 0x4167, 0x4987, 0x4987, 0x4187, 0x4167, 0x4988, 0x4988, 0x49A8, 0x49A8,
    0x51C9, 0x622B, 0x7ACD, 0x6A6B, 0x624B, 0x5A0A, 0x49A8, 0x4988, 0x49A8, 0x49A8, 0x49A8, 0x4988,
    0x4988, 0x4988, 0x4988, 0x4988, 0x4988, 0x51A8, 0x51A9, 0x4988, 0x4988, 0x4988, 0x4988, 0x49A8,
    0x51A8, 0x49A8, 0x4988, 0x49A8, 0x3946, 0x3946, 0x3946, 0x3946, 0x3946, 0x3946, 0x3946, 0x3946,
    0x3966, 0x3966, 0x3966, 0x3946, 0x3946, 0x3946, 0x3926, 0x3946, 0x3126, 0x3946, 0x3946, 0x3966,
    0x3967, 0x3967, 0x4167, 0x4188, 0x4167, 0x4167, 0x4188, 0x4167, 0x49A8, 0x49A8, 0x49A8, 0x49A8,
    0x49A8, 0x49A8, 0x49A8, 0x49A8, 0x49A8, 0x49A8, 0x49C9, 0x51C9, 0x49C9, 0x49C9, 0x51C9, 0x51C9,
    0x51C9, 0x51C9, 0x51C9, 0x51A8, 0x49A9, 0x49A8, 0x49A8, 0x4187, 0x4167, 0x4167, 0x4988, 0x49A8,
    0x49A8, 0x4988, 0x4988, 0x49A8, 0x51C9, 0x51C9, 0x51C9, 0x51C9, 0x51C9, 0x51C9, 0x51E9, 0x51E9,
    0x51C9, 0x59E9, 0x620A, 0x6A4B, 0x726C, 0x726C, 0x624B, 0x5A09, 0x49A8, 0x4187, 0x49A8, 0x4187,
    0x4187, 0x4988, 0x4187, 0x4187, 0x49A8, 0x49A8, 0x4187, 0x3946, 0x3125, 0x3126, 0x3126, 0x3126,
    0x3126, 0x3126, 0x3126, 0x3126, 0x3126, 0x3126, 0x3126, 0x3126, 0x3126, 0x3126, 0x3126, 0x3926,
    0x51C9, 0x728C, 0x6A6B, 0x4987, 0x3906, 0x3105, 0x3125, 0x3105, 0x3125, 0x3946, 0x4167, 0x3967,
    0x3946, 0x3125, 0x3126, 0x3967, 0x51E9, 0x626B, 0x622A, 0x51C8, 0x4167, 0x3926, 0x3946, 0x4187,
    0x49A8, 0x49C8, 0x4187, 0x3105, 0x20E4, 0x28E4, 0x2905, 0x2905, 0x2104, 0x28E5, 0x3126, 0x3946,
    0x3926, 0x3926, 0x3946, 0x3946, 0x4167, 0x4167, 0x3946, 0x3946, 0x4167, 0x3946, 0x3126, 0x3105,
    0x28E5, 0x3105, 0x4167, 0x5A2A, 0x5A0A, 0x59E9, 0x4988, 0x4167, 0x4187, 0x49A8, 0x51C9, 0x51E9,
    0x59EA, 0x5A0A, 0x5A0A, 0x59EA, 0x59E9, 0x59EA, 0x59EA, 0x5A0A, 0x5A0A, 0x5A0A, 0x5A0A, 0x5A0A,
    0x5A0A, 0x5A0A, 0x59EA, 0x620A, 0x622A, 0x6A0B, 0x6A2B, 0x624B, 0x51E9, 0x49A8, 0x4167, 0x51C9,
    0x624B, 0x4988, 0x4167, 0x4167, 0x4167, 0x4167, 0x4988, 0x59E9, 0x620A, 0x5A0A, 0x59EA, 0x5A0A,
    0x5A09, 0x624A, 0x6A4B, 0x59E9, 0x4146, 0x3105, 0x2905, 0x2925, 0x2925, 0x2925, 0x3125, 0x2925,
    0x2905, 0x28E4, 0x28E5, 0x2905, 0x2905, 0x3126, 0x3946, 0x3966, 0x3105, 0x3105, 0x3105, 0x3105,
    0x3946, 0x4167, 0x49A8, 0x4167, 0x28C4, 0x3105, 0x3126, 0x3146, 0x3146, 0x3146, 0x3146, 0x3146,
    0x3146, 0x3146, 0x3946, 0x3946, 0x3946, 0x3926, 0x3946, 0x3946, 0x3946, 0x3946, 0x3946, 0x4167,
    0x4167, 0x4987, 0x4988, 0x49A8, 0x49A8, 0x4988, 0x4167, 0x3105, 0x28E4, 0x20C3, 0x20C3, 0x20C3,
    0x20E4, 0x2904, 0x2905, 0x3105, 0x49A8, 0x51E9, 0x4988, 0x4967, 0x49A8, 0x51E9, 0x622A, 0x622A,
    0x6A4B, 0x622A, 0x622A, 0x5A0A, 0x51E9, 0x51C8, 0x51C8, 0x51C8, 0x51A8, 0x51A8, 0x51A8, 0x51C9,
    0x51C9, 0x51A8, 0x51C8, 0x49A8, 0x4988, 0x4187, 0x4187, 0x3967, 0x3946, 0x4146, 0x4167, 0x4167,
    0x4987, 0x4988, 0x4988, 0x51C8, 0x59E9, 0x5A0A, 0x59EA, 0x5A0A, 0x5A0A, 0x5A0A, 0x51C9, 0x4988,
    0x49A8, 0x49A8, 0x49A8, 0x51A8, 0x51C9, 0x51C9, 0x51C9, 0x5A09, 0x5A0A, 0x51E9, 0x51E9, 0x51E9,
    0x59EA, 0x5A0A, 0x5A0A, 0x59EA, 0x59EA, 0x59E9, 0x51E9, 0x51E9, 0x51C9, 0x49C8, 0x51C8, 0x49C8,
    0x49C8, 0x51C9, 0x51E9, 0x51E9, 0x51E9, 0x51E9, 0x51C9, 0x51C8, 0x51C9, 0x51C8, 0x51C9, 0x5A09,
    0x5A2A, 0x5A09, 0x51E9, 0x4988, 0x5A09, 0x626B, 0x624B, 0x622A, 0x622A, 0x5A09, 0x51A8, 0x51A8,
    0x622A, 0x5A09, 0x49A8, 0x3946, 0x3926, 0x3946, 0x49A8, 0x51C9, 0x59E9, 0x51C9, 0x51C9, 0x51C9,
    0x51A8, 0x4988, 0x4988, 0x4187, 0x4167, 0x51E9, 0x6A8B, 0x5A0A, 0x51E9, 0x51C9, 0x49A8, 0x49A8,
    0x49A8, 0x49A8, 0x49A8, 0x49A8, 0x49A8, 0x49A8, 0x4988, 0x4167, 0x4147, 0x4147, 0x4147, 0x4147,
    0x4147, 0x4167, 0x4968, 0x4988, 0x4988, 0x4988, 0x4988, 0x49A9, 0x3946, 0x3946, 0x3946, 0x3946,
    0x3946, 0x3966, 0x3966, 0x3966, 0x3966, 0x3946, 0x3946, 0x3947, 0x3947, 0x3927, 0x3926, 0x3926,
    0x3926, 0x3926, 0x3946, 0x3946, 0x3967, 0x4167, 0x4167, 0x4167, 0x4167, 0x4167, 0x4188, 0x4988,
    0x49A8, 0x4988, 0x49A8, 0x49A8, 0x49A8, 0x49C9, 0x49C9, 0x49A8, 0x49A8, 0x49C9, 0x51C9, 0x51C9,
    0x51C9, 0x51C9, 0x51C9, 0x51C9, 0x51C9, 0x51C9, 0x51C9, 0x51C9, 0x51C9, 0x49C8, 0x49A8, 0x4187,
    0x4187, 0x4187, 0x4167, 0x4188, 0x4188, 0x4188, 0x4188, 0x4188, 0x49A8, 0x49C8, 0x51C9, 0x51C9,
    0x51C9, 0x51C9, 0x51E9, 0x51C9, 0x51E9, 0x5A0A, 0x620A, 0x622A, 0x728C, 0x6A6C, 0x51C9, 0x4167,
    0x3946, 0x3967, 0x4187, 0x4187, 0x49A8, 0x51C8, 0x49A8, 0x3946, 0x3946, 0x3946, 0x3946, 0x3146,
    0x3146, 0x3146, 0x3146, 0x3126, 0x3126, 0x3126, 0x3126, 0x3126, 0x3126, 0x3126, 0x3126, 0x3126,
    0x3126, 0x3146, 0x3126, 0x3926, 0x51C9, 0x728C, 0x728C, 0x51C9, 0x3947, 0x3126, 0x3126, 0x3126,
    0x3126, 0x3126, 0x3126, 0x3105, 0x3105, 0x3946, 0x4987, 0x624A, 0x6AAC, 0x5A09, 0x4146, 0x3126,
    0x3125, 0x3126, 0x4187, 0x4187, 0x3126, 0x30E5, 0x3105, 0x28E4, 0x28E4, 0x2905, 0x2905, 0x2905,
    0x2905, 0x28E5, 0x3126, 0x3967, 0x4167, 0x3946, 0x3946, 0x3946, 0x3946, 0x4167, 0x4167, 0x4167,
    0x4187, 0x4187, 0x4167, 0x3126, 0x28E5, 0x2905, 0x3946, 0x51E9, 0x5A0A, 0x59E9, 0x51A8, 0x4167,
    0x4167, 0x4187, 0x49C8, 0x51C9, 0x51E9, 0x59E9, 0x59E9, 0x59E9, 0x51C9, 0x51C9, 0x59E9, 0x59E9,
    0x5A0A, 0x5A0A, 0x5A0A, 0x5A0A, 0x5A0A, 0x5A0A, 0x620A, 0x620A, 0x622B, 0x728C, 0x7AAD, 0x728C,
    0x5A09, 0x49A8, 0x4167, 0x51E9, 0x624B, 0x49A8, 0x4987, 0x51C9, 0x51E9, 0x51C9, 0x59E9, 0x5A0A,
    0x5A09, 0x5A0A, 0x51E9, 0x51C9, 0x49C8, 0x59E9, 0x6A2B, 0x726C, 0x624A, 0x4187, 0x3105, 0x2905,
    0x3125, 0x2905, 0x2905, 0x28E5, 0x2905, 0x2905, 0x2905, 0x28E5, 0x2905, 0x3105, 0x3125, 0x3105,
    0x2905, 0x3125, 0x3105, 0x3125, 0x3946, 0x4187, 0x4188, 0x3126, 0x28C4, 0x3126, 0x3946, 0x3946,
    0x3146, 0x3146, 0x3146, 0x3146, 0x3146, 0x3146, 0x3146, 0x3946, 0x3946, 0x3926, 0x3946, 0x3946,
    0x4167, 0x4987, 0x49A8, 0x51C8, 0x51C8, 0x51A8, 0x51C9, 0x51C9, 0x51C9, 0x51C9, 0x51C9, 0x51C9,
    0x51E9, 0x41A7, 0x3946, 0x3126, 0x3146, 0x3146, 0x3146, 0x3125, 0x3966, 0x49A8, 0x51E9, 0x51E9,
    0x49A8, 0x51C8, 0x5A0A, 0x622A, 0x622A, 0x59E9, 0x59E9, 0x59E9, 0x51C8, 0x51A8, 0x51C8, 0x51C8,
    0x51C9, 0x51C8, 0x51C8, 0x51C9, 0x51E9, 0x51C9, 0x4187, 0x3126, 0x3105, 0x3125, 0x3125, 0x3105,
    0x3125, 0x4167, 0x49A8, 0x51C9, 0x51E9, 0x5A09, 0x59E9, 0x59E9, 0x5A0A, 0x5A0A, 0x59EA, 0x59E9,
    0x59E9, 0x5A0A, 0x51A8, 0x4167, 0x4167, 0x4987, 0x4987, 0x4988, 0x51C9, 0x59E9, 0x59E9, 0x51E9,
    0x51E9, 0x5209, 0x5209, 0x5A0A, 0x5A0A, 0x620A, 0x620A, 0x5A0A, 0x5A0A, 0x5A0A, 0x5A09, 0x51E9,
    0x51E9, 0x51C9, 0x49C8, 0x49C8, 0x49C8, 0x51E9, 0x51E9, 0x51E9, 0x51E9, 0x51E9, 0x51E9, 0x51E9,
    0x51C9, 0x51C9, 0x51E9, 0x51C9, 0x51C9, 0x49A8, 0x49A8, 0x49C8, 0x5209, 0x5A2A, 0x59E9, 0x51A8,
    0x51C9, 0x59E9, 0x51C9, 0x4167, 0x4988, 0x4167, 0x4147, 0x3105, 0x30E5, 0x4167, 0x624A, 0x72AC,
    0x728C, 0x728C, 0x6A6B, 0x6A6B, 0x6A4B, 0x622A, 0x51E9, 0x4187, 0x3946, 0x4187, 0x51E9, 0x49C8,
    0x51C9, 0x49A8, 0x49C9, 0x49A8, 0x49A8, 0x49A8, 0x49C9, 0x51E9, 0x5A0A, 0x5A2A, 0x624B, 0x5A2A,
    0x5A0A, 0x5A0A, 0x622A, 0x622B, 0x622B, 0x6A4B, 0x6A4C, 0x6A6C, 0x6A6C, 0x6A4C, 0x6A4C, 0x6A6C,
    0x3966, 0x3946, 0x3946, 0x3946, 0x3946, 0x3966, 0x3966, 0x3967, 0x3966, 0x3946, 0x3946, 0x3947,
    0x3947, 0x3947, 0x3947, 0x3947, 0x3927, 0x3946, 0x3946, 0x3947, 0x3967, 0x4167, 0x4188, 0x4167,
    0x4167, 0x4167, 0x4988, 0x49A8, 0x49A8, 0x49A8, 0x49A8, 0x51C9, 0x49C9, 0x49C9, 0x49C9, 0x51C9,
    0x51C9, 0x51C9, 0x51C9, 0x51C9, 0x51C9, 0x51C9, 0x51C9, 0x51C9, 0x51C9, 0x51C9, 0x51C9, 0x51C9,
    0x49C9, 0x51C8, 0x49A8, 0x49A8, 0x4187, 0x4187, 0x4167, 0x4187, 0x4167, 0x4167, 0x4167, 0x4167,
    0x4188, 0x49A8, 0x51C9, 0x51C9, 0x51C9, 0x51C9, 0x51C9, 0x51C9, 0x51E9, 0x5A09, 0x59E9, 0x622A,
    0x6A6B, 0x59E9, 0x3946, 0x3126, 0x3105, 0x3105, 0x3926, 0x4166, 0x4167, 0x49A8, 0x41A8, 0x3967,
    0x3946, 0x3146, 0x3126, 0x3146, 0x3146, 0x3146, 0x3146, 0x3126, 0x3126, 0x3146, 0x3126, 0x3126,
    0x3126, 0x3126, 0x3126, 0x3126, 0x3126, 0x3146, 0x3126, 0x3926, 0x51A8, 0x6A6C, 0x728C, 0x5A0A,
    0x4167, 0x3926, 0x3125, 0x3146, 0x3126, 0x3125, 0x3105, 0x3105, 0x3946, 0x4187, 0x51C8, 0x622A,
    0x5A2A, 0x3946, 0x28E4, 0x2905, 0x2905, 0x3146, 0x3126, 0x28E5, 0x20A4, 0x20A4, 0x20A4, 0x20E4,
    0x28E4, 0x2905, 0x28E4, 0x28E4, 0x28E5, 0x28E5, 0x3105, 0x4167, 0x4187, 0x3946, 0x3946, 0x3946,
    0x3946, 0x4167, 0x4187, 0x4187, 0x4187, 0x4187, 0x4187, 0x3946, 0x2905, 0x2905, 0x3125, 0x49A8,
    0x5A0A, 0x620A, 0x51C8, 0x4967, 0x4167, 0x4167, 0x49A8, 0x51C8, 0x51C9, 0x51E9, 0x51E9, 0x51C9,
    0x51C9, 0x51C9, 0x59E9, 0x59E9, 0x59EA, 0x5A0A, 0x5A0A, 0x5A0A, 0x5A0A, 0x5A0A, 0x6A4B, 0x6A4B,
    0x6A4B, 0x7AAD, 0x728C, 0x624B, 0x51E9, 0x4988, 0x4167, 0x51C9, 0x624B, 0x59E9, 0x51A8, 0x5A09,
    0x5A09, 0x5A0A, 0x59EA, 0x59E9, 0x51E9, 0x51E9, 0x51C8, 0x49A8, 0x49A7, 0x49A8, 0x59E9, 0x624B,
    0x6A6B, 0x5A0A, 0x4167, 0x3946, 0x4167, 0x3967, 0x3926, 0x3126, 0x3126, 0x3125, 0x3125, 0x3126,
    0x3126, 0x3126, 0x3126, 0x3125, 0x3125, 0x3125, 0x3125, 0x3125, 0x3946, 0x4188, 0x4167, 0x3105,
    0x28E4, 0x3126, 0x3946, 0x3946, 0x3946, 0x3146, 0x3146, 0x3146, 0x3146, 0x3146, 0x3146, 0x3946,
    0x3946, 0x3926, 0x3946, 0x4167, 0x4988, 0x51C8, 0x51C8, 0x51C9, 0x51C8, 0x51C8, 0x51C9, 0x51C9,
    0x51C9, 0x59C9, 0x51E9, 0x5A09, 0x520A, 0x49C8, 0x3946, 0x3126, 0x3125, 0x3125, 0x2925, 0x2905,
    0x3105, 0x3966, 0x49C8, 0x49C8, 0x4187, 0x4187, 0x51C8, 0x5A0A, 0x622A, 0x59E9, 0x51C9, 0x51C9,
    0x51C8, 0x51C9, 0x51C9, 0x51C9, 0x51C9, 0x51C8, 0x51C8, 0x51C9, 0x51C9, 0x4187, 0x3125, 0x20C4,
    0x28E4, 0x2905, 0x2905, 0x3105, 0x3946, 0x49A7, 0x51E9, 0x5A0A, 0x5A2A, 0x5A2A, 0x5A0A, 0x59EA,
    0x5A0A, 0x59EA, 0x59E9, 0x51C9, 0x51C9, 0x5A0A, 0x51C9, 0x49A8, 0x51C9, 0x51C8, 0x51C8, 0x51E9,
    0x5A0A, 0x5A0A, 0x59E9, 0x51C9, 0x51E9, 0x5209, 0x5209, 0x5A0A, 0x5A0A, 0x5A0A, 0x5A0A, 0x5A0A,
    0x5A0A, 0x5A0A, 0x5A0A, 0x59E9, 0x59E9, 0x51E9, 0x51C9, 0x51C9, 0x51C9, 0x51E9, 0x51E9, 0x51C9,
    0x51E9, 0x51E9, 0x51E9, 0x51E9, 0x51C9, 0x51C9, 0x51E9, 0x51C9, 0x4988, 0x4987, 0x49A8, 0x49C8,
    0x51E9, 0x51E9, 0x49A8, 0x4987, 0x4988, 0x51E9, 0x51E9, 0x4187, 0x4187, 0x4167, 0x3946, 0x3105,
    0x28E5, 0x3946, 0x5A4A, 0x72AC, 0x728C, 0x728C, 0x6A8C, 0x6A6C, 0x6A6C, 0x624B, 0x5A0A, 0x49C9,
    0x4187, 0x4167, 0x49A8, 0x49A8, 0x49A8, 0x49A8, 0x49A8, 0x49A8, 0x49A8, 0x49A8, 0x49C9, 0x51E9,
    0x5A0A, 0x5A2A, 0x624B, 0x624B, 0x6A6B, 0x6A8C, 0x72AD, 0x7AAD, 0x7ACD, 0x7ACE, 0x7ACE, 0x7ACE,
    0x7ACE, 0x7ACE, 0x7ACE, 0x7ACE, 0x3946, 0x3946, 0x3946, 0x3946, 0x3946, 0x3946, 0x3946, 0x3967,
    0x3967, 0x4167, 0x3967, 0x3967, 0x3967, 0x3967, 0x3947, 0x3947, 0x3947, 0x3947, 0x3967, 0x3967,
    0x4167, 0x4187, 0x4188, 0x4167, 0x4167, 0x4988, 0x4988, 0x49A8, 0x49A8, 0x49C9, 0x51C9, 0x51C9,
    0x49C9, 0x49C9, 0x49C9, 0x51C9, 0x51C9, 0x51C9, 0x51C9, 0x51C9, 0x51C9, 0x51C9, 0x49C9, 0x49C9,
    0x49C9, 0x49C9, 0x49C9, 0x49C9, 0x49C9, 0x51C8, 0x51C8, 0x49A8, 0x4187, 0x4187, 0x4187, 0x4187,
    0x4187, 0x4167, 0x4167, 0x4167, 0x4187, 0x4188, 0x49A8, 0x51C9, 0x51C9, 0x51C9, 0x51C9, 0x51C9,
    0x51E9, 0x51E9, 0x5A0A, 0x624A, 0x51E8, 0x3946, 0x3105, 0x3926, 0x3946, 0x4167, 0x4167, 0x4988,
    0x4167, 0x4166, 0x3946, 0x3105, 0x28E4, 0x2905, 0x3146, 0x3146, 0x3146, 0x3126, 0x3146, 0x3126,
    0x3126, 0x3146, 0x3146, 0x3126, 0x3126, 0x3126, 0x3126, 0x3926, 0x3926, 0x3946, 0x3126, 0x3106,
    0x4988, 0x6A4B, 0x726C, 0x5A0A, 0x4167, 0x3125, 0x2905, 0x3125, 0x3105, 0x3105, 0x3946, 0x41A8,
    0x49A8, 0x4167, 0x3946, 0x3946, 0x3125, 0x28E4, 0x28E4, 0x28E4, 0x2905, 0x2905, 0x20E4, 0x20A4,
    0x18A3, 0x18A3, 0x18A3, 0x20C4, 0x20C4, 0x20C4, 0x20C4, 0x20E4, 0x20E4, 0x28E4, 0x2905, 0x4187,
    0x49C8, 0x4167, 0x3967, 0x4167, 0x4167, 0x4187, 0x4187, 0x4187, 0x4167, 0x3946, 0x3946, 0x3126,
    0x3125, 0x28E5, 0x28C4, 0x3926, 0x5A09, 0x5A0A, 0x59E9, 0x49A8, 0x4167, 0x4167, 0x4187, 0x4987,
    0x49A8, 0x49A8, 0x51C9, 0x51E9, 0x51E9, 0x59E9, 0x59EA, 0x5A0A, 0x5A0A, 0x5A0A, 0x5A0A, 0x5A0A,
    0x51E9, 0x59EA, 0x6A4B, 0x7AAD, 0x7AAD, 0x6A6B, 0x59E9, 0x51A8, 0x4167, 0x3946, 0x3926, 0x4167,
    0x5A0A, 0x624A, 0x51C9, 0x51E9, 0x51C8, 0x49A8, 0x4988, 0x4188, 0x4188, 0x4188, 0x4987, 0x4988,
    0x4988, 0x4987, 0x49A8, 0x49A8, 0x51E9, 0x6A4B, 0x624B, 0x5A0A, 0x622A, 0x5A2A, 0x5A0A, 0x51E9,
    0x49A8, 0x3946, 0x3946, 0x3946, 0x3946, 0x3946, 0x3946, 0x3946, 0x3126, 0x3125, 0x3125, 0x3126,
    0x3946, 0x4167, 0x3947, 0x28E5, 0x28E5, 0x3146, 0x3946, 0x3946, 0x3946, 0x3146, 0x3146, 0x3146,
    0x3146, 0x3146, 0x3146, 0x3946, 0x3946, 0x3946, 0x3967, 0x41A7, 0x49A8, 0x51C9, 0x49C8, 0x51C8,
    0x51C8, 0x51A8, 0x49C8, 0x51A8, 0x51C8, 0x51C9, 0x51E9, 0x49A8, 0x3967, 0x3126, 0x3105, 0x2905,
    0x2905, 0x2905, 0x2905, 0x2905, 0x2905, 0x3125, 0x3146, 0x3146, 0x3125, 0x3126, 0x4167, 0x59E9,
    0x624B, 0x622A, 0x59E9, 0x51C9, 0x51C9, 0x51C9, 0x51C9, 0x51C9, 0x51C9, 0x51C9, 0x51C9, 0x49A8,
    0x4167, 0x3105, 0x20C4, 0x20A4, 0x28E4, 0x2905, 0x2905, 0x3125, 0x3946, 0x49A8, 0x59EA, 0x622B,
    0x624B, 0x5A2B, 0x5A0A, 0x51EA, 0x51E9, 0x51C9, 0x51C9, 0x51C9, 0x51C9, 0x51C9, 0x59E9, 0x59E9,
    0x622A, 0x622A, 0x622A, 0x622A, 0x624B, 0x622A, 0x622A, 0x622A, 0x51E9, 0x51C8, 0x51E9, 0x5A09,
    0x5A09, 0x5A0A, 0x5A0A, 0x5A0A, 0x5A0A, 0x5A0A, 0x59EA, 0x5A0A, 0x59EA, 0x59E9, 0x51C9, 0x51C9,
    0x51C8, 0x51E9, 0x5209, 0x51E9, 0x51E9, 0x51E9, 0x51E9, 0x51E9, 0x51C9, 0x51C9, 0x51E9, 0x5A0A,
    0x51E9, 0x51A8, 0x49A8, 0x49C8, 0x51E9, 0x51E9, 0x51E9, 0x51E9, 0x51E9, 0x5A0A, 0x5A0A, 0x5209,
    0x5209, 0x51C8, 0x4146, 0x3105, 0x20C4, 0x20C4, 0x3946, 0x49A8, 0x49C8, 0x51C9, 0x51E9, 0x51E9,
    0x51E9, 0x51C9, 0x49A9, 0x49C9, 0x49A8, 0x4167, 0x4167, 0x4168, 0x4167, 0x4167, 0x4187, 0x49A8,
    0x4988, 0x4988, 0x4988, 0x49A8, 0x49A8, 0x51C9, 0x49A8, 0x51C9, 0x59E9, 0x59EA, 0x620A, 0x622B,
    0x6A4C, 0x728D, 0x7AAD, 0x82AE, 0x82AE, 0x82CE, 0x7AAD, 0x7AAD, 0x3946, 0x3946, 0x3946, 0x3946,
    0x3946, 0x3946, 0x3946, 0x3967, 0x4167, 0x4187, 0x4167, 0x4167, 0x3967, 0x3967, 0x3967, 0x3967,
    0x3967, 0x3967, 0x4167, 0x4167, 0x4167, 0x4187, 0x4988, 0x4167, 0x4167, 0x4988, 0x49A8, 0x49A8,
    0x49A8, 0x51C9, 0x51C9, 0x51C9, 0x49C9, 0x49C9, 0x49C9, 0x51C9, 0x51C9, 0x51C9, 0x51C9, 0x51C9,
    0x51C9, 0x51C9, 0x49C9, 0x49C9, 0x49C9, 0x49C9, 0x49C9, 0x49C9, 0x49C9, 0x51C8, 0x51C9, 0x49A8,
    0x4187, 0x4187, 0x4187, 0x4187, 0x4187, 0x4187, 0x4187, 0x4187, 0x4167, 0x4187, 0x49A8, 0x49C8,
    0x51C9, 0x51C9, 0x51C9, 0x51E9, 0x51E9, 0x51E9, 0x5A0A, 0x5209, 0x3946, 0x3125, 0x3126, 0x4167,
    0x49C8, 0x5209, 0x59E9, 0x59E9, 0x51E9, 0x49A8, 0x4166, 0x28E5, 0x20A3, 0x20C4, 0x2905, 0x3145,
    0x3126, 0x3146, 0x3946, 0x3946, 0x3126, 0x3146, 0x3146, 0x3146, 0x3126, 0x3126, 0x3126, 0x3126,
    0x3126, 0x3926, 0x3126, 0x3106, 0x4167, 0x620A, 0x6A6C, 0x620A, 0x4167, 0x3105, 0x2905, 0x3125,
    0x3105, 0x3125, 0x49A8, 0x5209, 0x49A8, 0x3105, 0x20C4, 0x20C4, 0x20C4, 0x20C4, 0x28E4, 0x28E4,
    0x20C4, 0x20C4, 0x18A3, 0x1883, 0x18A3, 0x10A3, 0x1083, 0x10A3, 0x1083, 0x1082, 0x18A3, 0x20E4,
    0x18C3, 0x20A4, 0x3105, 0x41A8, 0x49C8, 0x4187, 0x4187, 0x4187, 0x49A8, 0x49C8, 0x49C8, 0x49C8,
    0x3946, 0x3105, 0x3105, 0x3125, 0x3125, 0x28E5, 0x20C4, 0x28C4, 0x4987, 0x59E9, 0x5A0A, 0x51C9,
    0x4167, 0x4167, 0x4167, 0x4167, 0x4187, 0x49A8, 0x49C8, 0x51C9, 0x51E9, 0x51E9, 0x51E9, 0x59E9,
    0x59EA, 0x59E9, 0x5A0A, 0x5A0A, 0x51C9, 0x59EA, 0x6A4B, 0x7AAD, 0x72AC, 0x59E9, 0x4167, 0x4167,
    0x4167, 0x3946, 0x3946, 0x4147, 0x51C9, 0x624B, 0x51C8, 0x51A8, 0x4988, 0x4187, 0x4167, 0x4167,
    0x4167, 0x4167, 0x4167, 0x4987, 0x4988, 0x49A8, 0x41A8, 0x4187, 0x4187, 0x622A, 0x72AC, 0x72AC,
    0x728C, 0x728C, 0x726C, 0x6A6B, 0x620A, 0x49A8, 0x4146, 0x3967, 0x4167, 0x4167, 0x4167, 0x4167,
    0x3126, 0x2905, 0x3125, 0x3126, 0x3946, 0x4187, 0x3946, 0x28E4, 0x28E5, 0x3146, 0x3946, 0x3946,
    0x3946, 0x3146, 0x3146, 0x3146, 0x3146, 0x3146, 0x3146, 0x3946, 0x3146, 0x3946, 0x4187, 0x41A8,
    0x49A8, 0x49A8, 0x49A8, 0x49A8, 0x49A8, 0x49A8, 0x49A8, 0x49A8, 0x49A8, 0x49A8, 0x4187, 0x3125,
    0x28E4, 0x20E4, 0x28E5, 0x2905, 0x2905, 0x2905, 0x2925, 0x2925, 0x2925, 0x2905, 0x28E5, 0x2905,
    0x2905, 0x28E4, 0x3105, 0x49A8, 0x622A, 0x624B, 0x5A0A, 0x51C9, 0x51C9, 0x51E9, 0x51C9, 0x51C9,
    0x51C9, 0x51C9, 0x51C9, 0x3946, 0x28E4, 0x20C4, 0x20C3, 0x18C4, 0x20E4, 0x2905, 0x3105, 0x3926,
    0x4167, 0x51A8, 0x620A, 0x6A4C, 0x6A4C, 0x5A2B, 0x5A0A, 0x51E9, 0x51C9, 0x51C9, 0x51C9, 0x51C9,
    0x51C9, 0x51C9, 0x51C9, 0x59E9, 0x51E9, 0x51E9, 0x51E9, 0x51E9, 0x59E9, 0x59E9, 0x622A, 0x6A6B,
    0x51E9, 0x4187, 0x49A8, 0x51E9, 0x51E9, 0x51E9, 0x5209, 0x5A0A, 0x5A0A, 0x59EA, 0x59EA, 0x5A0A,
    0x5A0A, 0x59EA, 0x59E9, 0x51C9, 0x51C9, 0x51E9, 0x5A0A, 0x59EA, 0x59EA, 0x59EA, 0x59E9, 0x51E9,
    0x51C9, 0x51C9, 0x51E9, 0x5A2A, 0x5A0A, 0x51C8, 0x49A8, 0x49C8, 0x51C9, 0x51E9, 0x5A2A, 0x5A2A,
    0x622A, 0x622A, 0x5A0A, 0x5A2A, 0x5A0A, 0x51C9, 0x4147, 0x3105, 0x20C4, 0x2083, 0x28E5, 0x4147,
    0x4167, 0x4988, 0x51C9, 0x51C9, 0x51C9, 0x51A9, 0x51A9, 0x51C9, 0x51C9, 0x51A9, 0x4988, 0x4988,
    0x4188, 0x4188, 0x4167, 0x4988, 0x4988, 0x4988, 0x4988, 0x4188, 0x4188, 0x4187, 0x4188, 0x4988,
    0x4988, 0x4988, 0x4988, 0x4988, 0x51C9, 0x5A0A, 0x6A4B, 0x728C, 0x728C, 0x7AAD, 0x7A8D, 0x7AAD,
    0x3946, 0x3946, 0x3946, 0x3946, 0x3946, 0x3946, 0x3946, 0x3967, 0x3967, 0x4167, 0x4167, 0x4167,
    0x4167, 0x4167, 0x4167, 0x3947, 0x3947, 0x3947, 0x4167, 0x4187, 0x4167, 0x4187, 0x4188, 0x4188,
    0x4167, 0x4988, 0x4988, 0x49A8, 0x49C9, 0x51C9, 0x51C9, 0x51C9, 0x51C9, 0x51C9, 0x51C9, 0x51C9,
    0x51C9, 0x51C9, 0x51C9, 0x51C9, 0x51C9, 0x51C9, 0x51C9, 0x51C9, 0x51C9, 0x51C9, 0x51C9, 0x51C9,
    0x51C9, 0x51C9, 0x51C8, 0x49A8, 0x4988, 0x4187, 0x4187, 0x3967, 0x3967, 0x3967, 0x3967, 0x4167,
    0x4167, 0x4187, 0x4987, 0x49A8, 0x49A8, 0x49C8, 0x51E9, 0x51E9, 0x51E9, 0x51E9, 0x49C9, 0x4167,
    0x3125, 0x3946, 0x4166, 0x49A8, 0x51E9, 0x5A2A, 0x5A2A, 0x5A09, 0x59E9, 0x51E9, 0x51C8, 0x49A8,
    0x3946, 0x28E4, 0x28E4, 0x2905, 0x3125, 0x3146, 0x3146, 0x3146, 0x3126, 0x3126, 0x3126, 0x3126,
    0x3126, 0x3126, 0x3126, 0x3125, 0x3125, 0x3926, 0x3126, 0x3126, 0x4147, 0x59C9, 0x6A6C, 0x6A2B,
    0x4987, 0x3926, 0x3146, 0x3966, 0x3966, 0x4187, 0x49C8, 0x4187, 0x3105, 0x20C4, 0x18C3, 0x18C3,
    0x20C3, 0x20C4, 0x20C4, 0x20C3, 0x1883, 0x1883, 0x1082, 0x1062, 0x1082, 0x1082, 0x1082, 0x1082,
    0x1082, 0x1082, 0x10A3, 0x18A3, 0x1082, 0x1062, 0x3105, 0x49A8, 0x49C8, 0x49A8, 0x49A8, 0x49A8,
    0x51E9, 0x5A0A, 0x5A0A, 0x51E9, 0x4167, 0x3125, 0x2925, 0x3125, 0x3125, 0x2905, 0x28E4, 0x20C4,
    0x3105, 0x4988, 0x5A0A, 0x59E9, 0x49A8, 0x4188, 0x4167, 0x4167, 0x4167, 0x4187, 0x49A8, 0x49C8,
    0x51C8, 0x51C8, 0x51C8, 0x51A8, 0x51C9, 0x59E9, 0x5A0A, 0x620A, 0x622A, 0x6A4B, 0x728B, 0x624A,
    0x51E9, 0x4987, 0x4167, 0x51C8, 0x51C9, 0x51E9, 0x51C9, 0x51A8, 0x49A8, 0x624B, 0x51C8, 0x4988,
    0x49A8, 0x51E9, 0x59E9, 0x59E9, 0x59E9, 0x59E9, 0x51C9, 0x4988, 0x49A8, 0x49A8, 0x49A8, 0x49A8,
    0x49A8, 0x51C9, 0x5A2A, 0x624B, 0x6A6B, 0x724B, 0x724B, 0x724B, 0x6A2A, 0x620A, 0x49A8, 0x4167,
    0x4187, 0x4987, 0x4187, 0x4187, 0x3946, 0x3125, 0x3126, 0x3126, 0x3946, 0x3967, 0x3146, 0x28E4,
    0x2905, 0x3146, 0x3946, 0x3946, 0x3946, 0x3146, 0x3146, 0x3146, 0x3146, 0x3146, 0x3146, 0x3146,
    0x3126, 0x3926, 0x4167, 0x4187, 0x4988, 0x4988, 0x49A8, 0x49A8, 0x49A8, 0x49A8, 0x49A8, 0x49A8,
    0x4187, 0x3146, 0x28E4, 0x20C4, 0x20E4, 0x20E4, 0x20E4, 0x2905, 0x2925, 0x3125, 0x2905, 0x2925,
    0x2905, 0x2905, 0x2905, 0x2905, 0x2905, 0x28E5, 0x3105, 0x3926, 0x4987, 0x5A0A, 0x622A, 0x59E9,
    0x51E9, 0x51E9, 0x51E9, 0x51C9, 0x59E9, 0x51E9, 0x49A8, 0x28E4, 0x1062, 0x1883, 0x20C3, 0x18C4,
    0x20E4, 0x2905, 0x3126, 0x3967, 0x4988, 0x59EA, 0x6A4B, 0x6A4C, 0x620B, 0x59EA, 0x51EA, 0x51E9,
    0x51C9, 0x51C9, 0x51E9, 0x51E9, 0x51C9, 0x51C9, 0x51C9, 0x51C9, 0x4988, 0x3946, 0x3926, 0x4146,
    0x4988, 0x59C9, 0x59EA, 0x624B, 0x5A0A, 0x3946, 0x3947, 0x4988, 0x49A8, 0x51C8, 0x51E9, 0x59E9,
    0x59E9, 0x59E9, 0x59E9, 0x5A0A, 0x5A0A, 0x622A, 0x622A, 0x5A0A, 0x5A0A, 0x5A0A, 0x5A0A, 0x5A0A,
    0x5A0A, 0x5A0A, 0x59E9, 0x51E9, 0x51E9, 0x51C9, 0x51E9, 0x5A09, 0x51E9, 0x51E9, 0x51C9, 0x49A8,
    0x49A8, 0x51C8, 0x51E9, 0x51E9, 0x51E9, 0x51C8, 0x49A8, 0x49A8, 0x4987, 0x4167, 0x4167, 0x4988,
    0x49A8, 0x51A8, 0x5A0A, 0x6A6C, 0x6A6B, 0x6A4B, 0x6A6C, 0x6A6C, 0x6A6C, 0x6A6C, 0x726C, 0x726C,
    0x728C, 0x728C, 0x6A6C, 0x624B, 0x624B, 0x622B, 0x59EA, 0x49A8, 0x4988, 0x4167, 0x4188, 0x4188,
    0x4988, 0x49A8, 0x49A8, 0x49A8, 0x49A8, 0x4988, 0x49A8, 0x4988, 0x49C8, 0x49A8, 0x51C9, 0x59E9,
    0x59E9, 0x622A, 0x6A6B, 0x728C, 0x3946, 0x3946, 0x3946, 0x3946, 0x3946, 0x3946, 0x3946, 0x3946,
    0x3946, 0x3967, 0x3967, 0x4167, 0x4167, 0x4167, 0x4167, 0x4147, 0x4147, 0x4147, 0x4147, 0x4988,
    0x4167, 0x4187, 0x4187, 0x4188, 0x4167, 0x4167, 0x4188, 0x49A8, 0x51C9, 0x51C9, 0x51C9, 0x51C9,
    0x51C9, 0x51C9, 0x51C9, 0x51C9, 0x51C9, 0x51C9, 0x51C9, 0x51C9, 0x51C9, 0x51C9, 0x51E9, 0x51E9,
    0x51EA, 0x51EA, 0x51E9, 0x51E9, 0x59E9, 0x51C9, 0x49A8, 0x49A8, 0x49A8, 0x4188, 0x3967, 0x3946,
    0x3966, 0x3966, 0x3966, 0x3966, 0x3967, 0x4167, 0x4167, 0x4167, 0x4987, 0x49A8, 0x51C8, 0x51C9,
    0x51E9, 0x5A0A, 0x49A8, 0x3105, 0x3105, 0x3946, 0x4167, 0x4988, 0x51C9, 0x5A09, 0x5A09, 0x51E9,
    0x49A8, 0x4988, 0x49A8, 0x49C8, 0x41A8, 0x3966, 0x3125, 0x28E4, 0x28E4, 0x3125, 0x3125, 0x3126,
    0x3126, 0x3125, 0x3125, 0x3125, 0x3126, 0x3106, 0x3106, 0x3125, 0x3125, 0x3926, 0x3126, 0x3126,
    0x3927, 0x51A9, 0x6A6C, 0x6A4B, 0x51A8, 0x3946, 0x3967, 0x49A8, 0x49C8, 0x49A8, 0x3966, 0x2905,
    0x20C4, 0x20C4, 0x20C3, 0x20A3, 0x20A3, 0x20A4, 0x20A3, 0x1863, 0x1042, 0x1042, 0x1062, 0x1082,
    0x1082, 0x1082, 0x1082, 0x1062, 0x1062, 0x0882, 0x1082, 0x1082, 0x1041, 0x1042, 0x3946, 0x51C9,
    0x51A8, 0x51A8, 0x51A8, 0x51C9, 0x5A0A, 0x6A4B, 0x6A6B, 0x622A, 0x49A8, 0x3946, 0x3125, 0x3125,
    0x3125, 0x3125, 0x2905, 0x28E4, 0x28C4, 0x3926, 0x5A09, 0x5A0A, 0x59E9, 0x49A8, 0x4187, 0x4187,
    0x4167, 0x4187, 0x4187, 0x41A8, 0x49A8, 0x49A8, 0x49A8, 0x4988, 0x49A8, 0x51E9, 0x5A0A, 0x622A,
    0x6A6B, 0x72AC, 0x72AC, 0x59E9, 0x4167, 0x4167, 0x49A8, 0x5A09, 0x5A0A, 0x5A0A, 0x5A0A, 0x51E9,
    0x4988, 0x624B, 0x59E9, 0x4988, 0x51C9, 0x622A, 0x624A, 0x624A, 0x622A, 0x624B, 0x5A2A, 0x51C9,
    0x51E9, 0x49C8, 0x49A8, 0x49C8, 0x49C8, 0x49A8, 0x49A8, 0x51C8, 0x622A, 0x726B, 0x726C, 0x726B,
    0x6A4B, 0x6A4B, 0x59EA, 0x49A8, 0x49A8, 0x49A8, 0x4987, 0x4987, 0x4167, 0x3126, 0x3126, 0x3126,
    0x3946, 0x3966, 0x3125, 0x28E5, 0x2905, 0x3126, 0x3946, 0x3946, 0x3946, 0x3146, 0x3146, 0x3146,
    0x3146, 0x3146, 0x3146, 0x3146, 0x3126, 0x3926, 0x3946, 0x4147, 0x4167, 0x4187, 0x49A8, 0x49A8,
    0x49A8, 0x49A8, 0x49A8, 0x49C8, 0x3946, 0x20C4, 0x18A3, 0x20C3, 0x20E4, 0x20E4, 0x20E4, 0x2905,
    0x2925, 0x3125, 0x3125, 0x2905, 0x2905, 0x3105, 0x3126, 0x3126, 0x3126, 0x3125, 0x3105, 0x28E5,
    0x3105, 0x49A8, 0x6A4B, 0x624A, 0x51E9, 0x51C9, 0x51E9, 0x51E9, 0x59E9, 0x59E9, 0x4167, 0x18A3,
    0x0841, 0x1062, 0x18C3, 0x20C4, 0x2904, 0x3125, 0x3126, 0x4187, 0x49A9, 0x5A0A, 0x6A6C, 0x6A4B,
    0x59EA, 0x51C9, 0x51C9, 0x51C9, 0x51C9, 0x51C9, 0x51E9, 0x51E9, 0x51C9, 0x51C9, 0x51C9, 0x51C9,
    0x49C8, 0x4187, 0x3926, 0x4967, 0x59EA, 0x6A4B, 0x6A6C, 0x6A8C, 0x5A09, 0x3926, 0x3126, 0x4167,
    0x4167, 0x49A8, 0x51E9, 0x51E9, 0x5A09, 0x5A0A, 0x622A, 0x622A, 0x5A2A, 0x622A, 0x624B, 0x624B,
    0x624B, 0x622A, 0x5A0A, 0x51E9, 0x51EA, 0x520A, 0x59E9, 0x51E9, 0x59E9, 0x5A09, 0x51E9, 0x51E9,
    0x51E9, 0x51E9, 0x51C9, 0x4988, 0x4988, 0x49A8, 0x4988, 0x4987, 0x4187, 0x4167, 0x4146, 0x3926,
    0x3926, 0x4147, 0x51A9, 0x624B, 0x72AD, 0x7ACD, 0x7AEE, 0x82EE, 0x7AEE, 0x7ACD, 0x7ACD, 0x7AEE,
    0x82EE, 0x82EE, 0x830E, 0x830E, 0x830E, 0x830E, 0x830E, 0x7AEE, 0x7AEE, 0x7AEE, 0x72AD, 0x622A,
    0x51A9, 0x4967, 0x4967, 0x4988, 0x49A8, 0x49A8, 0x49A8, 0x49C8, 0x49A8, 0x49A8, 0x49A8, 0x49A8,
    0x49A8, 0x4987, 0x4987, 0x4187, 0x4167, 0x51A8, 0x620A, 0x6A4B, 0x3125, 0x3125, 0x3126, 0x3126,
    0x3126, 0x3946, 0x3946, 0x3946, 0x3946, 0x3967, 0x4167, 0x4187, 0x4167, 0x4168, 0x4188, 0x4167,
    0x4187, 0x4167, 0x4187, 0x4188, 0x4167, 0x4187, 0x4187, 0x4188, 0x4167, 0x4988, 0x4988, 0x49A8,
    0x51C9, 0x51C9, 0x51C9, 0x51C9, 0x51C9, 0x51C9, 0x51C9, 0x51C9, 0x51C9, 0x51C9, 0x51E9, 0x51C9,
    0x51C9, 0x51E9, 0x51E9, 0x51E9, 0x51EA, 0x51EA, 0x51E9, 0x51E9, 0x59E9, 0x51E9, 0x51C9, 0x51C9,
    0x49A8, 0x4188, 0x3947, 0x3146, 0x3146, 0x3146, 0x3946, 0x3946, 0x3966, 0x3966, 0x4167, 0x4187,
    0x4187, 0x49A8, 0x49A8, 0x49C8, 0x51C9, 0x5209, 0x49A8, 0x3105, 0x2905, 0x3966, 0x4167, 0x4187,
    0x49A8, 0x49A8, 0x4187, 0x4167, 0x3967, 0x3946, 0x3126, 0x3126, 0x3105, 0x3105, 0x3125, 0x20C4,
    0x20C4, 0x28E4, 0x28E5, 0x2905, 0x2905, 0x3125, 0x3125, 0x3125, 0x3125, 0x3106, 0x3106, 0x3105,
    0x3125, 0x3926, 0x3126, 0x3126, 0x3926, 0x4988, 0x6A4C, 0x726C, 0x59E9, 0x4167, 0x3967, 0x4187,
    0x4187, 0x3926, 0x28E5, 0x20E4, 0x28E4, 0x3105, 0x3946, 0x3926, 0x3926, 0x3946, 0x3946, 0x28E5,
    0x20A3, 0x1062, 0x1082, 0x1082, 0x1082, 0x1082, 0x1082, 0x1082, 0x1082, 0x0882, 0x0882, 0x1062,
    0x1883, 0x28E5, 0x49A8, 0x5A09, 0x51C9, 0x51C9, 0x51C9, 0x59EA, 0x622B, 0x728C, 0x72AD, 0x728C,
    0x620A, 0x4988, 0x3946, 0x3926, 0x3125, 0x3125, 0x3125, 0x2905, 0x28E4, 0x3126, 0x49C8, 0x51E9,
    0x5A09, 0x51C9, 0x51C8, 0x51C8, 0x49A8, 0x4187, 0x4187, 0x4187, 0x4187, 0x4187, 0x4187, 0x4167,
    0x4187, 0x49C8, 0x51C8, 0x51E9, 0x51E9, 0x59E9, 0x5A0A, 0x51C8, 0x4167, 0x4187, 0x4988, 0x49A8,
    0x4988, 0x4988, 0x51A8, 0x49A8, 0x4967, 0x5A0A, 0x622A, 0x51A8, 0x4988, 0x51C9, 0x51C9, 0x51C9,
    0x51E9, 0x51E9, 0x51E9, 0x5A09, 0x51E9, 0x49C8, 0x49A8, 0x49A8, 0x49C8, 0x49A8, 0x49A8, 0x4187,
    0x51A8, 0x620A, 0x620A, 0x5A0A, 0x59E9, 0x5A0A, 0x51E9, 0x49A8, 0x49A8, 0x49A8, 0x4987, 0x4987,
    0x4167, 0x3926, 0x3126, 0x3126, 0x3946, 0x3125, 0x2905, 0x28E5, 0x2905, 0x3126, 0x3946, 0x3946,
    0x3946, 0x3146, 0x3146, 0x3146, 0x3146, 0x3146, 0x3146, 0x3146, 0x3926, 0x3926, 0x3946, 0x3947,
    0x4167, 0x4187, 0x4187, 0x4187, 0x4187, 0x49A8, 0x4987, 0x4166, 0x28E4, 0x20A3, 0x20C4, 0x20C4,
    0x20E4, 0x20E4, 0x20E4, 0x2905, 0x2905, 0x3125, 0x3146, 0x3946, 0x3967, 0x4187, 0x49A8, 0x49C8,
    0x4188, 0x3967, 0x3926, 0x3125, 0x3105, 0x3946, 0x51E9, 0x5A2A, 0x51E9, 0x51C9, 0x51E9, 0x59E9,
    0x59E9, 0x51E9, 0x3105, 0x1082, 0x1062, 0x1883, 0x20C3, 0x18C3, 0x20E4, 0x3125, 0x3946, 0x4988,
    0x51A9, 0x620A, 0x6A4B, 0x620A, 0x51C9, 0x51C9, 0x51C9, 0x51E9, 0x51E9, 0x51C9, 0x51C9, 0x51E9,
    0x51E9, 0x51E9, 0x51C9, 0x51C9, 0x51E9, 0x51C9, 0x51C9, 0x620A, 0x6A2B, 0x6A4B, 0x622B, 0x5A0A,
    0x51C8, 0x4167, 0x3926, 0x3946, 0x3946, 0x4167, 0x49A8, 0x51C9, 0x5209, 0x5A09, 0x51E9, 0x49C8,
    0x49A8, 0x4988, 0x49A8, 0x51C9, 0x51C8, 0x49A8, 0x49A8, 0x49A8, 0x49A8, 0x49A8, 0x49C8, 0x49C8,
    0x51C8, 0x59E9, 0x59E9, 0x59E9, 0x59E9, 0x5A0A, 0x51C9, 0x51C8, 0x51C8, 0x49A8, 0x4987, 0x4167,
    0x4167, 0x4147, 0x4167, 0x4988, 0x5A09, 0x620A, 0x6A6C, 0x72AD, 0x7ACD, 0x7ACD, 0x7ACD, 0x72AC,
    0x728C, 0x6A6C, 0x6A6C, 0x6A6C, 0x6A6C, 0x6A8C, 0x6A8C, 0x6A8C, 0x728D, 0x728C, 0x7ACD, 0x7ACD,
    0x7ACE, 0x7ACE, 0x7AEE, 0x72AD, 0x726C, 0x622B, 0x59EA, 0x59E9, 0x51A9, 0x49A8, 0x49A8, 0x49C8,
    0x49C8, 0x49C8, 0x49C8, 0x49A8, 0x49A8, 0x49A8, 0x49A8, 0x51C8, 0x51A8, 0x51C9, 0x620A, 0x620A,
    0x3125, 0x3105, 0x2905, 0x3105, 0x3125, 0x3126, 0x3946, 0x3946, 0x3967, 0x4167, 0x4187, 0x4988,
    0x4988, 0x4988, 0x4988, 0x4988, 0x4988, 0x4988, 0x49A8, 0x4188, 0x4167, 0x4167, 0x4167, 0x4188,
    0x4167, 0x4988, 0x49A8, 0x49A8, 0x49C9, 0x51C9, 0x51C9, 0x51C9, 0x51C9, 0x51C9, 0x51E9, 0x51EA,
    0x51E9, 0x59E9, 0x59EA, 0x59E9, 0x59E9, 0x51E9, 0x51E9, 0x51E9, 0x51EA, 0x51EA, 0x51E9, 0x51E9,
    0x51E9, 0x51E9, 0x51E9, 0x51E9, 0x49A9, 0x4188, 0x3947, 0x3126, 0x3126, 0x3125, 0x3126, 0x3146,
    0x3146, 0x3946, 0x3967, 0x4187, 0x4187, 0x49A8, 0x49A8, 0x49A8, 0x51E9, 0x49C9, 0x3946, 0x28C4,
    0x28E4, 0x3146, 0x3967, 0x4167, 0x3967, 0x3946, 0x3125, 0x3125, 0x3125, 0x2905, 0x20C4, 0x20C4,
    0x20C4, 0x20C4, 0x20E4, 0x20E4, 0x20E4, 0x20E4, 0x20C4, 0x20C4, 0x28E4, 0x3125, 0x3126, 0x3125,
    0x3125, 0x3125, 0x3105, 0x3105, 0x3126, 0x3946, 0x3146, 0x3125, 0x3926, 0x4988, 0x6A4B, 0x728D,
    0x620A, 0x4147, 0x3946, 0x4167, 0x3105, 0x28C4, 0x20A4, 0x3126, 0x51C8, 0x620A, 0x6A6B, 0x6A6B,
    0x6A4B, 0x6A4B, 0x6A6B, 0x5A0A, 0x3947, 0x1883, 0x0842, 0x1082, 0x1082, 0x1082, 0x1082, 0x1082,
    0x1082, 0x0882, 0x0842, 0x1042, 0x20C4, 0x49A7, 0x51E9, 0x51E9, 0x59E9, 0x59E9, 0x5A0A, 0x622B,
    0x6A6C, 0x728D, 0x7ACD, 0x7ACE, 0x728C, 0x59EA, 0x4167, 0x3946, 0x3126, 0x3126, 0x3126, 0x2905,
    0x28E4, 0x2905, 0x3125, 0x4187, 0x622A, 0x5A0A, 0x5A0A, 0x5A2A, 0x49E9, 0x4187, 0x3967, 0x3967,
    0x3967, 0x4167, 0x3967, 0x4167, 0x4187, 0x4187, 0x4167, 0x4167, 0x3947, 0x4167, 0x4167, 0x4167,
    0x4987, 0x4187, 0x4167, 0x4987, 0x4988, 0x4988, 0x49A8, 0x49A8, 0x4967, 0x51C9, 0x622A, 0x51A8,
    0x4147, 0x4967, 0x4987, 0x4167, 0x4167, 0x4146, 0x4167, 0x49C8, 0x49A8, 0x4187, 0x4187, 0x4167,
    0x4187, 0x4167, 0x4187, 0x3967, 0x3946, 0x4147, 0x4147, 0x4147, 0x4147, 0x4167, 0x4167, 0x4167,
    0x4167, 0x41A7, 0x49A8, 0x4187, 0x4167, 0x3926, 0x3126, 0x3926, 0x3926, 0x3105, 0x28E5, 0x2905,
    0x2905, 0x3105, 0x3946, 0x3946, 0x3946, 0x3146, 0x3146, 0x3146, 0x3146, 0x3146, 0x3146, 0x3146,
    0x3946, 0x3946, 0x3946, 0x3946, 0x3967, 0x4167, 0x4167, 0x3967, 0x4167, 0x4187, 0x4167, 0x28E5,
    0x1883, 0x20C4, 0x20C4, 0x20E4, 0x20E4, 0x20E4, 0x20E4, 0x2905, 0x2905, 0x3105, 0x3946, 0x49A8,
    0x51E9, 0x51E9, 0x51E9, 0x51EA, 0x51C9, 0x49A8, 0x4167, 0x3126, 0x3105, 0x28E5, 0x3946, 0x51E9,
    0x59E9, 0x51E9, 0x51C9, 0x59E9, 0x5A2A, 0x49C8, 0x20C4, 0x1062, 0x1082, 0x18A3, 0x20C4, 0x20C4,
    0x20E4, 0x3125, 0x3967, 0x49A8, 0x59CA, 0x622B, 0x620A, 0x51C9, 0x51C9, 0x51C9, 0x51C9, 0x51C9,
    0x51C9, 0x51C9, 0x51E9, 0x51E9, 0x51E9, 0x51C9, 0x51C9, 0x51E9, 0x51E9, 0x51E9, 0x622A, 0x6A4B,
    0x6A2A, 0x620A, 0x61EA, 0x51C9, 0x51C9, 0x49C8, 0x3946, 0x3105, 0x3926, 0x3126, 0x3947, 0x49C8,
    0x5209, 0x49C8, 0x3946, 0x30E5, 0x3105, 0x3126, 0x3946, 0x4988, 0x4987, 0x4167, 0x4167, 0x4967,
    0x4987, 0x4987, 0x4187, 0x4167, 0x4187, 0x51C8, 0x59E9, 0x59E9, 0x59E9, 0x59E9, 0x51E9, 0x51E9,
    0x51C9, 0x4988, 0x4187, 0x4187, 0x4167, 0x4167, 0x4987, 0x5A09, 0x72AC, 0x7ACD, 0x7AAD, 0x7AAD,
    0x7ACD, 0x728C, 0x6A4B, 0x622A, 0x51E9, 0x51C9, 0x49A8, 0x4988, 0x4988, 0x49A9, 0x49A9, 0x49A9,
    0x49A8, 0x51E9, 0x622B, 0x6A6C, 0x7A8D, 0x7AAD, 0x7AEE, 0x82EE, 0x82EE, 0x82EE, 0x7ACD, 0x728C,
    0x620A, 0x51C9, 0x4988, 0x49A8, 0x51C9, 0x51E9, 0x51E9, 0x51E9, 0x51E9, 0x51E9, 0x51E9, 0x51E9,
    0x51E9, 0x5A0A, 0x6A4B, 0x622A, 0x2905, 0x2905, 0x2905, 0x2905, 0x2925, 0x3125, 0x3146, 0x3946,
    0x3967, 0x4167, 0x4187, 0x4988, 0x4988, 0x4988, 0x4988, 0x4988, 0x4988, 0x4988, 0x41A8, 0x4187,
    0x4167, 0x4167, 0x4167, 0x4188, 0x4167, 0x49A8, 0x49A8, 0x49A8, 0x51C9, 0x51C9, 0x51C9, 0x51C9,
    0x51E9, 0x51C9, 0x51E9, 0x59EA, 0x59EA, 0x59EA, 0x59EA, 0x59EA, 0x59EA, 0x59EA, 0x59EA, 0x59EA,
    0x59EA, 0x59EA, 0x59EA, 0x51E9, 0x51E9, 0x51E9, 0x51E9, 0x51E9, 0x51C9, 0x4988, 0x4147, 0x3926,
    0x3126, 0x3126, 0x3126, 0x3126, 0x3125, 0x3125, 0x3946, 0x3966, 0x4187, 0x4187, 0x4187, 0x4187,
    0x49C8, 0x41A7, 0x28E5, 0x20A3, 0x20C4, 0x3126, 0x3946, 0x3946, 0x3946, 0x3125, 0x28E5, 0x20E4,
    0x20E4, 0x20E4, 0x20C4, 0x20C4, 0x20C4, 0x18C3, 0x18A3, 0x18C3, 0x18C4, 0x20C4, 0x20C4, 0x20C4,
    0x20E4, 0x2905, 0x2905, 0x3125, 0x3125, 0x3125, 0x3126, 0x3125, 0x3126, 0x3126, 0x3125, 0x3125,
    0x3126, 0x4988, 0x622B, 0x728D, 0x622B, 0x4167, 0x3947, 0x3926, 0x28C4, 0x3105, 0x3926, 0x51C9,
    0x728C, 0x728C, 0x72AC, 0x728C, 0x6A6B, 0x624B, 0x624B, 0x622A, 0x51C9, 0x3105, 0x1062, 0x0862,
    0x0882, 0x0862, 0x1062, 0x1062, 0x1062, 0x1062, 0x1883, 0x20E4, 0x3125, 0x49A8, 0x49C8, 0x49A8,
    0x51C8, 0x51A8, 0x51A8, 0x51C9, 0x51C9, 0x59E9, 0x5A0A, 0x622A, 0x5A0A, 0x51C9, 0x4987, 0x4167,
    0x3946, 0x3946, 0x3946, 0x3105, 0x20E4, 0x20E4, 0x28E4, 0x3966, 0x51E9, 0x51C8, 0x51C9, 0x49C8,
    0x41A8, 0x3967, 0x3946, 0x3967, 0x4167, 0x4187, 0x4167, 0x4167, 0x4167, 0x4167, 0x4167, 0x4167,
    0x3946, 0x4167, 0x4167, 0x4167, 0x49A8, 0x4167, 0x4147, 0x4988, 0x51C9, 0x51C9, 0x51C9, 0x51C9,
    0x51C9, 0x59E9, 0x622A, 0x59E9, 0x4988, 0x4988, 0x4987, 0x4167, 0x3926, 0x3105, 0x3926, 0x3946,
    0x3946, 0x4167, 0x4167, 0x3946, 0x3946, 0x3946, 0x3946, 0x3946, 0x3946, 0x3946, 0x3946, 0x3946,
    0x3946, 0x3926, 0x3926, 0x3926, 0x3926, 0x4187, 0x49A8, 0x49A8, 0x4167, 0x3126, 0x3126, 0x3126,
    0x3946, 0x3125, 0x28E5, 0x2905, 0x2905, 0x2905, 0x3126, 0x3946, 0x3946, 0x3146, 0x3146, 0x3146,
    0x3146, 0x3146, 0x3146, 0x3146, 0x3146, 0x3146, 0x3946, 0x3946, 0x3946, 0x3967, 0x3967, 0x3967,
    0x4167, 0x4187, 0x3146, 0x20C4, 0x1883, 0x18C3, 0x20C4, 0x20E4, 0x20E4, 0x20E4, 0x20E4, 0x2905,
    0x3105, 0x3105, 0x4167, 0x49A8, 0x59E9, 0x59EA, 0x59C9, 0x59CA, 0x51C9, 0x51A8, 0x4988, 0x4187,
    0x4167, 0x3105, 0x3105, 0x4988, 0x59E9, 0x51E9, 0x51C8, 0x5A0A, 0x5A09, 0x4167, 0x20A3, 0x1062,
    0x1082, 0x18A3, 0x20C4, 0x20C4, 0x28E4, 0x3146, 0x4167, 0x49A8, 0x59C9, 0x61EA, 0x59EA, 0x51C9,
    0x51C9, 0x51C9, 0x51C9, 0x51C9, 0x51C9, 0x51C9, 0x51E9, 0x51E9, 0x51E9, 0x51C9, 0x51C9, 0x51E9,
    0x51C9, 0x51C9, 0x5A0A, 0x6A4B, 0x6A2B, 0x622A, 0x620A, 0x5A0A, 0x5A0A, 0x51C9, 0x4987, 0x3946,
    0x3926, 0x3126, 0x3926, 0x4187, 0x41A8, 0x3126, 0x20C4, 0x20A4, 0x28E4, 0x2905, 0x3126, 0x4167,
    0x49A8, 0x4988, 0x4988, 0x51A8, 0x51C8, 0x49C8, 0x49C8, 0x49A8, 0x49A8, 0x4988, 0x4988, 0x51C9,
    0x59E9, 0x59E9, 0x59E9, 0x51C9, 0x51C9, 0x49A8, 0x49A8, 0x4987, 0x4187, 0x4988, 0x51C9, 0x622A,
    0x6A6B, 0x6A6B, 0x6A4B, 0x624B, 0x624A, 0x59E9, 0x51A8, 0x49C8, 0x49C8, 0x49A8, 0x41A8, 0x4188,
    0x4188, 0x4988, 0x4988, 0x4188, 0x4188, 0x49A8, 0x51C9, 0x5A0A, 0x620A, 0x5A0A, 0x624B, 0x728C,
    0x72AD, 0x72AD, 0x72AD, 0x728C, 0x6A6B, 0x5A0A, 0x4967, 0x49A8, 0x49A8, 0x49A8, 0x51E9, 0x5A09,
    0x5A2A, 0x51E9, 0x51C9, 0x49A8, 0x51C9, 0x59E9, 0x622A, 0x622A, 0x28E4, 0x28E4, 0x2905, 0x3125,
    0x2905, 0x2905, 0x3146, 0x3967, 0x3967, 0x4187, 0x4987, 0x4988, 0x4188, 0x4988, 0x4988, 0x4188,
    0x4988, 0x4188, 0x3967, 0x3967, 0x4147, 0x4167, 0x4167, 0x4188, 0x4167, 0x49A8, 0x49C9, 0x51C9,
    0x51C9, 0x51E9, 0x51C9, 0x51C9, 0x51E9, 0x51E9, 0x51C9, 0x51EA, 0x59EA, 0x59EA, 0x59EA, 0x59EA,
    0x59EA, 0x59EA, 0x59EA, 0x5A0A, 0x59EA, 0x5A0A, 0x59EA, 0x51E9, 0x51E9, 0x51E9, 0x520A, 0x51E9,
    0x51C9, 0x49A8, 0x4167, 0x3946, 0x3126, 0x3146, 0x3125, 0x2905, 0x2905, 0x2905, 0x3125, 0x3146,
    0x3946, 0x4167, 0x4167, 0x4187, 0x41A7, 0x3966, 0x20C4, 0x1883, 0x20C4, 0x28E5, 0x2905, 0x2905,
    0x2905, 0x2905, 0x20C4, 0x20A4, 0x18C3, 0x20E4, 0x20E4, 0x18C3, 0x10A3, 0x1082, 0x1082, 0x1082,
    0x1082, 0x10A3, 0x18A3, 0x20C4, 0x20C4, 0x20C4, 0x20C4, 0x28E4, 0x28E4, 0x2905, 0x2925, 0x2905,
    0x3105, 0x3105, 0x2905, 0x2925, 0x3125, 0x4147, 0x5A2A, 0x7AAD, 0x6A4C, 0x51A9, 0x4167, 0x30E4,
    0x28A4, 0x4167, 0x51C8, 0x5A0A, 0x622A, 0x59E9, 0x51C8, 0x49A8, 0x3946, 0x30E5, 0x4146, 0x5A0A,
    0x624A, 0x49C8, 0x20A3, 0x0841, 0x0882, 0x0862, 0x0841, 0x0020, 0x0841, 0x2904, 0x49A8, 0x49A8,
    0x41A8, 0x4187, 0x4167, 0x3967, 0x3966, 0x3946, 0x3946, 0x3946, 0x3946, 0x3926, 0x3926, 0x3946,
    0x3926, 0x4146, 0x4167, 0x4187, 0x4187, 0x4167, 0x4187, 0x3946, 0x2905, 0x2904, 0x2925, 0x3125,
    0x3126, 0x3126, 0x3946, 0x3946, 0x3146, 0x3126, 0x3946, 0x3946, 0x4167, 0x3967, 0x3967, 0x3967,
    0x4167, 0x4167, 0x4167, 0x4167, 0x4167, 0x4988, 0x51C9, 0x51C9, 0x4167, 0x4167, 0x4167, 0x4187,
    0x49A8, 0x49A8, 0x4988, 0x4988, 0x4987, 0x49A8, 0x49A8, 0x49A8, 0x51C9, 0x49C8, 0x4167, 0x3125,
    0x3105, 0x3125, 0x3926, 0x3946, 0x3967, 0x4167, 0x3946, 0x3967, 0x3946, 0x3946, 0x3946, 0x3946,
    0x3946, 0x3946, 0x3966, 0x3966, 0x3966, 0x3946, 0x3946, 0x3126, 0x3126, 0x3946, 0x4167, 0x49A8,
    0x3946, 0x2905, 0x2905, 0x3126, 0x3946, 0x3125, 0x28E5, 0x2905, 0x2905, 0x2905, 0x3926, 0x3946,
    0x3946, 0x3146, 0x3146, 0x3146, 0x3146, 0x3946, 0x3946, 0x3146, 0x3146, 0x3146, 0x3146, 0x3946,
    0x3926, 0x3926, 0x3946, 0x3946, 0x3946, 0x3946, 0x28E4, 0x1883, 0x18A3, 0x18A3, 0x18C3, 0x20C4,
    0x20C4, 0x20E4, 0x28E4, 0x28E4, 0x3105, 0x3967, 0x49A8, 0x59E9, 0x622A, 0x622B, 0x620B, 0x622B,
    0x620B, 0x620A, 0x59E9, 0x59E9, 0x51E9, 0x49C8, 0x3946, 0x4147, 0x51C9, 0x59E9, 0x51C9, 0x51E9,
    0x51C8, 0x3105, 0x1883, 0x1082, 0x1082, 0x18A3, 0x20C4, 0x20C4, 0x2905, 0x3946, 0x4187, 0x49C9,
    0x51C9, 0x59C9, 0x51C9, 0x51C9, 0x51C9, 0x51C9, 0x51C9, 0x51C9, 0x51C9, 0x51C9, 0x51E9, 0x51E9,
    0x51C9, 0x51C9, 0x51C9, 0x51C9, 0x51C9, 0x51C9, 0x59C9, 0x59C9, 0x51C9, 0x51C9, 0x51A9, 0x51C9,
    0x51C9, 0x51C9, 0x51C9, 0x49A8, 0x3967, 0x3946, 0x3126, 0x3126, 0x28E4, 0x20A4, 0x18A3, 0x18A3,
    0x20C4, 0x28E4, 0x28E5, 0x3946, 0x49A8, 0x5A2A, 0x622A, 0x59EA, 0x5A0A, 0x5A0A, 0x51E9, 0x59E9,
    0x51E9, 0x51A8, 0x4167, 0x4167, 0x51C9, 0x620A, 0x5A0A, 0x59E9, 0x520A, 0x51E9, 0x49A8, 0x4988,
    0x49A8, 0x5A0A, 0x6A4B, 0x6A4B, 0x622B, 0x59E9, 0x51C8, 0x4987, 0x4167, 0x3946, 0x4167, 0x4187,
    0x4167, 0x4187, 0x4187, 0x49A8, 0x49A8, 0x49A8, 0x49A8, 0x49A8, 0x49A8, 0x4188, 0x4988, 0x4188,
    0x4187, 0x4187, 0x49A8, 0x51A8, 0x51C9, 0x51C9, 0x59E9, 0x59EA, 0x5A0A, 0x51E9, 0x51C9, 0x59E9,
    0x51E9, 0x51C8, 0x51C9, 0x51C9, 0x51E9, 0x51C9, 0x49A8, 0x4167, 0x51C8, 0x51C9, 0x5A09, 0x5A2A,
    0x20C4, 0x20C4, 0x20E4, 0x2905, 0x2925, 0x2905, 0x3966, 0x3967, 0x4167, 0x4187, 0x4987, 0x4988,
    0x4188, 0x49A8, 0x49A8, 0x49A8, 0x4988, 0x4188, 0x4167, 0x4167, 0x4167, 0x4167, 0x4187, 0x4988,
    0x4988, 0x49A8, 0x51C9, 0x51C9, 0x51C9, 0x51E9, 0x51E9, 0x51E9, 0x51E9, 0x51E9, 0x51C9, 0x51E9,
    0x59EA, 0x59EA, 0x59EA, 0x59EA, 0x5A0A, 0x5A0A, 0x5A0A, 0x5A0A, 0x5A0A, 0x59EA, 0x5A0A, 0x51E9,
    0x51E9, 0x51E9, 0x59E9, 0x51E9, 0x51E9, 0x51E9, 0x4988, 0x4167, 0x3946, 0x3946, 0x3126, 0x3126,
    0x3125, 0x3125, 0x3125, 0x3125, 0x3126, 0x3946, 0x3966, 0x4167, 0x4187, 0x3946, 0x20A4, 0x18A3,
    0x20C4, 0x20C4, 0x20C4, 0x20C4, 0x20C4, 0x20C4, 0x20C4, 0x20C4, 0x18C4, 0x20E4, 0x18C4, 0x18A3,
    0x1082, 0x1082, 0x10A2, 0x1082, 0x1082, 0x0862, 0x0862, 0x0842, 0x0822, 0x1862, 0x28A4, 0x3105,
    0x3946, 0x3947, 0x4187, 0x4187, 0x4187, 0x3967, 0x3145, 0x3125, 0x3105, 0x3946, 0x5A0A, 0x7AAD,
    0x728D, 0x59CA, 0x3947, 0x28E5, 0x28E4, 0x3926, 0x4147, 0x4147, 0x3946, 0x3125, 0x28E4, 0x20A3,
    0x2083, 0x28A4, 0x4147, 0x5A0A, 0x6A6B, 0x59E9, 0x20C4, 0x0841, 0x0841, 0x0841, 0x1062, 0x1883,
    0x28C4, 0x4166, 0x51C8, 0x41A8, 0x4187, 0x3946, 0x3946, 0x3946, 0x3946, 0x3946, 0x3946, 0x3126,
    0x3126, 0x3926, 0x3926, 0x3926, 0x3126, 0x3926, 0x3946, 0x4167, 0x49A8, 0x49A8, 0x49A8, 0x4167,
    0x3926, 0x3105, 0x2925, 0x2925, 0x28E4, 0x2905, 0x3125, 0x3125, 0x3126, 0x3126, 0x3946, 0x4167,
    0x4187, 0x4167, 0x4167, 0x4167, 0x4187, 0x4167, 0x4167, 0x4167, 0x4167, 0x4187, 0x49C8, 0x49A8,
    0x4187, 0x4167, 0x4167, 0x4167, 0x3946, 0x3926, 0x3946, 0x4146, 0x3926, 0x3105, 0x3105, 0x3946,
    0x51E9, 0x49A8, 0x3126, 0x3105, 0x2905, 0x3126, 0x3946, 0x3946, 0x4167, 0x4167, 0x4167, 0x4167,
    0x4167, 0x4167, 0x4187, 0x4187, 0x4187, 0x4167, 0x4167, 0x4167, 0x4187, 0x4167, 0x3967, 0x3946,
    0x3926, 0x3126, 0x3946, 0x4167, 0x3126, 0x2905, 0x2905, 0x3125, 0x3146, 0x3105, 0x2905, 0x2905,
    0x2905, 0x2905, 0x3105, 0x3926, 0x3946, 0x3946, 0x3146, 0x3146, 0x3146, 0x3146, 0x3146, 0x3146,
    0x3146, 0x3946, 0x3946, 0x3946, 0x3926, 0x3926, 0x3926, 0x3946, 0x3926, 0x3125, 0x20A3, 0x1883,
    0x18A3, 0x1883, 0x18A3, 0x18C3, 0x20C4, 0x20E4, 0x28E4, 0x28E4, 0x3126, 0x4187, 0x49A8, 0x59EA,
    0x622B, 0x6A4B, 0x6A2B, 0x622B, 0x620B, 0x620A, 0x59E9, 0x51E9, 0x51E9, 0x51C9, 0x4987, 0x4967,
    0x51A8, 0x59E9, 0x59E9, 0x51E9, 0x49A8, 0x28E5, 0x1082, 0x1082, 0x1082, 0x18A3, 0x20C4, 0x20C4,
    0x2905, 0x3946, 0x4187, 0x51C9, 0x51E9, 0x51C9, 0x51C9, 0x51C9, 0x51C9, 0x51C9, 0x51C9, 0x51C9,
    0x51C9, 0x51E9, 0x51E9, 0x51C9, 0x51C9, 0x51C9, 0x51C9, 0x51C9, 0x51C9, 0x51C9, 0x51C9, 0x51A8,
    0x51A8, 0x51A8, 0x51A8, 0x4988, 0x4988, 0x4987, 0x49A8, 0x49C8, 0x4187, 0x3946, 0x3146, 0x2905,
    0x20C4, 0x18A3, 0x18A3, 0x18A3, 0x18C4, 0x20C4, 0x20C4, 0x3105, 0x4187, 0x5A0A, 0x6A6B, 0x6A2B,
    0x622A, 0x622A, 0x622A, 0x620A, 0x622A, 0x5A0A, 0x51C9, 0x4988, 0x51A8, 0x59EA, 0x59E9, 0x59EA,
    0x5A0A, 0x51E9, 0x49A8, 0x49A8, 0x51C9, 0x622B, 0x6A6B, 0x622A, 0x59C9, 0x49A8, 0x4187, 0x3946,
    0x3946, 0x3946, 0x3967, 0x4167, 0x4167, 0x4167, 0x4167, 0x4988, 0x49A8, 0x4988, 0x49A8, 0x49A8,
    0x41A8, 0x4188, 0x4188, 0x4187, 0x4187, 0x4187, 0x4187, 0x4187, 0x4987, 0x4988, 0x4988, 0x49A8,
    0x49A8, 0x4988, 0x51C8, 0x51E9, 0x51C9, 0x51C8, 0x49C8, 0x51C8, 0x51E9, 0x51E9, 0x51C9, 0x49A8,
    0x51E9, 0x51E9, 0x5A09, 0x5A0A, 0x18A3, 0x18A3, 0x18C4, 0x2905, 0x2925, 0x3126, 0x3967, 0x3967,
    0x4167, 0x4167, 0x4167, 0x4187, 0x4188, 0x49A8, 0x49A8, 0x4188, 0x4188, 0x4187, 0x4167, 0x4187,
    0x4167, 0x4167, 0x4988, 0x49A8, 0x49C8, 0x49A8, 0x51C9, 0x51E9, 0x51C9, 0x59E9, 0x59E9, 0x59E9,
    0x51E9, 0x59EA, 0x59EA, 0x59EA, 0x59EA, 0x5A0A, 0x5A0B, 0x5A0A, 0x620B, 0x620B, 0x620B, 0x620B,
    0x59EB, 0x59EA, 0x5A0A, 0x59EA, 0x51E9, 0x59E9, 0x59E9, 0x59E9, 0x51E9, 0x51E9, 0x51C9, 0x49A8,
    0x49A8, 0x4167, 0x4167, 0x3946, 0x3926, 0x3126, 0x3125, 0x3125, 0x3125, 0x3126, 0x3946, 0x3946,
    0x3967, 0x3966, 0x28E4, 0x18A3, 0x20C3, 0x18A3, 0x18A3, 0x20C4, 0x20C4, 0x20C4, 0x18C4, 0x20C4,
    0x18A3, 0x1883, 0x1083, 0x1082, 0x1082, 0x1083, 0x10A3, 0x1082, 0x0841, 0x0841, 0x1883, 0x20A3,
    0x20A4, 0x3105, 0x4988, 0x622B, 0x6A4B, 0x6A6B, 0x624B, 0x622A, 0x5A0A, 0x51E9, 0x3987, 0x3125,
    0x2905, 0x3126, 0x51C9, 0x728D, 0x728D, 0x59CA, 0x3106, 0x20C4, 0x20A3, 0x20A3, 0x20A3, 0x1883,
    0x1082, 0x1062, 0x0841, 0x1883, 0x4146, 0x5A0A, 0x6A6B, 0x6A6B, 0x624A, 0x49A7, 0x1883, 0x0821,
    0x1062, 0x20E4, 0x3966, 0x49A8, 0x49A8, 0x3946, 0x3926, 0x3926, 0x3126, 0x3126, 0x3946, 0x4187,
    0x4187, 0x4187, 0x4167, 0x3946, 0x3947, 0x4167, 0x4167, 0x4167, 0x3967, 0x4167, 0x4167, 0x4167,
    0x4187, 0x49A8, 0x51C8, 0x4988, 0x3926, 0x3946, 0x2925, 0x2925, 0x2925, 0x2905, 0x2905, 0x2905,
    0x3126, 0x3926, 0x4166, 0x4988, 0x51A9, 0x51A8, 0x51A8, 0x51A8, 0x49A8, 0x4988, 0x4167, 0x4167,
    0x3946, 0x3946, 0x3946, 0x4167, 0x4167, 0x4167, 0x3946, 0x3926, 0x3125, 0x4167, 0x51E9, 0x5209,
    0x4167, 0x3126, 0x3126, 0x4167, 0x5A2A, 0x4167, 0x28E5, 0x2905, 0x2905, 0x3126, 0x3946, 0x3967,
    0x4167, 0x4988, 0x49A8, 0x49C8, 0x49C8, 0x49C8, 0x49A8, 0x49A8, 0x49A8, 0x49A8, 0x49A8, 0x49A8,
    0x49A8, 0x49A8, 0x49A8, 0x4187, 0x3946, 0x3946, 0x3126, 0x3946, 0x3126, 0x2905, 0x2905, 0x3105,
    0x3126, 0x2905, 0x2905, 0x2905, 0x28E5, 0x2905, 0x2905, 0x3126, 0x3946, 0x3946, 0x3146, 0x3146,
    0x3146, 0x3146, 0x3146, 0x3146, 0x3146, 0x3946, 0x3946, 0x3946, 0x3946, 0x3946, 0x3946, 0x3946,
    0x3146, 0x2905, 0x18C3, 0x10A3, 0x18A3, 0x18A3, 0x1883, 0x18A3, 0x20C4, 0x20E4, 0x28E5, 0x3126,
    0x4167, 0x4987, 0x51C8, 0x59E9, 0x620A, 0x59E9, 0x59EA, 0x59E9, 0x51C9, 0x51C8, 0x51C8, 0x49A8,
    0x49A8, 0x51A8, 0x49A8, 0x4988, 0x51A9, 0x622A, 0x620A, 0x51C9, 0x4167, 0x1883, 0x1062, 0x1082,
    0x1082, 0x18A2, 0x18C4, 0x20C4, 0x2905, 0x3967, 0x49A8, 0x51C9, 0x51C9, 0x51C9, 0x51C9, 0x51C9,
    0x51A9, 0x49A8, 0x51A9, 0x51E9, 0x51E9, 0x51E9, 0x51E9, 0x51E9, 0x51C9, 0x51CA, 0x51CA, 0x51CA,
    0x51C9, 0x51E9, 0x51C9, 0x51A8, 0x51C9, 0x59E9, 0x51C9, 0x4988, 0x4167, 0x4167, 0x4187, 0x49A8,
    0x49A8, 0x4187, 0x3946, 0x2905, 0x1863, 0x0821, 0x1082, 0x18C3, 0x18C4, 0x20C4, 0x20C4, 0x2905,
    0x3946, 0x51C9, 0x6A4B, 0x728C, 0x6A6C, 0x624B, 0x622B, 0x622B, 0x624B, 0x622B, 0x622B, 0x59E9,
    0x4988, 0x49A8, 0x51E9, 0x59E9, 0x59E9, 0x51E9, 0x51C8, 0x49C8, 0x51E9, 0x5A0A, 0x622A, 0x51E9,
    0x4987, 0x3967, 0x3966, 0x3946, 0x3966, 0x3967, 0x3967, 0x3967, 0x3967, 0x4187, 0x4167, 0x4167,
    0x4167, 0x4187, 0x4167, 0x4167, 0x4167, 0x4167, 0x4188, 0x4188, 0x41A8, 0x49A8, 0x49A8, 0x49A8,
    0x49A8, 0x4988, 0x4988, 0x4988, 0x4987, 0x4987, 0x49A8, 0x4988, 0x4988, 0x4988, 0x4188, 0x49A7,
    0x49A8, 0x49A8, 0x49A8, 0x49C8, 0x51E9, 0x51C8, 0x51C8, 0x51C8, 0x18A3, 0x18A3, 0x20C4, 0x2905,
    0x2925, 0x3146, 0x3947, 0x3967, 0x4167, 0x4167, 0x4167, 0x4187, 0x4188, 0x4988, 0x4188, 0x4188,
    0x4188, 0x4188, 0x4188, 0x4988, 0x4988, 0x49A8, 0x49A8, 0x49A8, 0x51C9, 0x51C9, 0x51E9, 0x51E9,
    0x59E9, 0x59EA, 0x59E9, 0x59E9, 0x59EA, 0x5A0A, 0x5A0A, 0x5A0A, 0x5A0A, 0x5A0A, 0x620B, 0x620B,
    0x620B, 0x620B, 0x620B, 0x620B, 0x5A0B, 0x5A0A, 0x5A0A, 0x5A0A, 0x51E9, 0x59E9, 0x59E9, 0x59E9,
    0x59E9, 0x51E9, 0x51C9, 0x51C9, 0x49C8, 0x4988, 0x4188, 0x4167, 0x4147, 0x3947, 0x3126, 0x3125,
    0x3125, 0x3125, 0x3126, 0x3126, 0x3126, 0x3946, 0x2905, 0x20C4, 0x18C3, 0x1062, 0x1883, 0x20C4,
    0x20C4, 0x20C4, 0x18A3, 0x1883, 0x1062, 0x1062, 0x1082, 0x1082, 0x1082, 0x1082, 0x1082, 0x1062,
    0x1883, 0x28E4, 0x4167, 0x59C9, 0x620A, 0x622B, 0x6A6C, 0x72AD, 0x7AAD, 0x7AAD, 0x6A6B, 0x622A,
    0x5A0A, 0x49C8, 0x3966, 0x3125, 0x2905, 0x3105, 0x4167, 0x622B, 0x72AD, 0x59EA, 0x3106, 0x18A3,
    0x1062, 0x1062, 0x0882, 0x0841, 0x0000, 0x0000, 0x1883, 0x4987, 0x72AC, 0x7AEE, 0x72AC, 0x5A2A,
    0x4146, 0x28C4, 0x2083, 0x18A3, 0x2905, 0x4187, 0x49C8, 0x51E9, 0x4188, 0x3105, 0x28E5, 0x2905,
    0x3105, 0x3105, 0x3126, 0x3966, 0x4187, 0x49A8, 0x49A8, 0x4988, 0x4167, 0x4167, 0x4167, 0x4167,
    0x4187, 0x4187, 0x4187, 0x4187, 0x4167, 0x4187, 0x49C8, 0x41A8, 0x4167, 0x4187, 0x3946, 0x3146,
    0x3146, 0x3146, 0x3125, 0x3125, 0x3126, 0x3946, 0x4167, 0x4988, 0x51C9, 0x51C9, 0x51C9, 0x51E9,
    0x51C9, 0x4988, 0x4147, 0x4167, 0x3946, 0x3926, 0x3926, 0x4167, 0x4167, 0x4167, 0x3105, 0x3105,
    0x3125, 0x4187, 0x51E9, 0x51E9, 0x4167, 0x3946, 0x3946, 0x4187, 0x5A2A, 0x4147, 0x28C4, 0x2905,
    0x2905, 0x3126, 0x3946, 0x3967, 0x4988, 0x51C9, 0x51C9, 0x51C9, 0x51E9, 0x51E9, 0x51C9, 0x51C9,
    0x51C9, 0x51C9, 0x51C9, 0x51C9, 0x51C8, 0x51C9, 0x49C8, 0x49A8, 0x4167, 0x3946, 0x3126, 0x3126,
    0x3146, 0x3105, 0x2905, 0x3105, 0x3126, 0x3105, 0x2905, 0x2905, 0x28E5, 0x2905, 0x2905, 0x3105,
    0x3126, 0x3146, 0x3146, 0x3146, 0x3146, 0x3146, 0x3146, 0x3146, 0x3146, 0x3946, 0x3946, 0x3946,
    0x3946, 0x3946, 0x3946, 0x3946, 0x3146, 0x20C4, 0x18A3, 0x10A3, 0x18A3, 0x18A3, 0x18A3, 0x18A3,
    0x20C4, 0x20C4, 0x3105, 0x3947, 0x4987, 0x49A8, 0x51C8, 0x51E9, 0x51C9, 0x4988, 0x4988, 0x4988,
    0x4988, 0x4988, 0x49A8, 0x51C9, 0x51C9, 0x51E9, 0x5A09, 0x51E9, 0x59EA, 0x624B, 0x622B, 0x59E9,
    0x4167, 0x2083, 0x1042, 0x1062, 0x1062, 0x1882, 0x20C3, 0x20C4, 0x2905, 0x4167, 0x49A8, 0x51C8,
    0x51C9, 0x51C9, 0x51C9, 0x51C9, 0x49A8, 0x49A8, 0x49A8, 0x51C9, 0x51E9, 0x51C9, 0x51C9, 0x51C9,
    0x51C9, 0x51C9, 0x51C9, 0x51C9, 0x51C9, 0x51E9, 0x51C9, 0x51A8, 0x59E9, 0x5A0A, 0x59E9, 0x4988,
    0x4167, 0x4187, 0x4187, 0x49A8, 0x49A8, 0x49A8, 0x4167, 0x3926, 0x20A4, 0x1862, 0x18A3, 0x20C3,
    0x20E4, 0x20C4, 0x20C4, 0x28E4, 0x3125, 0x4167, 0x5A0A, 0x728C, 0x6A6C, 0x624B, 0x622B, 0x622B,
    0x622B, 0x622B, 0x624B, 0x5A0A, 0x49A8, 0x4987, 0x51C9, 0x51E9, 0x51C9, 0x51C9, 0x49C8, 0x49A8,
    0x51C9, 0x51E9, 0x51E9, 0x4187, 0x3946, 0x3946, 0x3946, 0x3946, 0x3946, 0x3967, 0x3967, 0x3967,
    0x3967, 0x3967, 0x3967, 0x4167, 0x4167, 0x4167, 0x4167, 0x4167, 0x4167, 0x4167, 0x4167, 0x4187,
    0x4187, 0x4987, 0x4987, 0x4988, 0x4988, 0x4988, 0x49A8, 0x49A8, 0x49A8, 0x49A8, 0x49A8, 0x49A8,
    0x4988, 0x4988, 0x49A8, 0x49A8, 0x49A8, 0x51A8, 0x51C9, 0x51C9, 0x59E9, 0x59E9, 0x51C9, 0x51C9,
    0x18A3, 0x18C3, 0x20E4, 0x2905, 0x2905, 0x3125, 0x3125, 0x3126, 0x3946, 0x3946, 0x3946, 0x4147,
    0x4147, 0x4167, 0x4167, 0x4988, 0x49A8, 0x49A8, 0x49A8, 0x51C9, 0x51E9, 0x51E9, 0x51E9, 0x51E9,
    0x51E9, 0x51E9, 0x51E9, 0x59E9, 0x59E9, 0x59EA, 0x59E9, 0x5A09, 0x5A0A, 0x5A0A, 0x5A0A, 0x5A0A,
    0x5A0A, 0x620A, 0x620B, 0x620B, 0x620B, 0x620B, 0x620B, 0x620B, 0x5A0B, 0x5A0A, 0x5A0A, 0x5A0A,
    0x51E9, 0x59E9, 0x59E9, 0x51E9, 0x59E9, 0x51E9, 0x51E9, 0x51E9, 0x51C9, 0x51C9, 0x51C9, 0x49A8,
    0x4988, 0x4188, 0x4167, 0x3946, 0x2905, 0x2905, 0x2925, 0x3126, 0x3125, 0x3126, 0x3125, 0x2925,
    0x20C4, 0x1062, 0x1883, 0x18A3, 0x18A3, 0x1083, 0x1082, 0x1062, 0x1062, 0x1062, 0x1062, 0x1082,
    0x1082, 0x1062, 0x1042, 0x20C4, 0x49E9, 0x626B, 0x728C, 0x7A8D, 0x728C, 0x6A4B, 0x622A, 0x5A0A,
    0x59E9, 0x59E9, 0x49A8, 0x4167, 0x3947, 0x3105, 0x20C4, 0x2905, 0x3125, 0x3126, 0x3926, 0x59EA,
    0x728D, 0x620A, 0x3946, 0x18A3, 0x0841, 0x0882, 0x0862, 0x0861, 0x1041, 0x28E4, 0x59E9, 0x72AC,
    0x7ACD, 0x6A6B, 0x49A8, 0x30E5, 0x1882, 0x1882, 0x3125, 0x4167, 0x4987, 0x51C9, 0x49C9, 0x4187,
    0x3126, 0x2905, 0x2905, 0x2905, 0x3125, 0x3125, 0x3105, 0x3105, 0x3946, 0x4167, 0x51C9, 0x51E9,
    0x4988, 0x4147, 0x4167, 0x4167, 0x4187, 0x4187, 0x4187, 0x4187, 0x4187, 0x4187, 0x4167, 0x3967,
    0x51E9, 0x49C9, 0x49A8, 0x3966, 0x3946, 0x4167, 0x41A7, 0x41A7, 0x4188, 0x49A8, 0x49A8, 0x51C9,
    0x59E9, 0x59E9, 0x59E9, 0x59EA, 0x59E9, 0x49A8, 0x4167, 0x4167, 0x4187, 0x4167, 0x4167, 0x4167,
    0x4187, 0x4187, 0x3926, 0x3106, 0x3125, 0x3926, 0x3946, 0x3926, 0x3926, 0x3926, 0x30E5, 0x3947,
    0x5A0A, 0x3926, 0x20A4, 0x28E5, 0x2905, 0x3126, 0x3966, 0x3967, 0x4988, 0x51E9, 0x51C9, 0x51C9,
    0x51C9, 0x51E9, 0x59EA, 0x59EA, 0x59EA, 0x59E9, 0x59E9, 0x59E9, 0x51E9, 0x51E9, 0x51C9, 0x51C8,
    0x4167, 0x3946, 0x3126, 0x3105, 0x3946, 0x2905, 0x2905, 0x3105, 0x3126, 0x3126, 0x3125, 0x28E5,
    0x28E5, 0x28E5, 0x2905, 0x2905, 0x3126, 0x3146, 0x3146, 0x3946, 0x3946, 0x3146, 0x3146, 0x3146,
    0x3146, 0x3146, 0x3946, 0x3146, 0x3946, 0x3946, 0x3946, 0x3946, 0x3146, 0x18A3, 0x1062, 0x1082,
    0x10A3, 0x18A3, 0x18A3, 0x18A3, 0x18A3, 0x20C4, 0x3126, 0x4167, 0x4987, 0x4987, 0x4187, 0x4987,
    0x49A8, 0x49A8, 0x51A8, 0x51E9, 0x59E9, 0x59EA, 0x622A, 0x6A4B, 0x6A4B, 0x6A6C, 0x6A8C, 0x6A6C,
    0x6A8C, 0x728C, 0x728C, 0x728C, 0x622A, 0x3926, 0x1062, 0x0841, 0x1062, 0x1882, 0x20C3, 0x20C4,
    0x28E5, 0x3926, 0x4167, 0x4988, 0x49A8, 0x49A8, 0x49A8, 0x4988, 0x4187, 0x4187, 0x4187, 0x4187,
    0x4187, 0x4187, 0x4987, 0x4988, 0x49A8, 0x49A8, 0x51A8, 0x51C9, 0x51C9, 0x49C9, 0x4988, 0x4988,
    0x51C9, 0x5A0A, 0x59EA, 0x4988, 0x4147, 0x49A8, 0x49A8, 0x49A8, 0x49A8, 0x49A8, 0x49A8, 0x5A09,
    0x5A2A, 0x49A8, 0x3145, 0x20C4, 0x20C4, 0x20E4, 0x20C4, 0x20E4, 0x28E5, 0x3126, 0x4988, 0x5A0A,
    0x6A4B, 0x622B, 0x59EA, 0x59EA, 0x59EA, 0x5A0A, 0x5A0A, 0x5A0A, 0x51C8, 0x4167, 0x4987, 0x49A8,
    0x49A8, 0x4988, 0x4988, 0x49A8, 0x49A8, 0x49A8, 0x4187, 0x3946, 0x3105, 0x3125, 0x3105, 0x3126,
    0x3126, 0x3946, 0x3966, 0x3967, 0x3967, 0x3967, 0x3967, 0x3967, 0x4167, 0x3967, 0x4167, 0x4167,
    0x4167, 0x4167, 0x4167, 0x4167, 0x4167, 0x4167, 0x4167, 0x4167, 0x4167, 0x4167, 0x4187, 0x4988,
    0x49A8, 0x49C8, 0x49C8, 0x51C8, 0x51C9, 0x51E9, 0x59EA, 0x59EA, 0x5A0A, 0x620A, 0x622B, 0x6A4B,
    0x6A4C, 0x6A4C, 0x6A4B, 0x6A4C, 0x20A3, 0x20C4, 0x28E4, 0x2905, 0x3125, 0x3125, 0x3125, 0x3126,
    0x3926, 0x3946, 0x3946, 0x4147, 0x4167, 0x4168, 0x4988, 0x49A8, 0x51C9, 0x51C9, 0x51C9, 0x51E9,
    0x5A0A, 0x59EA, 0x59E9, 0x51E9, 0x51E9, 0x59E9, 0x5A0A, 0x59EA, 0x59E9, 0x5A0A, 0x59E9, 0x5A0A,
    0x5A0A, 0x5A0A, 0x5A0A, 0x5A0A, 0x620A, 0x620A, 0x620B, 0x620B, 0x620B, 0x620B, 0x620B, 0x620B,
    0x5A0B, 0x5A0B, 0x5A0B, 0x5A0A, 0x59EA, 0x59E9, 0x59E9, 0x51E9, 0x51E9, 0x51E9, 0x51E9, 0x59EA,
    0x51E9, 0x59EA, 0x51EA, 0x51C9, 0x51C9, 0x49A9, 0x49A8, 0x4167, 0x3105, 0x2905, 0x2925, 0x3146,
    0x3145, 0x3125, 0x3146, 0x3146, 0x20E4, 0x1062, 0x1082, 0x1082, 0x1082, 0x1062, 0x1062, 0x1062,
    0x1062, 0x1062, 0x1062, 0x1082, 0x1082, 0x1062, 0x1883, 0x49A8, 0x72CD, 0x7AEE, 0x6A6B, 0x59C9,
    0x5188, 0x4967, 0x4146, 0x3946, 0x4147, 0x4167, 0x3946, 0x3106, 0x3105, 0x20A4, 0x1863, 0x20C4,
    0x2905, 0x3126, 0x3126, 0x51A8, 0x6A6C, 0x622A, 0x4167, 0x18A3, 0x0862, 0x0862, 0x0841, 0x20C4,
    0x41A8, 0x5A2A, 0x72CD, 0x6A8C, 0x51E9, 0x3125, 0x20A3, 0x1062, 0x1041, 0x20C4, 0x4187, 0x51C8,
    0x51C9, 0x51C9, 0x51C9, 0x3946, 0x2905, 0x2905, 0x2905, 0x2905, 0x2905, 0x2905, 0x2905, 0x2905,
    0x3105, 0x3946, 0x49A8, 0x51E9, 0x51C9, 0x4167, 0x4147, 0x4147, 0x4167, 0x4187, 0x4187, 0x4187,
    0x4187, 0x4167, 0x3946, 0x3926, 0x49A8, 0x49C8, 0x51C9, 0x4987, 0x4147, 0x4167, 0x51C8, 0x51E9,
    0x51E9, 0x51E9, 0x51E9, 0x51E9, 0x51E9, 0x51E9, 0x51E9, 0x51E9, 0x51E9, 0x51A8, 0x4167, 0x49A8,
    0x49A8, 0x4187, 0x4187, 0x4167, 0x4988, 0x4988, 0x4167, 0x3967, 0x3967, 0x4167, 0x4166, 0x4146,
    0x4187, 0x4167, 0x3926, 0x4167, 0x5A0A, 0x4147, 0x28C4, 0x28E5, 0x2905, 0x3126, 0x3967, 0x3967,
    0x4988, 0x59E9, 0x59EA, 0x59EA, 0x59EA, 0x5A0A, 0x5A0A, 0x620A, 0x620A, 0x620A, 0x620A, 0x620A,
    0x620A, 0x5A0A, 0x59E9, 0x51C9, 0x4987, 0x4167, 0x3146, 0x3105, 0x3146, 0x2905, 0x2905, 0x3105,
    0x3125, 0x3146, 0x3126, 0x28E5, 0x28E5, 0x28E5, 0x2905, 0x2905, 0x2905, 0x3125, 0x3146, 0x3946,
    0x3946, 0x3946, 0x3946, 0x3946, 0x3946, 0x3146, 0x3146, 0x3146, 0x3946, 0x3946, 0x3946, 0x3946,
    0x3146, 0x20A4, 0x1062, 0x1062, 0x1082, 0x10A3, 0x18A3, 0x10A2, 0x18A3, 0x28E5, 0x3946, 0x4187,
    0x4167, 0x4167, 0x4167, 0x4967, 0x51C9, 0x5A0A, 0x6A4B, 0x6A6B, 0x6A6B, 0x6A6B, 0x726C, 0x728C,
    0x728D, 0x72AD, 0x7AAD, 0x7AAD, 0x7AAD, 0x7AAD, 0x7AAD, 0x7ACD, 0x72AC, 0x49A8, 0x1883, 0x1041,
    0x1082, 0x18A2, 0x18A3, 0x20A4, 0x30E5, 0x3926, 0x4167, 0x4988, 0x51A8, 0x51A8, 0x49A8, 0x4988,
    0x4988, 0x4988, 0x4988, 0x4987, 0x4987, 0x4987, 0x4167, 0x4167, 0x4967, 0x4988, 0x49A8, 0x51C9,
    0x51C9, 0x49A8, 0x4968, 0x4988, 0x51C9, 0x620A, 0x620A, 0x51A8, 0x4167, 0x51A8, 0x51C9, 0x51C8,
    0x51C8, 0x49A8, 0x51C8, 0x6A6B, 0x7B0D, 0x628B, 0x41A7, 0x28E5, 0x20C4, 0x20E4, 0x20E4, 0x20C4,
    0x20E4, 0x2905, 0x3946, 0x49A8, 0x5A0A, 0x5A0A, 0x51CA, 0x51C9, 0x51C9, 0x51C9, 0x51C9, 0x520A,
    0x49C8, 0x4167, 0x4167, 0x4988, 0x4987, 0x4187, 0x4167, 0x4987, 0x4987, 0x4187, 0x3946, 0x3146,
    0x3105, 0x3125, 0x3105, 0x3105, 0x3126, 0x3946, 0x3926, 0x3946, 0x3947, 0x3946, 0x3947, 0x3947,
    0x3967, 0x3947, 0x3947, 0x3967, 0x3967, 0x3967, 0x3967, 0x4167, 0x4167, 0x4167, 0x4167, 0x3967,
    0x4167, 0x4167, 0x4187, 0x49A8, 0x49C9, 0x51E9, 0x51E9, 0x5A0A, 0x5A0A, 0x622A, 0x624B, 0x6A4B,
    0x6A4B, 0x6A6C, 0x726C, 0x728D, 0x728D, 0x728D, 0x728D, 0x728D, 0x3125, 0x3146, 0x3946, 0x3967,
    0x4187, 0x4187, 0x4187, 0x4187, 0x4988, 0x49C8, 0x49C8, 0x49A8, 0x51C9, 0x51C9, 0x51EA, 0x59EA,
    0x59EA, 0x51EA, 0x5A0A, 0x5A0A, 0x5A0A, 0x59EA, 0x59EA, 0x59EA, 0x59E9, 0x59E9, 0x59EA, 0x59E9,
    0x59E9, 0x59E9, 0x59E9, 0x5A0A, 0x5A0B, 0x5A0B, 0x5A0A, 0x620A, 0x620A, 0x620A, 0x620B, 0x620B,
    0x620B, 0x620B, 0x620B, 0x620B, 0x620B, 0x620B, 0x620B, 0x5A0A, 0x5A0A, 0x59EA, 0x59EA, 0x59EA,
    0x51EA, 0x51EA, 0x51EA, 0x59EA, 0x59EA, 0x5A0A, 0x5A0A, 0x59EA, 0x59EA, 0x59EA, 0x51E9, 0x51C9,
    0x4187, 0x3926, 0x3126, 0x3126, 0x3125, 0x3125, 0x3125, 0x3146, 0x2905, 0x1882, 0x0862, 0x1062,
    0x1062, 0x1062, 0x1082, 0x1082, 0x1062, 0x1062, 0x1082, 0x1082, 0x0862, 0x1082, 0x3126, 0x6A6C,
    0x7AAD, 0x6A4B, 0x4988, 0x30E5, 0x20A4, 0x20A4, 0x20A3, 0x20C4, 0x2905, 0x3126, 0x3946, 0x3926,
    0x3946, 0x3105, 0x28E5, 0x20C4, 0x20E4, 0x2905, 0x3126, 0x4988, 0x622B, 0x624B, 0x51C8, 0x28E4,
    0x0841, 0x1062, 0x1862, 0x49A8, 0x7ACD, 0x72AD, 0x622A, 0x3966, 0x20A3, 0x1041, 0x0841, 0x0841,
    0x18A3, 0x3967, 0x51C9, 0x59E9, 0x620A, 0x5A0A, 0x51C9, 0x3926, 0x2905, 0x2905, 0x2905, 0x28E5,
    0x28E4, 0x28E4, 0x28E5, 0x2905, 0x3105, 0x3946, 0x4187, 0x51E9, 0x5A2A, 0x51C9, 0x4167, 0x3926,
    0x4167, 0x4187, 0x4187, 0x4187, 0x4187, 0x4167, 0x3946, 0x3926, 0x3926, 0x4167, 0x59E9, 0x622A,
    0x622A, 0x51C9, 0x49A8, 0x49C8, 0x49C8, 0x49C8, 0x49A8, 0x49A8, 0x49A8, 0x49C8, 0x49C8, 0x49C8,
    0x51C9, 0x49A8, 0x4167, 0x49A8, 0x49A8, 0x4987, 0x4187, 0x4167, 0x4167, 0x4167, 0x4987, 0x49A8,
    0x49C8, 0x49C8, 0x49C8, 0x51C8, 0x51E9, 0x5209, 0x51E9, 0x51C9, 0x5A0A, 0x49A8, 0x3105, 0x2905,
    0x2905, 0x3126, 0x3967, 0x4167, 0x49A8, 0x5A0A, 0x622B, 0x622B, 0x622B, 0x622B, 0x622B, 0x622B,
    0x622B, 0x622B, 0x6A2B, 0x6A2B, 0x622B, 0x622B, 0x620A, 0x59E9, 0x49A8, 0x49A8, 0x3946, 0x3105,
    0x3126, 0x3125, 0x2905, 0x3125, 0x3125, 0x3126, 0x3946, 0x3967, 0x3105, 0x2905, 0x28E5, 0x2905,
    0x2905, 0x2905, 0x3125, 0x3126, 0x3926, 0x3946, 0x3946, 0x3946, 0x3946, 0x3146, 0x3146, 0x3146,
    0x3946, 0x3946, 0x3946, 0x3946, 0x3146, 0x20C4, 0x1082, 0x1082, 0x1082, 0x1082, 0x10A2, 0x1082,
    0x18A3, 0x2905, 0x3967, 0x4187, 0x4167, 0x4167, 0x51A8, 0x59EA, 0x6A4B, 0x728C, 0x728C, 0x728C,
    0x728C, 0x728C, 0x728C, 0x726C, 0x726C, 0x726C, 0x726C, 0x728C, 0x726C, 0x6A6C, 0x6A4B, 0x6A4B,
    0x6A4B, 0x51A8, 0x2083, 0x0821, 0x1062, 0x10A2, 0x18A3, 0x28C4, 0x4968, 0x5A0A, 0x620A, 0x622B,
    0x622B, 0x6A4B, 0x624B, 0x624B, 0x624B, 0x622B, 0x622B, 0x622B, 0x622B, 0x622B, 0x5A0A, 0x51C9,
    0x49A8, 0x4987, 0x4988, 0x49A8, 0x49A8, 0x4988, 0x4988, 0x51A9, 0x622A, 0x6A4B, 0x6A4C, 0x620A,
    0x59E9, 0x5A0A, 0x5A0A, 0x5A0A, 0x5A09, 0x51C9, 0x51A8, 0x5A09, 0x6A6B, 0x5A4A, 0x49C8, 0x3125,
    0x20C4, 0x20C4, 0x20E4, 0x20C4, 0x20C4, 0x28E4, 0x3125, 0x4167, 0x49A8, 0x51C9, 0x49A9, 0x49A8,
    0x49A8, 0x49A8, 0x49A8, 0x49C8, 0x49A8, 0x4167, 0x4167, 0x4187, 0x4987, 0x4187, 0x4187, 0x4167,
    0x4187, 0x4167, 0x3967, 0x3946, 0x3947, 0x4167, 0x3946, 0x3946, 0x3946, 0x3146, 0x3126, 0x3126,
    0x3146, 0x3946, 0x3946, 0x3946, 0x3946, 0x3946, 0x3946, 0x3946, 0x3947, 0x3967, 0x3967, 0x3967,
    0x4167, 0x4167, 0x4167, 0x4167, 0x4187, 0x49A8, 0x49A8, 0x51C9, 0x51E9, 0x5A2A, 0x622A, 0x622B,
    0x624B, 0x6A4B, 0x6A4B, 0x6A6C, 0x726C, 0x726D, 0x728D, 0x7A8D, 0x7A8D, 0x7A8D, 0x7A8D, 0x728D,
    0x49E8, 0x49E8, 0x51E9, 0x51E9, 0x5209, 0x51E9, 0x51E9, 0x51E9, 0x51E9, 0x624A, 0x5A2A, 0x5A0A,
    0x5A0A, 0x5A2A, 0x622B, 0x622B, 0x622A, 0x5A0A, 0x5A0A, 0x5A2A, 0x5A0A, 0x5A0A, 0x5A0A, 0x5A0A,
    0x59E9, 0x59E9, 0x59EA, 0x5A0A, 0x59EA, 0x59E9, 0x5A0A, 0x5A2A, 0x5A0B, 0x5A0B, 0x5A0B, 0x620B,
    0x620B, 0x620A, 0x620B, 0x620B, 0x620B, 0x620B, 0x620B, 0x620B, 0x620B, 0x620B, 0x5A0B, 0x620B,
    0x620B, 0x5A0A, 0x5A0A, 0x5A0A, 0x5A0A, 0x5A0A, 0x5A0A, 0x5A0A, 0x620A, 0x620A, 0x5A0A, 0x5A0A,
    0x5A0A, 0x5A0A, 0x5A0A, 0x5A0A, 0x51C9, 0x4988, 0x3947, 0x3126, 0x3125, 0x3125, 0x3125, 0x3125,
    0x3146, 0x20A3, 0x1062, 0x1062, 0x1082, 0x1062, 0x1082, 0x1082, 0x1062, 0x1062, 0x1082, 0x1082,
    0x0842, 0x1883, 0x41A8, 0x728C, 0x726C, 0x622A, 0x59C9, 0x4147, 0x3126, 0x30E5, 0x28C4, 0x28E4,
    0x28E4, 0x30E5, 0x3926, 0x3946, 0x3946, 0x3966, 0x3967, 0x3946, 0x3105, 0x2905, 0x3125, 0x4988,
    0x622A, 0x726C, 0x624B, 0x3125, 0x0841, 0x1062, 0x3926, 0x6A6B, 0x830E, 0x728C, 0x4146, 0x1862,
    0x0841, 0x0841, 0x1062, 0x1883, 0x3947, 0x5A0A, 0x620A, 0x620A, 0x622B, 0x622A, 0x51E9, 0x3967,
    0x3105, 0x2905, 0x2905, 0x2905, 0x28E5, 0x28E5, 0x2905, 0x2905, 0x3105, 0x3126, 0x3966, 0x49C8,
    0x5A0A, 0x51EA, 0x4988, 0x4146, 0x4167, 0x4187, 0x4167, 0x4167, 0x4167, 0x4167, 0x4167, 0x3926,
    0x3106, 0x4147, 0x59EA, 0x6A8C, 0x72AD, 0x59EA, 0x4987, 0x4187, 0x4187, 0x4187, 0x4187, 0x4187,
    0x4187, 0x41A8, 0x41A8, 0x41A8, 0x49A8, 0x4988, 0x4187, 0x4187, 0x4988, 0x4187, 0x4167, 0x4167,
    0x4167, 0x4147, 0x4167, 0x4187, 0x49A7, 0x49A7, 0x49A7, 0x49A8, 0x51C9, 0x51E9, 0x5A09, 0x51E9,
    0x51E9, 0x51E9, 0x3946, 0x2905, 0x2905, 0x3125, 0x3967, 0x4187, 0x49A8, 0x620A, 0x6A2B, 0x6A4B,
    0x6A4C, 0x6A4C, 0x6A4C, 0x6A4C, 0x6A4B, 0x6A4B, 0x6A4B, 0x6A4B, 0x6A4B, 0x6A4C, 0x6A2B, 0x5A0A,
    0x51E9, 0x49C8, 0x3946, 0x3125, 0x3105, 0x3126, 0x3125, 0x3125, 0x3125, 0x3126, 0x3967, 0x49A8,
    0x3126, 0x2905, 0x2905, 0x2905, 0x2905, 0x2905, 0x3105, 0x3125, 0x3126, 0x3946, 0x3946, 0x3946,
    0x3946, 0x3946, 0x3146, 0x3146, 0x3946, 0x3946, 0x3946, 0x3946, 0x3146, 0x28E5, 0x10A3, 0x1082,
    0x0862, 0x0861, 0x1082, 0x10A2, 0x18C3, 0x3105, 0x3967, 0x4167, 0x4147, 0x4987, 0x59E9, 0x726C,
    0x7AAD, 0x728C, 0x6A6B, 0x6A4B, 0x6A4A, 0x624A, 0x624A, 0x622A, 0x5A2A, 0x5A2A, 0x5A2A, 0x622A,
    0x5A0A, 0x5A0A, 0x5A0A, 0x51C9, 0x59EA, 0x51E9, 0x28C4, 0x1041, 0x1061, 0x1082, 0x20C3, 0x3126,
    0x5A0A, 0x72AD, 0x7AAD, 0x7AAD, 0x7AAD, 0x7ACD, 0x7ACD, 0x7ACD, 0x7ACD, 0x7AAD, 0x7AAD, 0x7ACE,
    0x7ACE, 0x7AAD, 0x728D, 0x6A6C, 0x5A0A, 0x49A8, 0x49A8, 0x49A8, 0x49A8, 0x49A8, 0x4988, 0x51E9,
    0x6A6B, 0x6A6C, 0x6A6C, 0x6A6C, 0x6A4C, 0x6A4B, 0x622B, 0x622A, 0x5A0A, 0x59E9, 0x51C9, 0x51C8,
    0x51C9, 0x51E9, 0x49A8, 0x3146, 0x20C4, 0x18C3, 0x2104, 0x20E4, 0x20C4, 0x20E4, 0x2905, 0x3126,
    0x3946, 0x4167, 0x4187, 0x4167, 0x4167, 0x4167, 0x4167, 0x4187, 0x4187, 0x4167, 0x3947, 0x4187,
    0x49A8, 0x4187, 0x4187, 0x4987, 0x4187, 0x4187, 0x4167, 0x4167, 0x4167, 0x4187, 0x4987, 0x4187,
    0x4167, 0x3966, 0x3946, 0x3126, 0x3126, 0x3126, 0x3126, 0x3146, 0x3146, 0x3946, 0x3946, 0x3946,
    0x3946, 0x3947, 0x3967, 0x3967, 0x3967, 0x3967, 0x4187, 0x4187, 0x4988, 0x51C8, 0x51C9, 0x59EA,
    0x5A0A, 0x622B, 0x6A4B, 0x6A4B, 0x6A4B, 0x6A4B, 0x726C, 0x726C, 0x726C, 0x726D, 0x726D, 0x726D,
    0x728D, 0x728D, 0x728D, 0x728D, 0x51E9, 0x51E9, 0x5209, 0x5A0A, 0x5A2A, 0x51E9, 0x51E9, 0x51E9,
    0x5A0A, 0x5A2A, 0x5A2A, 0x622B, 0x622B, 0x622B, 0x624B, 0x624B, 0x622B, 0x622B, 0x622B, 0x5A2A,
    0x5A2A, 0x5A0A, 0x5A0A, 0x5A0A, 0x5A0A, 0x5A0A, 0x5A0A, 0x5A0A, 0x5A0A, 0x5A0A, 0x5A0A, 0x620B,
    0x5A0A, 0x5A0A, 0x620B, 0x620B, 0x620B, 0x620A, 0x620B, 0x620B, 0x622B, 0x620B, 0x620B, 0x620B,
    0x622B, 0x620B, 0x620B, 0x620B, 0x620B, 0x5A0A, 0x5A0A, 0x5A0A, 0x5A0A, 0x5A0A, 0x5A0A, 0x5A0A,
    0x622B, 0x620A, 0x620B, 0x5A0B, 0x5A0B, 0x5A0A, 0x5A0A, 0x5A0A, 0x59E9, 0x51E9, 0x4988, 0x3947,
    0x3126, 0x3125, 0x3125, 0x3125, 0x3146, 0x28E4, 0x1083, 0x1062, 0x0862, 0x0862, 0x0882, 0x1082,
    0x1082, 0x1082, 0x1082, 0x1082, 0x0842, 0x1883, 0x3966, 0x5A0A, 0x624B, 0x6A6C, 0x728C, 0x6A6B,
    0x624B, 0x5A0A, 0x59E9, 0x51E9, 0x49A8, 0x49A8, 0x51C9, 0x49A8, 0x4147, 0x3946, 0x4167, 0x4187,
    0x4187, 0x3146, 0x3105, 0x4167, 0x620A, 0x728C, 0x6A6B, 0x3105, 0x0000, 0x1062, 0x49A8, 0x7ACD,
    0x7ACD, 0x620A, 0x28C4, 0x18A3, 0x28E4, 0x3125, 0x3125, 0x4167, 0x5A0A, 0x622B, 0x622B, 0x622A,
    0x622B, 0x622B, 0x59E9, 0x4167, 0x3105, 0x2905, 0x2905, 0x3125, 0x3125, 0x2925, 0x2905, 0x2905,
    0x3105, 0x3125, 0x3946, 0x4188, 0x51C9, 0x51E9, 0x49A8, 0x4167, 0x4167, 0x4167, 0x4167, 0x4167,
    0x4167, 0x4167, 0x4167, 0x3946, 0x3926, 0x3947, 0x51C9, 0x5A0A, 0x59E9, 0x49A8, 0x4167, 0x4167,
    0x4167, 0x4166, 0x3967, 0x3967, 0x3967, 0x4187, 0x4187, 0x4187, 0x4187, 0x4187, 0x4187, 0x4167,
    0x4988, 0x4987, 0x4167, 0x4167, 0x4167, 0x4167, 0x4167, 0x3947, 0x3967, 0x3946, 0x3946, 0x4166,
    0x4167, 0x4167, 0x4167, 0x4167, 0x49A8, 0x51C9, 0x4167, 0x2905, 0x2905, 0x3105, 0x3946, 0x4167,
    0x4988, 0x5A0A, 0x6A4B, 0x6A4C, 0x6A4C, 0x6A4C, 0x6A6C, 0x6A6C, 0x6A4B, 0x6A4B, 0x6A4B, 0x6A4B,
    0x6A4B, 0x6A4B, 0x6A2B, 0x620A, 0x51E9, 0x49C8, 0x3946, 0x3125, 0x3125, 0x3126, 0x3126, 0x3125,
    0x3125, 0x3126, 0x3946, 0x3967, 0x3146, 0x3125, 0x2905, 0x2905, 0x28E5, 0x28E5, 0x28E5, 0x28E5,
    0x3125, 0x3126, 0x3126, 0x3146, 0x3146, 0x3946, 0x3946, 0x3946, 0x3946, 0x3946, 0x3946, 0x3946,
    0x3946, 0x3125, 0x18A3, 0x1062, 0x0862, 0x0861, 0x1062, 0x1082, 0x20C4, 0x2905, 0x3946, 0x3946,
    0x4147, 0x4987, 0x5A0A, 0x6A4B, 0x6A4B, 0x5A0A, 0x51A8, 0x4987, 0x4187, 0x41A7, 0x41A7, 0x41A7,
    0x4187, 0x4187, 0x4187, 0x4187, 0x4188, 0x4187, 0x4187, 0x49A8, 0x59E9, 0x622A, 0x3946, 0x1862,
    0x0841, 0x1082, 0x20C4, 0x3126, 0x5A0A, 0x6A6C, 0x6A6C, 0x728C, 0x728C, 0x728C, 0x728C, 0x728C,
    0x728C, 0x6A6C, 0x6A8C, 0x728D, 0x728D, 0x726C, 0x728C, 0x728D, 0x728C, 0x622B, 0x59C9, 0x51A9,
    0x49A9, 0x49A8, 0x4988, 0x51C9, 0x624B, 0x6A4C, 0x622B, 0x622B, 0x624B, 0x622B, 0x622A, 0x5A0A,
    0x59E9, 0x51C8, 0x51C8, 0x51E9, 0x51E9, 0x4188, 0x3146, 0x2905, 0x20E4, 0x20E4, 0x20E4, 0x20C4,
    0x20E4, 0x20E4, 0x2905, 0x2905, 0x3125, 0x3946, 0x3946, 0x3926, 0x3946, 0x3946, 0x3946, 0x3946,
    0x3946, 0x3946, 0x3926, 0x4167, 0x4187, 0x4188, 0x4187, 0x4987, 0x4988, 0x49A8, 0x4988, 0x4987,
    0x4167, 0x4187, 0x4187, 0x4167, 0x4167, 0x4187, 0x3967, 0x3946, 0x3946, 0x3946, 0x3946, 0x3946,
    0x3146, 0x3126, 0x3146, 0x3946, 0x3946, 0x3946, 0x3946, 0x3946, 0x3146, 0x3967, 0x4187, 0x4187,
    0x49A8, 0x51C9, 0x59E9, 0x5A0A, 0x622A, 0x622B, 0x6A4B, 0x6A4C, 0x6A4B, 0x6A4C, 0x6A4C, 0x724C,
    0x724C, 0x724C, 0x726C, 0x724C, 0x726C, 0x728D, 0x728D, 0x728D, 0x4988, 0x4988, 0x49A8, 0x51E9,
    0x5A0A, 0x51E9, 0x49A8, 0x51E9, 0x5A0A, 0x51C9, 0x51EA, 0x622B, 0x622B, 0x624B, 0x624B, 0x622B,
    0x624B, 0x624B, 0x620A, 0x622B, 0x622A, 0x622A, 0x5A2A, 0x5A2A, 0x622B, 0x622B, 0x620A, 0x622B,
    0x622A, 0x620A, 0x620B, 0x620B, 0x5A0A, 0x620A, 0x620B, 0x620B, 0x620B, 0x622B, 0x620B, 0x620B,
    0x622B, 0x622B, 0x622B, 0x622B, 0x622B, 0x622B, 0x622B, 0x622B, 0x620B, 0x5A0A, 0x5A0A, 0x5A0B,
    0x5A0A, 0x5A0A, 0x5A0A, 0x620B, 0x622B, 0x622B, 0x622B, 0x622B, 0x5A0B, 0x5A0A, 0x5A0A, 0x59EA,
    0x59E9, 0x51E9, 0x49A8, 0x4167, 0x3926, 0x2905, 0x2905, 0x3125, 0x3126, 0x3125, 0x18A3, 0x1042,
    0x0862, 0x1062, 0x1082, 0x1082, 0x1082, 0x1082, 0x1082, 0x1082, 0x1062, 0x1062, 0x20A3, 0x3125,
    0x41A8, 0x59E9, 0x622A, 0x624B, 0x6A6B, 0x6A8C, 0x72AD, 0x7ACD, 0x72CD, 0x72AD, 0x7AAD, 0x6A8C,
    0x59E9, 0x4147, 0x3926, 0x4147, 0x41A7, 0x4187, 0x30E5, 0x3906, 0x59EA, 0x6A6C, 0x624B, 0x3105,
    0x0821, 0x1062, 0x4988, 0x7AAD, 0x72AC, 0x4988, 0x2883, 0x3946, 0x51E9, 0x5A2A, 0x622A, 0x622A,
    0x622B, 0x620B, 0x620A, 0x620A, 0x622B, 0x622B, 0x51E9, 0x4146, 0x30E5, 0x28E5, 0x2905, 0x3125,
    0x3125, 0x3125, 0x3125, 0x3125, 0x3125, 0x3125, 0x3946, 0x4187, 0x49C9, 0x51E9, 0x51C9, 0x4167,
    0x4167, 0x4167, 0x4167, 0x4167, 0x4167, 0x4167, 0x4167, 0x4167, 0x3946, 0x3946, 0x49A7, 0x49A8,
    0x3926, 0x3946, 0x3946, 0x3946, 0x3946, 0x3946, 0x3946, 0x3946, 0x3966, 0x4167, 0x4167, 0x4187,
    0x4167, 0x4187, 0x4167, 0x4168, 0x49A8, 0x4988, 0x4988, 0x4988, 0x4167, 0x4167, 0x4187, 0x3967,
    0x3967, 0x3967, 0x3947, 0x3946, 0x3946, 0x3946, 0x3126, 0x3125, 0x4167, 0x49A8, 0x4187, 0x2905,
    0x2905, 0x2905, 0x3126, 0x3967, 0x4168, 0x59E9, 0x624B, 0x6A4B, 0x6A4B, 0x6A4B, 0x624B, 0x624B,
    0x622B, 0x624B, 0x6A4B, 0x6A4B, 0x6A4B, 0x6A2B, 0x622A, 0x622A, 0x51E9, 0x49C8, 0x3946, 0x3125,
    0x3125, 0x3125, 0x3126, 0x3125, 0x2905, 0x3125, 0x3126, 0x3126, 0x3146, 0x3125, 0x2905, 0x2905,
    0x28E5, 0x28E4, 0x20C4, 0x20C4, 0x2905, 0x28E5, 0x2905, 0x3125, 0x3146, 0x3146, 0x3946, 0x3946,
    0x3946, 0x3966, 0x3946, 0x3146, 0x3946, 0x3946, 0x20A3, 0x1062, 0x0862, 0x0862, 0x0862, 0x1082,
    0x20E4, 0x2905, 0x3126, 0x3926, 0x3946, 0x4167, 0x59E9, 0x5A0A, 0x59E9, 0x4147, 0x28C5, 0x20A4,
    0x20C4, 0x20E4, 0x2905, 0x2925, 0x2925, 0x2905, 0x2905, 0x2905, 0x2905, 0x2905, 0x3105, 0x4147,
    0x51C9, 0x6A4B, 0x51C9, 0x20A3, 0x0841, 0x1082, 0x18A3, 0x28E5, 0x4988, 0x51E9, 0x5A09, 0x5A0A,
    0x5A0A, 0x5A0A, 0x59EA, 0x59EA, 0x5A0A, 0x5A0A, 0x5A0A, 0x5A0A, 0x5A0A, 0x59EA, 0x59EA, 0x622B,
    0x728C, 0x728C, 0x6A2B, 0x59EA, 0x51A9, 0x49A8, 0x4988, 0x51A9, 0x5A0B, 0x5A0B, 0x5A0B, 0x5A0A,
    0x5A0A, 0x5A0A, 0x5A0A, 0x59E9, 0x51C8, 0x4187, 0x4988, 0x5A2A, 0x5A2A, 0x3946, 0x20A3, 0x18A3,
    0x20C4, 0x2104, 0x20C4, 0x18A3, 0x20E4, 0x20E4, 0x20E4, 0x2904, 0x2905, 0x3146, 0x3126, 0x3105,
    0x3125, 0x3126, 0x3125, 0x3125, 0x3125, 0x3125, 0x3126, 0x4167, 0x4988, 0x4988, 0x4188, 0x4187,
    0x4187, 0x49A8, 0x49A8, 0x49A8, 0x49A8, 0x4187, 0x4167, 0x4167, 0x4167, 0x4167, 0x4167, 0x4167,
    0x4167, 0x4167, 0x4187, 0x3967, 0x3946, 0x3126, 0x3125, 0x3146, 0x3146, 0x3126, 0x3126, 0x3126,
    0x3146, 0x3946, 0x4167, 0x49A8, 0x51C8, 0x51C9, 0x59E9, 0x622A, 0x622B, 0x622B, 0x6A4C, 0x6A4C,
    0x6A4C, 0x6A4C, 0x6A4C, 0x6A4C, 0x6A4C, 0x6A4C, 0x6A4C, 0x6A4C, 0x6A6C, 0x726C, 0x726C, 0x726C,
    0x4988, 0x4988, 0x49A8, 0x51E9, 0x51E9, 0x51C9, 0x51A8, 0x51E9, 0x5A0A, 0x51E9, 0x520A, 0x622B,
    0x622B, 0x622B, 0x624B, 0x622B, 0x624B, 0x622B, 0x622B, 0x624B, 0x622B, 0x622B, 0x622B, 0x5A2A,
    0x622B, 0x622B, 0x622B, 0x622B, 0x620A, 0x620B, 0x622B, 0x5A2A, 0x5A0A, 0x5A0A, 0x5A0A, 0x5A2B,
    0x622B, 0x622B, 0x622B, 0x620B, 0x620B, 0x622C, 0x622B, 0x622B, 0x622B, 0x622B, 0x622B, 0x622B,
    0x622B, 0x620B, 0x620B, 0x620B, 0x620B, 0x620B, 0x620B, 0x620B, 0x622B, 0x622B, 0x622B, 0x622B,
    0x620B, 0x5A0B, 0x5A0A, 0x59EA, 0x51E9, 0x49C8, 0x4987, 0x4187, 0x3946, 0x2905, 0x2905, 0x2905,
    0x3125, 0x3126, 0x28E5, 0x18A3, 0x1883, 0x1082, 0x1062, 0x1082, 0x1082, 0x1082, 0x1062, 0x1062,
    0x1062, 0x1062, 0x0862, 0x1062, 0x20A3, 0x28E4, 0x3105, 0x3126, 0x3946, 0x3966, 0x49A8, 0x51E9,
    0x59E9, 0x622B, 0x726C, 0x728C, 0x624B, 0x51C9, 0x4147, 0x3946, 0x4187, 0x4187, 0x3125, 0x3105,
    0x4988, 0x622B, 0x624B, 0x49A8, 0x3126, 0x3926, 0x59C9, 0x728C, 0x728C, 0x59E9, 0x4147, 0x51C9,
    0x624B, 0x624B, 0x6A4B, 0x6A4B, 0x622A, 0x5A0A, 0x5A0A, 0x59EA, 0x59EA, 0x51E9, 0x4988, 0x4167,
    0x4147, 0x4146, 0x3946, 0x3126, 0x3105, 0x3125, 0x3125, 0x3126, 0x3126, 0x3125, 0x3126, 0x3967,
    0x49A8, 0x49C8, 0x51C8, 0x4167, 0x4167, 0x4167, 0x4167, 0x4167, 0x4167, 0x4187, 0x4167, 0x4167,
    0x4167, 0x4187, 0x4188, 0x49A8, 0x3946, 0x3946, 0x4167, 0x4167, 0x3967, 0x3967, 0x3967, 0x3967,
    0x3967, 0x4167, 0x4187, 0x4187, 0x4167, 0x4187, 0x4187, 0x4988, 0x49A8, 0x49A8, 0x51C9, 0x49A8,
    0x4988, 0x4188, 0x4188, 0x4187, 0x4167, 0x4167, 0x4167, 0x3947, 0x3946, 0x3946, 0x3126, 0x3105,
    0x4167, 0x51C8, 0x49A8, 0x28E5, 0x2905, 0x2905, 0x3126, 0x3967, 0x4167, 0x59E9, 0x622B, 0x622B,
    0x622B, 0x620B, 0x620A, 0x620A, 0x620A, 0x620A, 0x620B, 0x620A, 0x622A, 0x622A, 0x620A, 0x622A,
    0x51E9, 0x49C8, 0x3946, 0x3105, 0x3125, 0x3125, 0x3125, 0x2905, 0x28E5, 0x2905, 0x3105, 0x3125,
    0x3146, 0x3126, 0x3125, 0x3126, 0x3126, 0x2905, 0x28E5, 0x2905, 0x28E5, 0x20E4, 0x28E4, 0x2905,
    0x2905, 0x2905, 0x3105, 0x3125, 0x3125, 0x3126, 0x3146, 0x3126, 0x3126, 0x3926, 0x20C4, 0x1062,
    0x0862, 0x0862, 0x0862, 0x1082, 0x20C4, 0x2905, 0x3105, 0x3105, 0x3925, 0x4147, 0x51C9, 0x59E9,
    0x5A0A, 0x4988, 0x3906, 0x30E5, 0x28C5, 0x28E4, 0x28E5, 0x28E5, 0x2905, 0x2905, 0x2905, 0x2905,
    0x2905, 0x2905, 0x28E5, 0x3906, 0x4988, 0x6A2B, 0x624B, 0x3926, 0x1862, 0x1062, 0x1882, 0x20E4,
    0x3126, 0x3967, 0x41A8, 0x41A8, 0x4187, 0x4187, 0x4167, 0x4167, 0x4187, 0x4187, 0x4187, 0x4167,
    0x4167, 0x4167, 0x4146, 0x4967, 0x59EA, 0x6A4B, 0x6A4C, 0x620B, 0x51A9, 0x49A8, 0x49A8, 0x51C9,
    0x5A0B, 0x620B, 0x5A0B, 0x5A0A, 0x5A0A, 0x5A0A, 0x5A0A, 0x5A0A, 0x51E9, 0x4987, 0x4167, 0x51C9,
    0x5209, 0x4167, 0x28C4, 0x20A3, 0x20C4, 0x20E4, 0x20C4, 0x20C4, 0x20C4, 0x20E4, 0x2905, 0x2905,
    0x3105, 0x3146, 0x3126, 0x3105, 0x3105, 0x3105, 0x3105, 0x2905, 0x2905, 0x2905, 0x3105, 0x4187,
    0x49A8, 0x49A8, 0x49A8, 0x4988, 0x4987, 0x4987, 0x49A8, 0x49A8, 0x49A8, 0x49A8, 0x49A8, 0x4987,
    0x4187, 0x4187, 0x4167, 0x4167, 0x4167, 0x4167, 0x4167, 0x4167, 0x4167, 0x3946, 0x3946, 0x3946,
    0x3946, 0x3926, 0x3926, 0x3926, 0x3946, 0x3967, 0x4187, 0x49A8, 0x51C8, 0x59E9, 0x59EA, 0x622A,
    0x622B, 0x6A2B, 0x6A4C, 0x6A4C, 0x6A4C, 0x6A4C, 0x6A4C, 0x6A4C, 0x6A4C, 0x6A4C, 0x6A4C, 0x6A4C,
    0x6A4C, 0x6A4C, 0x6A4C, 0x6A4C, 0x51C9, 0x51C9, 0x51C9, 0x51C9, 0x51C9, 0x51C8, 0x51C9, 0x51E9,
    0x5A09, 0x5A0A, 0x5A0A, 0x622B, 0x622B, 0x620B, 0x620B, 0x620B, 0x622B, 0x622B, 0x6A4C, 0x6A6C,
    0x624B, 0x622B, 0x622B, 0x622B, 0x622B, 0x622B, 0x5A0A, 0x620A, 0x620A, 0x622A, 0x622B, 0x5A2A,
    0x5A0A, 0x51E9, 0x5A0A, 0x5A2B, 0x622B, 0x622B, 0x622C, 0x622C, 0x622C, 0x622C, 0x622B, 0x622B,
    0x622B, 0x622B, 0x622B, 0x622B, 0x622B, 0x620B, 0x620B, 0x620B, 0x622B, 0x622B, 0x622B, 0x620B,
    0x620B, 0x622B, 0x620B, 0x620B, 0x622B, 0x622B, 0x5A0A, 0x59EA, 0x5A09, 0x49C8, 0x4167, 0x4167,
    0x3146, 0x3105, 0x3125, 0x3125, 0x3125, 0x3126, 0x3125, 0x2905, 0x20E4, 0x1082, 0x0861, 0x1062,
    0x1062, 0x1062, 0x1062, 0x1062, 0x1082, 0x1082, 0x0862, 0x0862, 0x0862, 0x1062, 0x1062, 0x1062,
    0x0862, 0x0841, 0x1082, 0x20A3, 0x28C4, 0x3946, 0x51E9, 0x622B, 0x6A4B, 0x6A4B, 0x51C9, 0x4147,
    0x4988, 0x4188, 0x4167, 0x4147, 0x51A8, 0x620B, 0x6A4B, 0x6A4B, 0x626B, 0x6A6B, 0x6A4B, 0x6A6C,
    0x728C, 0x6A6C, 0x6A6B, 0x6A6B, 0x6A6C, 0x6A4B, 0x622B, 0x620A, 0x5A0A, 0x59EA, 0x51C9, 0x49A8,
    0x4967, 0x4167, 0x4147, 0x51A8, 0x622A, 0x622A, 0x51A8, 0x3946, 0x3126, 0x3126, 0x3126, 0x3126,
    0x3126, 0x3126, 0x3126, 0x3946, 0x4167, 0x49A8, 0x49A8, 0x4187, 0x4167, 0x3967, 0x4167, 0x4167,
    0x4167, 0x4187, 0x4167, 0x4167, 0x4187, 0x49A8, 0x49A8, 0x49A8, 0x4167, 0x4167, 0x4167, 0x4167,
    0x4167, 0x4167, 0x4167, 0x3967, 0x4167, 0x4167, 0x4167, 0x4187, 0x4167, 0x41A7, 0x49A8, 0x49A8,
    0x49A8, 0x49A8, 0x51C9, 0x51C9, 0x49A8, 0x4988, 0x4188, 0x4988, 0x4188, 0x4167, 0x4167, 0x4147,
    0x3946, 0x3946, 0x3926, 0x3105, 0x4167, 0x59E9, 0x51E9, 0x28E5, 0x2905, 0x2905, 0x3126, 0x3967,
    0x4167, 0x51E9, 0x622A, 0x622A, 0x620A, 0x5A0A, 0x5A0A, 0x620A, 0x620B, 0x59EA, 0x5A0A, 0x5A0A,
    0x620A, 0x620A, 0x620A, 0x622A, 0x59E9, 0x51C8, 0x3946, 0x3105, 0x3125, 0x3126, 0x3126, 0x28E5,
    0x20A3, 0x28E4, 0x2905, 0x3105, 0x2925, 0x3125, 0x3146, 0x3946, 0x3966, 0x3946, 0x3946, 0x3967,
    0x3125, 0x28E5, 0x28E4, 0x28E4, 0x28E4, 0x28E5, 0x28E5, 0x28E4, 0x28E5, 0x28E4, 0x28E5, 0x2905,
    0x2905, 0x3105, 0x2905, 0x18A3, 0x0862, 0x0862, 0x0862, 0x1082, 0x20C4, 0x2905, 0x2905, 0x2905,
    0x3105, 0x3946, 0x49C8, 0x51C9, 0x622B, 0x6A8C, 0x6A8C, 0x5A0A, 0x49A8, 0x4147, 0x3905, 0x28E5,
    0x28C4, 0x28E5, 0x28E5, 0x2905, 0x2925, 0x2905, 0x2905, 0x30E5, 0x4167, 0x620A, 0x72AD, 0x51E9,
    0x28E4, 0x1062, 0x1062, 0x20C4, 0x2905, 0x3125, 0x3946, 0x4167, 0x4167, 0x3946, 0x3946, 0x3926,
    0x3946, 0x3926, 0x3105, 0x3105, 0x28E5, 0x28E4, 0x28C4, 0x3906, 0x5188, 0x620A, 0x726C, 0x6A4C,
    0x51C9, 0x49A8, 0x51C9, 0x5A0A, 0x620B, 0x622B, 0x620B, 0x620B, 0x620B, 0x622B, 0x620A, 0x5A0A,
    0x59E9, 0x51C9, 0x4988, 0x49A8, 0x51E9, 0x51C8, 0x4187, 0x2905, 0x28E4, 0x20C4, 0x20C4, 0x20C4,
    0x20C4, 0x28E4, 0x2905, 0x3126, 0x3125, 0x3126, 0x3126, 0x3125, 0x3105, 0x28E5, 0x28E5, 0x28E5,
    0x28E5, 0x28E4, 0x3105, 0x4167, 0x49A8, 0x51C9, 0x51C8, 0x51C9, 0x49C8, 0x49C8, 0x49A8, 0x49A8,
    0x4987, 0x4987, 0x49A8, 0x51C8, 0x51C9, 0x51C8, 0x49A8, 0x49A8, 0x4187, 0x4147, 0x4167, 0x4167,
    0x4167, 0x4167, 0x4167, 0x4167, 0x3967, 0x3946, 0x3967, 0x3967, 0x4187, 0x41A7, 0x49A8, 0x49A8,
    0x51C9, 0x59E9, 0x59EA, 0x622A, 0x6A4B, 0x6A2B, 0x6A4C, 0x724C, 0x6A4C, 0x6A4C, 0x6A4C, 0x6A4C,
    0x6A4C, 0x6A4C, 0x6A4C, 0x6A4C, 0x6A4C, 0x6A4C, 0x6A4C, 0x6A4C, 0x49A8, 0x49A8, 0x51C9, 0x59E9,
    0x51C9, 0x59E9, 0x5A0A, 0x622A, 0x622A, 0x624B, 0x624B, 0x6A4B, 0x6A4C, 0x6A4C, 0x622B, 0x622B,
    0x6A4B, 0x6A4C, 0x6A4C, 0x6A6C, 0x6A4C, 0x624B, 0x622B, 0x622B, 0x622B, 0x622B, 0x620B, 0x622B,
    0x620B, 0x620B, 0x622B, 0x622B, 0x5A0A, 0x59E9, 0x5A0A, 0x5A2B, 0x622B, 0x622B, 0x622C, 0x622C,
    0x622C, 0x622C, 0x622C, 0x622B, 0x622B, 0x622B, 0x622B, 0x622B, 0x622B, 0x622B, 0x622B, 0x622B,
    0x622B, 0x622B, 0x622B, 0x622B, 0x620B, 0x620B, 0x620B, 0x620B, 0x620B, 0x622B, 0x5A0B, 0x5A0A,
    0x5209, 0x49C8, 0x4167, 0x4147, 0x3946, 0x3126, 0x3125, 0x3126, 0x3126, 0x3125, 0x3125, 0x3125,
    0x20C4, 0x1082, 0x0862, 0x1062, 0x1082, 0x1082, 0x1082, 0x1082, 0x1082, 0x1082, 0x1082, 0x0882,
    0x0862, 0x0861, 0x0861, 0x0861, 0x0861, 0x1062, 0x20C4, 0x2905, 0x3105, 0x4167, 0x59E9, 0x622B,
    0x6A4B, 0x728C, 0x622A, 0x51A9, 0x51CA, 0x51C9, 0x51C9, 0x5A0A, 0x622A, 0x622B, 0x6A4B, 0x6A6C,
    0x726C, 0x726C, 0x6A6C, 0x6A6C, 0x6A6C, 0x6A6C, 0x6A6B, 0x624B, 0x624B, 0x622B, 0x59EA, 0x51EA,
    0x5A0A, 0x59EA, 0x51C9, 0x4988, 0x4147, 0x4147, 0x4167, 0x59C9, 0x6A6B, 0x6A4B, 0x5A0A, 0x4988,
    0x3926, 0x3926, 0x3146, 0x3146, 0x3126, 0x3126, 0x3126, 0x3126, 0x3966, 0x4187, 0x4987, 0x4187,
    0x3966, 0x3967, 0x4167, 0x4167, 0x4187, 0x4167, 0x4187, 0x4187, 0x4187, 0x49A8, 0x49A8, 0x49A8,
    0x4167, 0x4187, 0x4187, 0x4167, 0x4167, 0x4167, 0x4167, 0x3967, 0x4187, 0x4187, 0x3967, 0x4187,
    0x4187, 0x49A8, 0x49A8, 0x51C9, 0x51C9, 0x51C9, 0x51C9, 0x51C9, 0x51C9, 0x49A8, 0x4988, 0x49A8,
    0x49A8, 0x4988, 0x4167, 0x4167, 0x4167, 0x3947, 0x3946, 0x3926, 0x4187, 0x51E9, 0x5A0A, 0x28E5,
    0x2905, 0x2905, 0x3126, 0x3967, 0x4167, 0x49C8, 0x5A0A, 0x620A, 0x5A0A, 0x5A0A, 0x5A0A, 0x59EA,
    0x59EA, 0x59EA, 0x59EA, 0x59EA, 0x5A0A, 0x5A0A, 0x5A0A, 0x5A0A, 0x51C9, 0x51C9, 0x4167, 0x3125,
    0x3125, 0x3126, 0x3146, 0x3125, 0x28E4, 0x28E5, 0x2905, 0x3125, 0x2905, 0x2905, 0x3125, 0x3946,
    0x4167, 0x3967, 0x3967, 0x3967, 0x3946, 0x3126, 0x28E5, 0x28E5, 0x28E5, 0x28E5, 0x28E5, 0x28E5,
    0x28E4, 0x20C4, 0x28E4, 0x2905, 0x28E5, 0x2905, 0x3126, 0x20C4, 0x1062, 0x0862, 0x0862, 0x1082,
    0x20E4, 0x2905, 0x2905, 0x2905, 0x2905, 0x3126, 0x4187, 0x51A8, 0x620A, 0x728C, 0x72AD, 0x728C,
    0x6A4B, 0x5A0A, 0x51A8, 0x4147, 0x3926, 0x3105, 0x3105, 0x3105, 0x3125, 0x2905, 0x2905, 0x3105,
    0x4147, 0x5A0A, 0x72AD, 0x6A4B, 0x4988, 0x28C4, 0x1862, 0x20E4, 0x3126, 0x4167, 0x49A8, 0x51C8,
    0x51A8, 0x4187, 0x4167, 0x4167, 0x4167, 0x4167, 0x3946, 0x3946, 0x3126, 0x3126, 0x3946, 0x4988,
    0x620A, 0x6A4B, 0x728C, 0x6A6C, 0x59EA, 0x49A8, 0x51E9, 0x620B, 0x620B, 0x622B, 0x620B, 0x620B,
    0x620B, 0x620B, 0x620B, 0x620A, 0x5A0A, 0x59EA, 0x51C9, 0x49C8, 0x49C8, 0x49A8, 0x4167, 0x3105,
    0x2905, 0x28E5, 0x28E5, 0x28E4, 0x28E5, 0x3105, 0x3126, 0x3146, 0x3126, 0x3126, 0x3126, 0x3926,
    0x3126, 0x3125, 0x3105, 0x2905, 0x2905, 0x2905, 0x3105, 0x4167, 0x4988, 0x49A8, 0x49C8, 0x49C8,
    0x49C8, 0x49C8, 0x49C8, 0x49A8, 0x49A8, 0x4988, 0x49A8, 0x49A8, 0x51C8, 0x51C8, 0x51C8, 0x51C8,
    0x49A8, 0x4987, 0x4167, 0x4167, 0x4167, 0x4167, 0x4167, 0x4167, 0x4167, 0x3947, 0x3967, 0x3967,
    0x4167, 0x4187, 0x49A8, 0x49A8, 0x49A8, 0x51E9, 0x5A0A, 0x622B, 0x624B, 0x6A4B, 0x6A4B, 0x6A4C,
    0x6A4C, 0x6A4C, 0x6A4C, 0x6A4C, 0x6A4C, 0x6A4C, 0x6A4C, 0x6A4C, 0x6A4C, 0x6A4C, 0x6A4C, 0x6A4C,
    0x51A9, 0x59E9, 0x622A, 0x624B, 0x622A, 0x6A6B, 0x728C, 0x72AC, 0x728C, 0x728D, 0x728D, 0x728D,
    0x72AD, 0x72AD, 0x728D, 0x6A6C, 0x726C, 0x728D, 0x726C, 0x6A6C, 0x6A6C, 0x6A4C, 0x6A4C, 0x6A4C,
    0x6A4C, 0x6A4C, 0x6A4C, 0x6A4C, 0x622B, 0x620A, 0x620B, 0x622B, 0x5A0A, 0x5A0A, 0x5A0B, 0x622B,
    0x622B, 0x6A4C, 0x622C, 0x622C, 0x622C, 0x622C, 0x622C, 0x622B, 0x622B, 0x622B, 0x622B, 0x622B,
    0x622B, 0x622B, 0x622B, 0x622B, 0x622B, 0x622B, 0x622B, 0x622B, 0x622B, 0x622B, 0x622B, 0x622B,
    0x622B, 0x622B, 0x622B, 0x5A2A, 0x5A0A, 0x49C8, 0x4187, 0x4167, 0x3967, 0x3946, 0x3126, 0x3125,
    0x3125, 0x2905, 0x3105, 0x2905, 0x20C4, 0x1062, 0x0862, 0x1082, 0x1082, 0x1082, 0x1082, 0x1082,
    0x1082, 0x1082, 0x1082, 0x1082, 0x0862, 0x0862, 0x0821, 0x0841, 0x20E4, 0x3987, 0x51E9, 0x5A09,
    0x5A0A, 0x620A, 0x620A, 0x620A, 0x6A4B, 0x6A6C, 0x6A6C, 0x6A6C, 0x728D, 0x6A6C, 0x6A4B, 0x6A4B,
    0x6A4B, 0x6A4B, 0x6A4C, 0x6A4C, 0x6A4C, 0x622B, 0x620A, 0x622B, 0x622A, 0x622A, 0x51E9, 0x49A8,
    0x49A8, 0x49A8, 0x49A8, 0x51EA, 0x5A2B, 0x5A0A, 0x51EA, 0x4188, 0x4147, 0x4167, 0x4988, 0x51E9,
    0x624A, 0x622A, 0x622A, 0x51C8, 0x3125, 0x3946, 0x3146, 0x3146, 0x3126, 0x3125, 0x3125, 0x3125,
    0x3946, 0x4167, 0x4167, 0x3967, 0x3946, 0x3966, 0x4167, 0x4167, 0x4187, 0x4167, 0x4187, 0x4187,
    0x49A8, 0x51C8, 0x4988, 0x4167, 0x4167, 0x4167, 0x4167, 0x4167, 0x4167, 0x3967, 0x3967, 0x3967,
    0x4187, 0x3967, 0x3967, 0x4187, 0x4988, 0x49A8, 0x51C8, 0x51E9, 0x51E9, 0x51E9, 0x51E9, 0x49A8,
    0x51C9, 0x51C9, 0x49A8, 0x49C9, 0x51C9, 0x51C9, 0x49A8, 0x49A8, 0x49A8, 0x41A8, 0x4187, 0x4167,
    0x4187, 0x51E9, 0x5A0A, 0x3105, 0x2905, 0x3105, 0x3126, 0x3967, 0x3967, 0x49A8, 0x51C9, 0x59E9,
    0x51C9, 0x51C9, 0x51C9, 0x51C9, 0x51C9, 0x51C9, 0x51C9, 0x51C9, 0x51C9, 0x51C9, 0x51C9, 0x51C9,
    0x49A8, 0x49A8, 0x4167, 0x3126, 0x3126, 0x3125, 0x3126, 0x3146, 0x3126, 0x2905, 0x2905, 0x3125,
    0x2905, 0x2905, 0x2905, 0x3126, 0x3946, 0x4167, 0x4167, 0x4167, 0x4167, 0x3967, 0x2905, 0x2905,
    0x2905, 0x28E5, 0x28E5, 0x2905, 0x2905, 0x28E5, 0x2905, 0x28E4, 0x28E5, 0x2905, 0x3146, 0x2904,
    0x1082, 0x0862, 0x0862, 0x1083, 0x20E4, 0x2905, 0x2905, 0x2925, 0x2905, 0x2905, 0x3105, 0x4147,
    0x49A8, 0x5A0A, 0x6A4B, 0x726C, 0x7AAD, 0x7AAD, 0x728C, 0x6A6C, 0x624B, 0x5A0A, 0x49A8, 0x3926,
    0x28E5, 0x28E5, 0x28E5, 0x3125, 0x4167, 0x59E9, 0x726C, 0x72AD, 0x624B, 0x3946, 0x2083, 0x2905,
    0x4167, 0x51C9, 0x624B, 0x6A6B, 0x5A0A, 0x51A8, 0x49A8, 0x49C8, 0x49A8, 0x49A8, 0x49A8, 0x51C8,
    0x51C9, 0x5A0A, 0x624B, 0x728C, 0x7AAD, 0x7ACE, 0x7AAD, 0x6A6C, 0x59EA, 0x51A9, 0x5A0A, 0x622B,
    0x620B, 0x620B, 0x620B, 0x620B, 0x620B, 0x620B, 0x620B, 0x622B, 0x622B, 0x5A2A, 0x51EA, 0x51E9,
    0x49A8, 0x3946, 0x3105, 0x3105, 0x3126, 0x3146, 0x3946, 0x3926, 0x3926, 0x3946, 0x3946, 0x3946,
    0x3946, 0x3946, 0x3946, 0x3946, 0x3967, 0x3967, 0x3966, 0x3966, 0x3966, 0x3946, 0x3966, 0x4187,
    0x4188, 0x4188, 0x4188, 0x4187, 0x4187, 0x4987, 0x4987, 0x4988, 0x49A8, 0x49A8, 0x49A8, 0x49A8,
    0x49A8, 0x49A8, 0x49A8, 0x49A8, 0x49A8, 0x49A8, 0x49C8, 0x51C8, 0x49C8, 0x4987, 0x4167, 0x3946,
    0x3946, 0x3126, 0x3125, 0x3125, 0x3126, 0x3126, 0x3946, 0x3966, 0x4167, 0x49A8, 0x51C9, 0x5A0A,
    0x622B, 0x624B, 0x6A4C, 0x6A6C, 0x6A6C, 0x6A6C, 0x6A4C, 0x6A4B, 0x6A4B, 0x6A2C, 0x6A4C, 0x6A4C,
    0x6A4C, 0x6A4C, 0x6A4C, 0x6A4C, 0x622A, 0x6A6B, 0x6A6C, 0x728C, 0x728C, 0x72AD, 0x7AAD, 0x7AAD,
    0x7AAD, 0x72AD, 0x7AAD, 0x72AD, 0x7AAD, 0x72AD, 0x728D, 0x728D, 0x728D, 0x728D, 0x728D, 0x6A6C,
    0x726C, 0x6A6C, 0x6A6C, 0x6A6C, 0x6A4C, 0x6A4C, 0x6A4C, 0x6A6C, 0x6A4B, 0x620B, 0x620B, 0x622B,
    0x620B, 0x620B, 0x620B, 0x620B, 0x620B, 0x622B, 0x622C, 0x622C, 0x622C, 0x622B, 0x622B, 0x622B,
    0x622B, 0x622B, 0x622B, 0x622B, 0x622B, 0x622B, 0x622B, 0x622B, 0x622B, 0x622B, 0x622B, 0x622B,
    0x622B, 0x6A4C, 0x624B, 0x622B, 0x622B, 0x5A2B, 0x59EA, 0x51E9, 0x51C9, 0x4987, 0x3967, 0x3947,
    0x3946, 0x3946, 0x3126, 0x3105, 0x3105, 0x3105, 0x3105, 0x2905, 0x20E4, 0x10A3, 0x0862, 0x1082,
    0x1082, 0x1082, 0x1082, 0x1082, 0x1082, 0x1082, 0x1082, 0x1062, 0x1062, 0x0862, 0x1042, 0x1883,
    0x3966, 0x51E9, 0x5A0A, 0x622B, 0x622B, 0x622B, 0x622B, 0x620A, 0x622B, 0x622B, 0x6A4C, 0x726C,
    0x728D, 0x728D, 0x6A4C, 0x620B, 0x622A, 0x622A, 0x620B, 0x620B, 0x59EA, 0x59C9, 0x51C9, 0x51C9,
    0x51C8, 0x51A8, 0x4988, 0x4167, 0x4167, 0x4167, 0x4988, 0x5A0A, 0x622B, 0x620A, 0x51E9, 0x4167,
    0x4147, 0x4167, 0x49A8, 0x51C9, 0x5A2A, 0x5A0A, 0x5A09, 0x49C8, 0x3125, 0x3126, 0x3125, 0x3125,
    0x3125, 0x3125, 0x3125, 0x3105, 0x3146, 0x3966, 0x3967, 0x3946, 0x3946, 0x3946, 0x4167, 0x4167,
    0x4167, 0x4187, 0x4187, 0x4187, 0x49A8, 0x51C8, 0x49A8, 0x4187, 0x4187, 0x4167, 0x4167, 0x4167,
    0x4167, 0x3967, 0x3967, 0x3967, 0x3987, 0x4167, 0x4187, 0x49A8, 0x49A8, 0x51C8, 0x51C9, 0x51E9,
    0x51E9, 0x51E9, 0x51E9, 0x49A8, 0x51C9, 0x51C9, 0x49C9, 0x51C9, 0x51C9, 0x51A8, 0x51C9, 0x51C8,
    0x49A8, 0x49A8, 0x49A8, 0x4187, 0x4187, 0x51E9, 0x5A0A, 0x3105, 0x2925, 0x3125, 0x3146, 0x3946,
    0x3967, 0x4187, 0x49A8, 0x51A9, 0x49A8, 0x49A8, 0x49A8, 0x49A8, 0x49A8, 0x49A8, 0x49A8, 0x49A8,
    0x49A8, 0x49A8, 0x49A8, 0x49A8, 0x49A8, 0x49A8, 0x3967, 0x3926, 0x3125, 0x3105, 0x3125, 0x3126,
    0x3126, 0x28E5, 0x2905, 0x2905, 0x2905, 0x2905, 0x2925, 0x3126, 0x3946, 0x4167, 0x4167, 0x4167,
    0x4167, 0x3946, 0x3105, 0x28E5, 0x28E4, 0x28E4, 0x28E5, 0x2905, 0x28E5, 0x28E5, 0x28E5, 0x28E4,
    0x28E4, 0x28E5, 0x3126, 0x2905, 0x1883, 0x0862, 0x0862, 0x10A3, 0x20E4, 0x2905, 0x2925, 0x2905,
    0x2905, 0x2905, 0x2905, 0x3126, 0x3967, 0x49C8, 0x59E9, 0x622A, 0x6A6B, 0x726C, 0x726C, 0x728D,
    0x728C, 0x728C, 0x620A, 0x4967, 0x3906, 0x3105, 0x28E5, 0x3105, 0x4167, 0x51A8, 0x622A, 0x72AC,
    0x728C, 0x49A8, 0x28C4, 0x2905, 0x3946, 0x4988, 0x622A, 0x6A4B, 0x59EA, 0x51A8, 0x51A8, 0x51A9,
    0x51A9, 0x51A9, 0x59C9, 0x59EA, 0x620A, 0x6A2B, 0x728D, 0x7AAD, 0x7ACE, 0x7AAE, 0x728D, 0x624B,
    0x59E9, 0x51C9, 0x5A0A, 0x6A2B, 0x6A2B, 0x620B, 0x620B, 0x620B, 0x620B, 0x620B, 0x620B, 0x620B,
    0x622B, 0x5A0A, 0x51C9, 0x4187, 0x3946, 0x3126, 0x3105, 0x3105, 0x3125, 0x3946, 0x3926, 0x3946,
    0x3946, 0x3946, 0x3946, 0x3946, 0x3946, 0x3946, 0x3966, 0x3966, 0x3946, 0x3946, 0x3966, 0x3966,
    0x3966, 0x3946, 0x3946, 0x4167, 0x4187, 0x4187, 0x4187, 0x4167, 0x4167, 0x4167, 0x4167, 0x4167,
    0x4187, 0x4187, 0x4187, 0x49A8, 0x49A8, 0x49A8, 0x49A8, 0x4187, 0x4187, 0x4187, 0x41A8, 0x49C8,
    0x49C8, 0x4187, 0x4187, 0x4167, 0x3967, 0x3946, 0x3126, 0x3125, 0x3125, 0x3125, 0x3125, 0x3126,
    0x3926, 0x3967, 0x4187, 0x49A8, 0x51C9, 0x51EA, 0x5A0A, 0x5A4B, 0x624B, 0x624B, 0x6A2B, 0x6A4B,
    0x6A2B, 0x6A2C, 0x6A2C, 0x6A4C, 0x6A4C, 0x6A4C, 0x6A4C, 0x6A4C, 0x728D, 0x72AD, 0x728D, 0x72AD,
    0x72AD, 0x72AD, 0x72AD, 0x728D, 0x72AD, 0x72AD, 0x72AD, 0x72AD, 0x72AD, 0x72AD, 0x72AD, 0x728D,
    0x728D, 0x728D, 0x728D, 0x728D, 0x728D, 0x726D, 0x726D, 0x726D, 0x6A4C, 0x6A4C, 0x6A4C, 0x6A6C,
    0x6A2B, 0x622B, 0x622B, 0x622B, 0x620B, 0x620B, 0x620B, 0x620B, 0x620B, 0x620B, 0x622B, 0x622C,
    0x6A2C, 0x6A2C, 0x6A2B, 0x624B, 0x624B, 0x624B, 0x6A4C, 0x6A4C, 0x622B, 0x622B, 0x622B, 0x622B,
    0x624B, 0x624B, 0x6A4C, 0x624B, 0x622B, 0x5A2A, 0x49A8, 0x4168, 0x4167, 0x4167, 0x3947, 0x3947,
    0x3926, 0x3926, 0x3926, 0x3126, 0x3926, 0x3926, 0x3926, 0x3926, 0x3946, 0x3946, 0x3926, 0x3106,
    0x2905, 0x1882, 0x0842, 0x1062, 0x1082, 0x1082, 0x1082, 0x0882, 0x0882, 0x1082, 0x0862, 0x0862,
    0x0821, 0x18A3, 0x3967, 0x49C9, 0x51C9, 0x59EA, 0x5A0A, 0x622A, 0x622A, 0x622A, 0x622B, 0x622A,
    0x622A, 0x620A, 0x622B, 0x622B, 0x622B, 0x622B, 0x5A0A, 0x59EA, 0x59C9, 0x51C9, 0x49A8, 0x4188,
    0x4988, 0x4988, 0x4167, 0x4987, 0x51E9, 0x5A0A, 0x5A0A, 0x5A0A, 0x5A0A, 0x59E9, 0x59E9, 0x5A0A,
    0x622A, 0x620A, 0x51C9, 0x4167, 0x4147, 0x4167, 0x49C8, 0x49A8, 0x4167, 0x4167, 0x3967, 0x3966,
    0x3125, 0x3105, 0x3105, 0x3105, 0x3105, 0x3105, 0x3125, 0x3125, 0x3126, 0x3946, 0x3946, 0x3946,
    0x3926, 0x3946, 0x3947, 0x3946, 0x3946, 0x4167, 0x4167, 0x4187, 0x49A8, 0x49C8, 0x49A8, 0x4987,
    0x49A8, 0x49A8, 0x49A8, 0x49A8, 0x49A8, 0x49A8, 0x49A8, 0x49A8, 0x49A8, 0x49A8, 0x51C9, 0x51E9,
    0x51C9, 0x51C9, 0x51C8, 0x51C9, 0x51C9, 0x51C9, 0x51C8, 0x49A8, 0x49A8, 0x51A8, 0x49A8, 0x49A8,
    0x49A8, 0x49A8, 0x49A8, 0x49A8, 0x49A8, 0x49A8, 0x49A8, 0x49A8, 0x49A8, 0x51E9, 0x5A0A, 0x3105,
    0x2905, 0x2925, 0x3125, 0x3126, 0x3946, 0x4167, 0x4167, 0x4988, 0x4988, 0x4988, 0x4188, 0x4187,
    0x4188, 0x4188, 0x4188, 0x4188, 0x4187, 0x4187, 0x4988, 0x4988, 0x4187, 0x4167, 0x3946, 0x3126,
    0x3105, 0x3105, 0x3125, 0x3125, 0x3125, 0x28E4, 0x2905, 0x2905, 0x28E4, 0x2905, 0x2905, 0x3125,
    0x3946, 0x3946, 0x4167, 0x4167, 0x4167, 0x3947, 0x3946, 0x2905, 0x20C4, 0x28E4, 0x28E4, 0x28E4,
    0x28E4, 0x28E4, 0x28E4, 0x28E4, 0x28E5, 0x28E5, 0x28E5, 0x28E5, 0x18C3, 0x1062, 0x0842, 0x10A3,
    0x20E4, 0x2905, 0x3105, 0x2905, 0x2905, 0x2905, 0x2905, 0x2905, 0x2925, 0x3126, 0x3926, 0x4147,
    0x49A8, 0x51A8, 0x51C9, 0x5A0A, 0x6A4B, 0x728C, 0x728C, 0x6A6C, 0x6A4B, 0x51C9, 0x3926, 0x30E5,
    0x3926, 0x4187, 0x59E9, 0x6A6B, 0x7AAD, 0x5A0A, 0x3105, 0x28E5, 0x3126, 0x4167, 0x59E9, 0x622A,
    0x59E9, 0x51C8, 0x49A8, 0x5188, 0x51A9, 0x59EA, 0x6A2B, 0x724C, 0x726C, 0x726D, 0x728D, 0x72AD,
    0x728C, 0x622B, 0x59EA, 0x51A8, 0x51A8, 0x51C9, 0x622B, 0x6A4C, 0x6A2C, 0x622B, 0x622B, 0x622B,
    0x622B, 0x6A2B, 0x6A4C, 0x5A0A, 0x49A8, 0x3947, 0x3946, 0x3125, 0x3105, 0x3105, 0x3105, 0x3105,
    0x3105, 0x3926, 0x3946, 0x4146, 0x4147, 0x4147, 0x4167, 0x4167, 0x4167, 0x4167, 0x4167, 0x4167,
    0x3947, 0x3946, 0x3146, 0x3146, 0x3126, 0x3946, 0x3946, 0x3946, 0x3966, 0x3946, 0x3946, 0x4167,
    0x3967, 0x4167, 0x4187, 0x4187, 0x4187, 0x4167, 0x4167, 0x4167, 0x4167, 0x3967, 0x4988, 0x4987,
    0x4187, 0x4187, 0x4187, 0x4187, 0x49A7, 0x4187, 0x4167, 0x49A8, 0x49A8, 0x4188, 0x4187, 0x4187,
    0x3947, 0x3926, 0x3106, 0x3105, 0x3105, 0x3126, 0x3126, 0x3146, 0x3946, 0x3966, 0x3967, 0x4187,
    0x4187, 0x49A8, 0x51C9, 0x5A0A, 0x622A, 0x6A2B, 0x6A6C, 0x6A4C, 0x6A4C, 0x6A4C, 0x6A4C, 0x6A4B,
    0x72AD, 0x72AD, 0x72AD, 0x72AD, 0x72AD, 0x72AD, 0x72AD, 0x72AD, 0x72AD, 0x72AD, 0x72AD, 0x72AD,
    0x72AD, 0x72AD, 0x72AD, 0x72AD, 0x72AD, 0x728D, 0x72AD, 0x728D, 0x72AD, 0x728D, 0x728D, 0x726D,
    0x6A6C, 0x6A4C, 0x6A4C, 0x6A4C, 0x6A2C, 0x6A2B, 0x6A2B, 0x622B, 0x620B, 0x620B, 0x620B, 0x620B,
    0x620B, 0x620A, 0x622B, 0x622C, 0x6A2C, 0x6A2C, 0x6A2B, 0x622B, 0x6A4B, 0x6A4C, 0x6A4C, 0x6A4C,
    0x6A4C, 0x6A4C, 0x622B, 0x624B, 0x624B, 0x622B, 0x5A0A, 0x59EA, 0x59E9, 0x51A8, 0x3946, 0x3126,
    0x3125, 0x3125, 0x3106, 0x3105, 0x3105, 0x3105, 0x3126, 0x3126, 0x3946, 0x3946, 0x3926, 0x3946,
    0x3966, 0x3967, 0x4167, 0x4147, 0x3946, 0x20C4, 0x1082, 0x1062, 0x1082, 0x1082, 0x0882, 0x0882,
    0x0882, 0x1082, 0x0862, 0x0842, 0x1042, 0x3926, 0x5A2A, 0x624B, 0x5A0A, 0x59EA, 0x5A0A, 0x5A0A,
    0x5A0A, 0x5A0A, 0x5A0A, 0x5A2A, 0x5A2A, 0x5A0A, 0x5A0A, 0x5A0A, 0x5A0A, 0x5A0A, 0x59EA, 0x51E9,
    0x51C9, 0x51A8, 0x4167, 0x3946, 0x3926, 0x3926, 0x3926, 0x4988, 0x5A0A, 0x622B, 0x6A4B, 0x6A4B,
    0x624B, 0x622A, 0x620A, 0x620A, 0x5A2A, 0x5A0A, 0x51C9, 0x4987, 0x4967, 0x49A8, 0x51E9, 0x49A8,
    0x3106, 0x2905, 0x2925, 0x3125, 0x3125, 0x3125, 0x3105, 0x3105, 0x3105, 0x3105, 0x3126, 0x3126,
    0x3126, 0x3926, 0x3926, 0x3926, 0x3125, 0x3946, 0x3967, 0x3946, 0x3926, 0x3926, 0x3946, 0x4187,
    0x49A8, 0x49A8, 0x49A8, 0x49A8, 0x49A8, 0x51C8, 0x49C8, 0x51C8, 0x51C8, 0x49C8, 0x51C9, 0x51C9,
    0x51C9, 0x51C9, 0x51E9, 0x51C9, 0x51C9, 0x51C9, 0x49C8, 0x49C8, 0x49C8, 0x49C8, 0x51C9, 0x51C8,
    0x49A8, 0x51A8, 0x49A8, 0x49A8, 0x49A8, 0x49A8, 0x49A8, 0x49A8, 0x49A8, 0x49A8, 0x49A8, 0x49A8,
    0x51C9, 0x59E9, 0x5209, 0x3125, 0x3105, 0x2925, 0x2905, 0x2905, 0x3946, 0x3946, 0x3966, 0x4147,
    0x4147, 0x4147, 0x4167, 0x4167, 0x4167, 0x4167, 0x4167, 0x4167, 0x4167, 0x4167, 0x4167, 0x4167,
    0x3967, 0x3946, 0x3926, 0x3125, 0x3105, 0x3125, 0x3125, 0x3125, 0x3125, 0x3125, 0x3105, 0x2905,
    0x2905, 0x2925, 0x3125, 0x3126, 0x3946, 0x3946, 0x3967, 0x4167, 0x4167, 0x4147, 0x3946, 0x28E5,
    0x20E4, 0x28E4, 0x28E4, 0x28E4, 0x28E4, 0x28E4, 0x28E4, 0x28E4, 0x28E5, 0x28E5, 0x28E4, 0x28E5,
    0x20E4, 0x1062, 0x0862, 0x1082, 0x20E4, 0x2905, 0x3105, 0x2905, 0x2905, 0x2905, 0x2905, 0x2905,
    0x28E5, 0x28E5, 0x28E4, 0x2905, 0x3125, 0x3926, 0x4146, 0x4988, 0x51E9, 0x622A, 0x6A8B, 0x72AD,
    0x7ACD, 0x6A6C, 0x51C9, 0x3947, 0x3926, 0x4147, 0x49A8, 0x622A, 0x72AC, 0x624B, 0x4167, 0x3105,
    0x3126, 0x4167, 0x49C8, 0x59E9, 0x59E9, 0x51C8, 0x51A8, 0x51A9, 0x59EA, 0x6A4B, 0x728D, 0x7AAD,
    0x7AAD, 0x7A8D, 0x726C, 0x624B, 0x59EA, 0x51C9, 0x49A8, 0x49A8, 0x49A8, 0x59EA, 0x6A4B, 0x6A4C,
    0x6A4C, 0x624C, 0x624B, 0x622B, 0x622B, 0x622B, 0x5A0A, 0x4988, 0x3105, 0x28E4, 0x28E5, 0x2905,
    0x2905, 0x2905, 0x2905, 0x2905, 0x3125, 0x3946, 0x3946, 0x4167, 0x4167, 0x4167, 0x4187, 0x4187,
    0x4187, 0x4987, 0x4187, 0x4188, 0x4187, 0x4187, 0x3967, 0x3946, 0x3926, 0x3946, 0x3946, 0x3946,
    0x3946, 0x3126, 0x3126, 0x3946, 0x3946, 0x4167, 0x4187, 0x4187, 0x4167, 0x4167, 0x4167, 0x3947,
    0x3947, 0x4167, 0x4187, 0x4987, 0x4187, 0x4187, 0x4187, 0x4187, 0x4187, 0x4187, 0x4167, 0x4988,
    0x49A8, 0x49A8, 0x49A8, 0x49A8, 0x4988, 0x4167, 0x3947, 0x3926, 0x3126, 0x3126, 0x3125, 0x2905,
    0x2905, 0x2905, 0x2905, 0x3105, 0x3105, 0x3946, 0x3966, 0x49A8, 0x51C9, 0x51E9, 0x622B, 0x624B,
    0x624B, 0x624B, 0x6A4B, 0x6A4B, 0x72AD, 0x72AD, 0x72AD, 0x72AD, 0x72AD, 0x72AD, 0x72AD, 0x72AD,
    0x72AD, 0x72AD, 0x72AD, 0x72AD, 0x72AD, 0x72AD, 0x72AD, 0x728D, 0x728D, 0x728D, 0x728D, 0x72AD,
    0x72AD, 0x728D, 0x728D, 0x726C, 0x6A4C, 0x6A4C, 0x6A4C, 0x6A4C, 0x6A4C, 0x6A2B, 0x622B, 0x622B,
    0x620B, 0x620B, 0x620B, 0x620B, 0x620B, 0x620A, 0x622B, 0x622C, 0x622C, 0x622B, 0x622B, 0x6A2B,
    0x6A4C, 0x6A4C, 0x6A4C, 0x728C, 0x728C, 0x6A4C, 0x5A0A, 0x51C9, 0x49A9, 0x49A8, 0x4168, 0x4167,
    0x4167, 0x3946, 0x3946, 0x3946, 0x3946, 0x3946, 0x3946, 0x3926, 0x3926, 0x3926, 0x3926, 0x3946,
    0x4167, 0x4167, 0x3946, 0x3946, 0x3946, 0x3926, 0x4188, 0x5A0A, 0x51E9, 0x3966, 0x2905, 0x20C3,
    0x1062, 0x0842, 0x0842, 0x0862, 0x0862, 0x0841, 0x0841, 0x18A3, 0x3926, 0x51C9, 0x622B, 0x620A,
    0x59EA, 0x51C9, 0x49A8, 0x49A8, 0x49A8, 0x51A8, 0x51A8, 0x51A9, 0x49A8, 0x49A8, 0x49A8, 0x49A9,
    0x51E9, 0x5A0A, 0x5A0A, 0x5A0A, 0x5A0A, 0x49A8, 0x4147, 0x3105, 0x28A4, 0x28C4, 0x4147, 0x59E9,
    0x6A4B, 0x6A2B, 0x59EA, 0x59C9, 0x51C9, 0x59E9, 0x5A0A, 0x5A0A, 0x620A, 0x5A0A, 0x59E9, 0x51C9,
    0x59E9, 0x5A0A, 0x5A2A, 0x49C8, 0x3106, 0x2905, 0x2905, 0x3125, 0x3125, 0x3926, 0x3126, 0x3126,
    0x3105, 0x3105, 0x3126, 0x3946, 0x3946, 0x3946, 0x3946, 0x3126, 0x3125, 0x3146, 0x3146, 0x3125,
    0x3105, 0x3926, 0x4167, 0x4187, 0x49A8, 0x4988, 0x49A8, 0x49C8, 0x49A8, 0x51C9, 0x49C8, 0x51C9,
    0x51C9, 0x51C9, 0x51C9, 0x51C9, 0x51C9, 0x51C9, 0x51C9, 0x49A8, 0x51C9, 0x51C9, 0x51C9, 0x51C9,
    0x51C9, 0x51C9, 0x51C9, 0x51C9, 0x51C9, 0x51C9, 0x51C9, 0x51C9, 0x51C9, 0x49C9, 0x49A9, 0x51A9,
    0x51A9, 0x49A9, 0x51C9, 0x51C9, 0x51C9, 0x5A0A, 0x51E9, 0x3946, 0x3125, 0x3125, 0x3125, 0x3126,
    0x3126, 0x3946, 0x3946, 0x3946, 0x3926, 0x3926, 0x3926, 0x3967, 0x4147, 0x3926, 0x3947, 0x3947,
    0x3946, 0x3946, 0x3146, 0x3146, 0x3946, 0x3126, 0x3126, 0x3126, 0x3146, 0x3126, 0x3126, 0x3126,
    0x3126, 0x3126, 0x3126, 0x3126, 0x3126, 0x3126, 0x3125, 0x3946, 0x3967, 0x3946, 0x3967, 0x3946,
    0x3946, 0x3946, 0x3946, 0x2905, 0x20E4, 0x20E4, 0x28E5, 0x28E4, 0x28E4, 0x28E4, 0x28E4, 0x28E5,
    0x28E5, 0x28E5, 0x28E5, 0x2905, 0x20E4, 0x1062, 0x0862, 0x0862, 0x18C4, 0x2925, 0x3125, 0x2905,
    0x2905, 0x2905, 0x2905, 0x2905, 0x28E5, 0x28E5, 0x28E5, 0x28E5, 0x2905, 0x3105, 0x3125, 0x3926,
    0x3946, 0x4167, 0x51C8, 0x622B, 0x6A6C, 0x72AD, 0x72AC, 0x624B, 0x51A9, 0x4126, 0x4146, 0x51C9,
    0x6A6B, 0x6A6C, 0x59EA, 0x3926, 0x3125, 0x4167, 0x49A8, 0x51C8, 0x51C9, 0x51C8, 0x51C9, 0x5A0A,
    0x6A4B, 0x728C, 0x7A8D, 0x7AAD, 0x728C, 0x622B, 0x51C9, 0x4988, 0x4167, 0x49A8, 0x51E9, 0x51E9,
    0x59E9, 0x622B, 0x6A4C, 0x6A4C, 0x6A4C, 0x6A4C, 0x6A4C, 0x6A4C, 0x6A4C, 0x59EA, 0x4127, 0x3105,
    0x28E5, 0x28E5, 0x28E5, 0x2905, 0x2905, 0x2905, 0x2905, 0x3125, 0x3125, 0x3126, 0x3926, 0x3926,
    0x3946, 0x3946, 0x4187, 0x4187, 0x49A8, 0x51A8, 0x51A9, 0x49C9, 0x51C9, 0x49C9, 0x49A8, 0x4188,
    0x4167, 0x3947, 0x3946, 0x3946, 0x3946, 0x3946, 0x3946, 0x3926, 0x3946, 0x3967, 0x3946, 0x3946,
    0x3946, 0x3967, 0x3967, 0x4167, 0x4988, 0x4988, 0x49A8, 0x4988, 0x4988, 0x4167, 0x4167, 0x4167,
    0x4167, 0x4167, 0x4167, 0x4188, 0x4988, 0x4988, 0x4988, 0x4988, 0x49A8, 0x49A8, 0x49A8, 0x49A8,
    0x4188, 0x4187, 0x3967, 0x3946, 0x3126, 0x3126, 0x3125, 0x3105, 0x2905, 0x3125, 0x3126, 0x3146,
    0x3967, 0x3967, 0x4187, 0x4188, 0x49A8, 0x51C9, 0x5A0A, 0x5A0A, 0x72AD, 0x72AD, 0x72AD, 0x72AD,
    0x72AD, 0x72AD, 0x72AD, 0x72AD, 0x72AD, 0x72AD, 0x72AD, 0x72AD, 0x72AD, 0x72AD, 0x72AD, 0x728D,
    0x728D, 0x72AD, 0x728D, 0x72AD, 0x72AD, 0x728D, 0x728D, 0x6A4C, 0x6A4C, 0x6A6C, 0x6A4C, 0x6A4C,
    0x6A4C, 0x6A4C, 0x6A2B, 0x622B, 0x620B, 0x620B, 0x620B, 0x620B, 0x620B, 0x620A, 0x622B, 0x622C,
    0x622C, 0x622B, 0x622B, 0x6A2B, 0x6A4C, 0x6A4C, 0x6A4C, 0x728C, 0x624B, 0x59EA, 0x4988, 0x4147,
    0x3927, 0x3947, 0x3947, 0x3946, 0x3946, 0x3946, 0x3947, 0x3967, 0x4167, 0x4167, 0x4167, 0x4167,
    0x4167, 0x3967, 0x3946, 0x4167, 0x4167, 0x4167, 0x4167, 0x4146, 0x3946, 0x3126, 0x4167, 0x622A,
    0x5A0A, 0x4187, 0x3967, 0x3146, 0x20A3, 0x1062, 0x1062, 0x1062, 0x1062, 0x1042, 0x1062, 0x2905,
    0x49C8, 0x5A0A, 0x59EA, 0x51C9, 0x49C9, 0x41A8, 0x4167, 0x4167, 0x4988, 0x4988, 0x4988, 0x4988,
    0x4988, 0x4988, 0x4168, 0x4988, 0x59EA, 0x5A2B, 0x5A2A, 0x5A2A, 0x5A0A, 0x49A8, 0x4147, 0x3105,
    0x20C4, 0x28E5, 0x49A8, 0x5A0A, 0x5A0A, 0x59EA, 0x51A9, 0x4988, 0x4968, 0x51C9, 0x5A0A, 0x5A0A,
    0x5A0A, 0x620A, 0x59EA, 0x5A0A, 0x622B, 0x6A4B, 0x624B, 0x49C9, 0x3106, 0x3105, 0x3125, 0x3126,
    0x3105, 0x3126, 0x3146, 0x3126, 0x3125, 0x3105, 0x3126, 0x3146, 0x3946, 0x3146, 0x3146, 0x3125,
    0x2925, 0x3126, 0x2925, 0x2905, 0x3105, 0x3946, 0x4187, 0x4187, 0x4987, 0x49A8, 0x49C8, 0x51C8,
    0x49C8, 0x51C9, 0x49C8, 0x49C9, 0x49A8, 0x49A9, 0x51C9, 0x51C9, 0x51C9, 0x51C9, 0x51A9, 0x49A9,
    0x51C9, 0x51E9, 0x51E9, 0x51C9, 0x51CA, 0x51C9, 0x51CA, 0x51C9, 0x51C9, 0x51C9, 0x51C9, 0x51C9,
    0x51C9, 0x51C9, 0x51C9, 0x51C9, 0x51C9, 0x51C9, 0x51CA, 0x51CA, 0x59EA, 0x5A0B, 0x5A0A, 0x3946,
    0x3946, 0x3946, 0x3126, 0x3946, 0x3126, 0x3126, 0x3946, 0x3926, 0x3946, 0x3946, 0x3926, 0x3947,
    0x3947, 0x3926, 0x3946, 0x3946, 0x3946, 0x3146, 0x3125, 0x3125, 0x3146, 0x3126, 0x3125, 0x3126,
    0x3146, 0x3146, 0x3146, 0x3146, 0x3146, 0x3946, 0x3946, 0x3946, 0x3946, 0x3926, 0x3926, 0x3946,
    0x3967, 0x3947, 0x3946, 0x3946, 0x3926, 0x3926, 0x3126, 0x2905, 0x20E4, 0x20E4, 0x28E5, 0x28E4,
    0x28E5, 0x28E5, 0x28E5, 0x28E5, 0x28E5, 0x28E5, 0x28E5, 0x2905, 0x20E4, 0x1062, 0x1062, 0x0842,
    0x18A3, 0x2925, 0x2925, 0x2905, 0x2905, 0x2905, 0x2905, 0x2905, 0x2905, 0x2905, 0x2905, 0x2905,
    0x2905, 0x2905, 0x2905, 0x2905, 0x3105, 0x3105, 0x4167, 0x49C8, 0x5A0A, 0x6A8C, 0x7AEE, 0x7AEE,
    0x6A4B, 0x4967, 0x3926, 0x4988, 0x620A, 0x728C, 0x6A4B, 0x4967, 0x3926, 0x4167, 0x4187, 0x49A8,
    0x51C8, 0x49A8, 0x51C9, 0x622B, 0x728C, 0x7AAD, 0x728D, 0x726C, 0x622A, 0x51C8, 0x4167, 0x3926,
    0x4167, 0x51E9, 0x5A2A, 0x5A0A, 0x5A0A, 0x624B, 0x6A6C, 0x6A4C, 0x6A4C, 0x6A4C, 0x6A4C, 0x6A6C,
    0x624B, 0x4988, 0x30E5, 0x3105, 0x3125, 0x3105, 0x3105, 0x2905, 0x2905, 0x2905, 0x2905, 0x2905,
    0x3125, 0x3125, 0x3105, 0x3105, 0x3125, 0x3146, 0x3967, 0x4187, 0x49A8, 0x51C9, 0x51C9, 0x51E9,
    0x59E9, 0x5A09, 0x51E9, 0x51C9, 0x4988, 0x4167, 0x4167, 0x3946, 0x3946, 0x3946, 0x3946, 0x3926,
    0x3946, 0x3946, 0x3926, 0x3926, 0x3126, 0x3126, 0x3946, 0x4167, 0x49A8, 0x51C9, 0x51C9, 0x51C9,
    0x49A8, 0x4988, 0x4167, 0x3946, 0x3946, 0x3967, 0x4167, 0x4187, 0x4167, 0x4988, 0x4988, 0x4988,
    0x49A8, 0x49A8, 0x51C9, 0x51C9, 0x49C9, 0x49C8, 0x49A8, 0x4187, 0x4167, 0x4167, 0x3946, 0x3946,
    0x3126, 0x3125, 0x3126, 0x3126, 0x3126, 0x3126, 0x3105, 0x3125, 0x3146, 0x3947, 0x4188, 0x49A8,
    0x72AD, 0x72AD, 0x72AD, 0x72AD, 0x72AD, 0x72AD, 0x72AD, 0x72AD, 0x72AD, 0x72AD, 0x72AD, 0x72AD,
    0x72AD, 0x72AD, 0x72AD, 0x72AD, 0x72AD, 0x72AD, 0x72AD, 0x72AD, 0x728D, 0x728D, 0x728D, 0x6A4C,
    0x6A6C, 0x6A6C, 0x6A6C, 0x6A6C, 0x6A4C, 0x6A2B, 0x6A2B, 0x622B, 0x620B, 0x620B, 0x620B, 0x620B,
    0x620B, 0x620A, 0x622B, 0x622B, 0x622C, 0x6A2B, 0x6A4C, 0x6A4C, 0x6A6C, 0x728D, 0x6A4B, 0x59EA,
    0x4988, 0x4167, 0x3967, 0x3946, 0x3926, 0x3946, 0x4167, 0x4167, 0x3967, 0x4167, 0x4167, 0x4167,
    0x4167, 0x4167, 0x4167, 0x4187, 0x4167, 0x4167, 0x4167, 0x4167, 0x4167, 0x4167, 0x4167, 0x4167,
    0x4167, 0x3926, 0x3906, 0x4167, 0x49A8, 0x4167, 0x4167, 0x4167, 0x3946, 0x3146, 0x3125, 0x2905,
    0x28E5, 0x28E5, 0x3126, 0x4167, 0x49C9, 0x51C9, 0x49A8, 0x4188, 0x3967, 0x3967, 0x4167, 0x4187,
    0x49A8, 0x49A8, 0x4988, 0x49A8, 0x49C9, 0x49A8, 0x49A8, 0x51C9, 0x5A0A, 0x5A2A, 0x5A0A, 0x5A2A,
    0x5A0A, 0x49A8, 0x4167, 0x3967, 0x3126, 0x3146, 0x41A8, 0x49A8, 0x49A8, 0x51A9, 0x51C9, 0x51C9,
    0x59C9, 0x59EA, 0x622A, 0x622A, 0x5A0A, 0x5A0A, 0x622A, 0x622A, 0x622B, 0x624B, 0x622A, 0x49A8,
    0x3926, 0x30E5, 0x28E5, 0x3105, 0x3105, 0x3105, 0x3125, 0x3126, 0x3126, 0x3125, 0x3125, 0x3125,
    0x3125, 0x3125, 0x2905, 0x28E5, 0x28E4, 0x28E5, 0x2905, 0x3146, 0x3967, 0x4187, 0x49A8, 0x49A8,
    0x49A8, 0x49C8, 0x51E9, 0x51C8, 0x49A8, 0x49A8, 0x4988, 0x49A8, 0x49A8, 0x49C9, 0x51C9, 0x51C9,
    0x51C9, 0x51C9, 0x51C9, 0x51E9, 0x51E9, 0x51E9, 0x51E9, 0x51C9, 0x51EA, 0x51EA, 0x51EA, 0x51C9,
    0x51C9, 0x51C9, 0x51C9, 0x51EA, 0x51E9, 0x51E9, 0x51E9, 0x51EA, 0x59EA, 0x51EA, 0x51EA, 0x59EA,
    0x59EA, 0x5A0A, 0x5A0A, 0x4167, 0x4187, 0x4187, 0x3946, 0x3946, 0x3946, 0x3126, 0x3926, 0x3946,
    0x3947, 0x3967, 0x3967, 0x4167, 0x4167, 0x41A8, 0x4187, 0x3946, 0x3946, 0x3146, 0x3126, 0x3126,
    0x3125, 0x3125, 0x3126, 0x3126, 0x3946, 0x3946, 0x3946, 0x3946, 0x3946, 0x3946, 0x3946, 0x4147,
    0x4167, 0x3946, 0x3946, 0x4147, 0x4147, 0x3947, 0x3947, 0x3946, 0x3946, 0x3926, 0x3946, 0x3125,
    0x2905, 0x28E4, 0x20E4, 0x28E5, 0x28E5, 0x28E5, 0x28E5, 0x28E5, 0x28E5, 0x28E5, 0x2905, 0x2905,
    0x20E4, 0x1062, 0x1062, 0x0842, 0x1083, 0x20E4, 0x2905, 0x2905, 0x2905, 0x2905, 0x2905, 0x2905,
    0x2905, 0x2905, 0x2905, 0x2905, 0x2905, 0x2905, 0x2905, 0x2905, 0x3105, 0x3126, 0x3966, 0x4187,
    0x49A8, 0x59EA, 0x6A6B, 0x72AD, 0x728C, 0x59EA, 0x4167, 0x4147, 0x51A9, 0x6A4B, 0x726C, 0x59E9,
    0x4167, 0x4167, 0x4187, 0x49A8, 0x49C8, 0x4988, 0x51A9, 0x622A, 0x6A6C, 0x726C, 0x6A4B, 0x59EA,
    0x51A8, 0x4187, 0x4167, 0x4167, 0x49A8, 0x51C8, 0x51E9, 0x51C9, 0x51C9, 0x59E9, 0x59EA, 0x59E9,
    0x59EA, 0x59EA, 0x59EA, 0x59EA, 0x51A9, 0x4167, 0x3926, 0x3946, 0x3946, 0x3966, 0x3946, 0x3146,
    0x3125, 0x2905, 0x2905, 0x28E5, 0x3105, 0x3105, 0x2905, 0x28E5, 0x28E5, 0x2905, 0x3126, 0x3946,
    0x4187, 0x49A8, 0x49A8, 0x51C9, 0x5A09, 0x5A0A, 0x622B, 0x5A0A, 0x51EA, 0x51C9, 0x49A8, 0x4167,
    0x3947, 0x3926, 0x3946, 0x3926, 0x3946, 0x3946, 0x3946, 0x3946, 0x3926, 0x3126, 0x3126, 0x4167,
    0x49A8, 0x51C9, 0x51E9, 0x51C9, 0x51C9, 0x49A8, 0x49A8, 0x4187, 0x3967, 0x4167, 0x4187, 0x4167,
    0x4167, 0x4167, 0x4167, 0x4187, 0x4168, 0x4988, 0x4988, 0x4167, 0x4988, 0x49A8, 0x4988, 0x49A8,
    0x49A9, 0x49A8, 0x4988, 0x4187, 0x4167, 0x3946, 0x3946, 0x3946, 0x3947, 0x3947, 0x3126, 0x3125,
    0x3126, 0x3146, 0x3926, 0x4147, 0x72AD, 0x72AD, 0x72AD, 0x72AD, 0x72AD, 0x72AD, 0x72AD, 0x72AD,
    0x72AD, 0x72AD, 0x72AD, 0x72AD, 0x72AD, 0x72AD, 0x72AD, 0x72AD, 0x72AD, 0x72AD, 0x72AD, 0x72AD,
    0x728D, 0x728D, 0x726C, 0x6A6C, 0x6A6C, 0x6A6C, 0x6A4C, 0x6A6C, 0x6A4C, 0x622B, 0x622B, 0x620B,
    0x620B, 0x620B, 0x620B, 0x620B, 0x620B, 0x620A, 0x622B, 0x622B, 0x6A4C, 0x6A4C, 0x6A4C, 0x6A4C,
    0x6A6C, 0x624B, 0x51C9, 0x3926, 0x3106, 0x3146, 0x3966, 0x3946, 0x3946, 0x4147, 0x4988, 0x4988,
    0x4988, 0x49A8, 0x4988, 0x4167, 0x4167, 0x4167, 0x4167, 0x4187, 0x4187, 0x4187, 0x4187, 0x4187,
    0x4167, 0x4167, 0x4187, 0x4187, 0x4187, 0x3946, 0x30E5, 0x28E5, 0x3126, 0x3947, 0x4167, 0x49A8,
    0x59E9, 0x5A0A, 0x51E8, 0x49A8, 0x4187, 0x4988, 0x51E9, 0x51C9, 0x49C9, 0x41A8, 0x3967, 0x3946,
    0x3946, 0x4167, 0x49A8, 0x51C9, 0x51E9, 0x51C8, 0x51C9, 0x51C9, 0x51C9, 0x51C9, 0x51C9, 0x5A0A,
    0x5A0A, 0x5A0A, 0x5A0A, 0x5A0A, 0x59EA, 0x51A8, 0x4988, 0x4187, 0x4187, 0x4167, 0x4167, 0x4988,
    0x51A9, 0x51C9, 0x59EA, 0x620A, 0x622B, 0x622B, 0x622B, 0x622B, 0x5A0A, 0x5A2A, 0x624B, 0x622B,
    0x622A, 0x59EA, 0x51A9, 0x51A8, 0x4167, 0x3105, 0x28C4, 0x28E5, 0x2905, 0x2905, 0x2905, 0x3125,
    0x3126, 0x3125, 0x3105, 0x2905, 0x2905, 0x28E5, 0x28E4, 0x20C4, 0x28C4, 0x2905, 0x3946, 0x4187,
    0x49A8, 0x49A8, 0x49A8, 0x49A8, 0x49A8, 0x49C8, 0x49C8, 0x49A8, 0x4167, 0x4167, 0x4167, 0x4988,
    0x49A9, 0x51C9, 0x51C9, 0x51C9, 0x51C9, 0x51C9, 0x59EA, 0x5A0A, 0x59EA, 0x51E9, 0x51C9, 0x51C9,
    0x51EA, 0x59EA, 0x51EA, 0x51C9, 0x51C9, 0x51C9, 0x51C9, 0x59EA, 0x51EA, 0x51EA, 0x51EA, 0x59EA,
    0x5A0A, 0x5A0A, 0x5A0A, 0x5A0A, 0x5A0A, 0x59EA, 0x59EA, 0x4988, 0x49A8, 0x4187, 0x4187, 0x4167,
    0x3967, 0x3946, 0x3946, 0x3947, 0x4167, 0x4167, 0x4187, 0x4167, 0x4187, 0x49E9, 0x4187, 0x3926,
    0x3946, 0x3146, 0x3126, 0x3126, 0x3105, 0x3105, 0x3126, 0x3926, 0x3946, 0x3947, 0x3967, 0x3947,
    0x4147, 0x4167, 0x3967, 0x4167, 0x3967, 0x4167, 0x4167, 0x4167, 0x4167, 0x4167, 0x4167, 0x4167,
    0x3946, 0x3946, 0x3946, 0x3946, 0x3105, 0x28E5, 0x28E4, 0x28E5, 0x28E5, 0x28E5, 0x28E5, 0x28E5,
    0x28E5, 0x28E5, 0x2905, 0x2905, 0x20E4, 0x1883, 0x1062, 0x0862, 0x0862, 0x10A3, 0x2905, 0x2905,
    0x2905, 0x2905, 0x2905, 0x2905, 0x2905, 0x2905, 0x2905, 0x3105, 0x2905, 0x3105, 0x3125, 0x3125,
    0x3126, 0x3946, 0x4167, 0x4167, 0x4167, 0x4188, 0x51C9, 0x5A0A, 0x624B, 0x622B, 0x49A8, 0x4146,
    0x4967, 0x59EA, 0x6A6B, 0x622A, 0x49A8, 0x4167, 0x4187, 0x4187, 0x49A8, 0x4987, 0x4988, 0x59E9,
    0x5A0A, 0x61EA, 0x51C9, 0x4988, 0x4167, 0x4167, 0x4187, 0x4187, 0x4188, 0x4988, 0x4988, 0x4167,
    0x4167, 0x4167, 0x4147, 0x4147, 0x4147, 0x4147, 0x4147, 0x4147, 0x4147, 0x4147, 0x4167, 0x4167,
    0x4167, 0x4187, 0x4187, 0x4167, 0x3946, 0x3125, 0x2905, 0x28E5, 0x2905, 0x2905, 0x28E5, 0x28C4,
    0x28E4, 0x28E4, 0x2905, 0x3125, 0x3966, 0x3966, 0x3946, 0x49A8, 0x51E9, 0x5A0A, 0x622B, 0x620B,
    0x620B, 0x5A0A, 0x59EA, 0x51A9, 0x4188, 0x3926, 0x3926, 0x3926, 0x3926, 0x3946, 0x3946, 0x3967,
    0x3967, 0x3946, 0x3146, 0x4167, 0x4188, 0x4188, 0x49A8, 0x49A9, 0x49A9, 0x49A8, 0x49A8, 0x4187,
    0x4167, 0x4187, 0x4187, 0x4167, 0x4146, 0x3946, 0x3946, 0x3967, 0x4167, 0x4167, 0x4147, 0x3946,
    0x4167, 0x4167, 0x4188, 0x49A8, 0x49C9, 0x51C9, 0x49C9, 0x49A8, 0x4988, 0x4987, 0x4187, 0x4187,
    0x4988, 0x4167, 0x3926, 0x3946, 0x3926, 0x3926, 0x3926, 0x3926, 0x72AD, 0x72AD, 0x72AD, 0x72AD,
    0x72AD, 0x72AD, 0x72AD, 0x72AD, 0x72AD, 0x72AD, 0x7AAD, 0x72AD, 0x7AAD, 0x7AAD, 0x7AAD, 0x72AD,
    0x72AD, 0x728D, 0x728C, 0x728C, 0x6A6C, 0x6A6C, 0x6A6C, 0x6A4C, 0x6A4B, 0x6A4B, 0x6A2B, 0x6A4C,
    0x6A2B, 0x622B, 0x622B, 0x620B, 0x620B, 0x620B, 0x620B, 0x620B, 0x620B, 0x620A, 0x622B, 0x6A4C,
    0x6A4C, 0x6A4C, 0x6A4C, 0x6A4C, 0x59EA, 0x4167, 0x3926, 0x3105, 0x3105, 0x3146, 0x3146, 0x3946,
    0x4167, 0x4967, 0x5188, 0x51C9, 0x51C9, 0x51E9, 0x51C9, 0x49A8, 0x4188, 0x4167, 0x4167, 0x4187,
    0x4187, 0x4987, 0x4987, 0x4987, 0x4187, 0x4187, 0x4187, 0x4187, 0x4167, 0x3946, 0x3125, 0x28E5,
    0x2905, 0x4167, 0x51C9, 0x59EA, 0x622A, 0x624B, 0x5A2A, 0x51E9, 0x51A8, 0x51C9, 0x59E9, 0x51E9,
    0x49A8, 0x4167, 0x3926, 0x3947, 0x49A8, 0x59E9, 0x59E9, 0x5A09, 0x51E9, 0x51C9, 0x51C9, 0x51C9,
    0x51A9, 0x49A8, 0x51A8, 0x51C9, 0x5A0A, 0x5A0A, 0x59EA, 0x5A0A, 0x59EA, 0x51C9, 0x49A9, 0x51C9,
    0x51E9, 0x51E9, 0x51C9, 0x59EA, 0x622B, 0x620B, 0x622A, 0x622B, 0x6A4B, 0x624B, 0x624B, 0x622A,
    0x5A0A, 0x5A2A, 0x5A2A, 0x5A0A, 0x51C9, 0x51A8, 0x51A9, 0x620A, 0x5A0A, 0x4188, 0x3946, 0x3125,
    0x20C4, 0x2905, 0x28E5, 0x2905, 0x2905, 0x2905, 0x2905, 0x28E5, 0x2905, 0x3126, 0x3946, 0x4167,
    0x4187, 0x49A8, 0x51C9, 0x51E9, 0x51C8, 0x49A8, 0x4987, 0x4988, 0x4187, 0x4187, 0x4187, 0x4187,
    0x4167, 0x4167, 0x4167, 0x4988, 0x49C9, 0x51C9, 0x51C9, 0x51C9, 0x51C9, 0x51C9, 0x59EA, 0x59EA,
    0x59EA, 0x59EA, 0x51EA, 0x51EA, 0x59EA, 0x59EA, 0x59EA, 0x51C9, 0x51E9, 0x59EA, 0x59EA, 0x59EA,
    0x5A0A, 0x5A0A, 0x5A0A, 0x59EA, 0x5A0A, 0x5A0A, 0x5A0A, 0x5A0A, 0x5A0A, 0x59EA, 0x59EA, 0x51A9,
    0x49A8, 0x49A8, 0x49A8, 0x4187, 0x4167, 0x4167, 0x4167, 0x4167, 0x4187, 0x4187, 0x4188, 0x4187,
    0x4167, 0x4167, 0x3926, 0x3105, 0x3105, 0x3105, 0x3126, 0x3125, 0x3105, 0x3105, 0x3126, 0x3946,
    0x3947, 0x4147, 0x4167, 0x4987, 0x4988, 0x4188, 0x4167, 0x4167, 0x4167, 0x3967, 0x3967, 0x4167,
    0x4167, 0x4167, 0x4167, 0x4167, 0x3947, 0x3946, 0x3946, 0x3946, 0x3926, 0x3125, 0x3105, 0x28E5,
    0x28E5, 0x28E5, 0x28E5, 0x28E5, 0x28E5, 0x28E5, 0x2905, 0x28E5, 0x28E4, 0x20C3, 0x1062, 0x0841,
    0x0841, 0x1062, 0x2905, 0x3105, 0x2905, 0x2905, 0x2905, 0x2905, 0x2905, 0x2905, 0x3105, 0x3126,
    0x3926, 0x3946, 0x3946, 0x3946, 0x3967, 0x4167, 0x4167, 0x4187, 0x4167, 0x4167, 0x4167, 0x4988,
    0x49A9, 0x51A9, 0x4167, 0x4146, 0x4147, 0x4988, 0x51C9, 0x51E9, 0x49A8, 0x4187, 0x4187, 0x4187,
    0x4988, 0x4987, 0x4988, 0x49A8, 0x51A8, 0x5188, 0x4988, 0x4167, 0x3946, 0x4167, 0x4187, 0x4187,
    0x4167, 0x4168, 0x4167, 0x4167, 0x4167, 0x4167, 0x4167, 0x4167, 0x4167, 0x4167, 0x4167, 0x4167,
    0x4167, 0x4167, 0x4188, 0x4988, 0x4987, 0x4187, 0x4187, 0x4167, 0x4167, 0x3946, 0x3125, 0x2905,
    0x28E5, 0x28E5, 0x28E4, 0x28E4, 0x28E5, 0x2905, 0x2905, 0x2905, 0x3126, 0x3125, 0x3105, 0x3946,
    0x4188, 0x49A8, 0x51EA, 0x59EA, 0x620B, 0x620B, 0x620B, 0x5A0A, 0x59EA, 0x4988, 0x4147, 0x3946,
    0x3946, 0x3926, 0x3926, 0x3946, 0x3966, 0x3966, 0x3967, 0x4187, 0x4187, 0x4167, 0x4187, 0x4188,
    0x4188, 0x4167, 0x4167, 0x4167, 0x4167, 0x4167, 0x4167, 0x4167, 0x4167, 0x3947, 0x3967, 0x4147,
    0x4167, 0x4167, 0x3947, 0x3947, 0x4167, 0x4167, 0x4188, 0x4188, 0x4188, 0x49A8, 0x49A8, 0x49A8,
    0x49A8, 0x49A8, 0x49A8, 0x49C8, 0x49C9, 0x49A8, 0x4188, 0x4188, 0x4167, 0x4167, 0x4167, 0x3946,
    0x72AD, 0x728D, 0x728D, 0x728D, 0x728D, 0x7AAD, 0x7AAE, 0x7AAD, 0x7AAD, 0x7AAE, 0x7AAE, 0x7AAD,
    0x7AAD, 0x7AAD, 0x72AD, 0x72AD, 0x728C, 0x6A6C, 0x6A6C, 0x6A4C, 0x622B, 0x622B, 0x622B, 0x622B,
    0x620A, 0x620A, 0x622B, 0x622B, 0x6A2B, 0x6A2B, 0x6A2B, 0x620B, 0x620A, 0x620B, 0x620B, 0x620B,
    0x620B, 0x620B, 0x624B, 0x6A4C, 0x6A4C, 0x6A4C, 0x6A4C, 0x6A4B, 0x3926, 0x28A4, 0x28C5, 0x3105,
    0x3126, 0x3126, 0x3125, 0x3126, 0x4167, 0x49A8, 0x51A8, 0x59E9, 0x5A0A, 0x620B, 0x5A0A, 0x51C9,
    0x49A9, 0x4988, 0x4988, 0x4167, 0x4188, 0x4988, 0x4187, 0x4987, 0x4187, 0x4187, 0x4187, 0x4187,
    0x4167, 0x3967, 0x3946, 0x2905, 0x2905, 0x4988, 0x622B, 0x6A4B, 0x624B, 0x6A4B, 0x6A4B, 0x5A0A,
    0x59E9, 0x51C9, 0x51E9, 0x51A9, 0x4188, 0x3947, 0x3926, 0x4167, 0x620A, 0x6A4B, 0x620A, 0x51C9,
    0x4988, 0x4988, 0x4988, 0x4988, 0x4167, 0x4167, 0x4948, 0x51A9, 0x59EA, 0x5A0A, 0x59EA, 0x5A0A,
    0x59EA, 0x59EA, 0x5A0A, 0x622B, 0x6A6C, 0x6A6C, 0x6A4B, 0x6A6C, 0x6A6C, 0x6A2B, 0x6A2B, 0x6A4B,
    0x622B, 0x622B, 0x620A, 0x59EA, 0x5A0A, 0x5A0A, 0x5A0A, 0x51C9, 0x4968, 0x4968, 0x5A0A, 0x728C,
    0x6A6C, 0x622B, 0x5A0A, 0x4187, 0x28C4, 0x28E4, 0x28E4, 0x28E4, 0x28E5, 0x28E5, 0x28E4, 0x28E4,
    0x3926, 0x51C8, 0x5A0A, 0x5A0A, 0x622B, 0x5A2A, 0x5A0A, 0x5A0A, 0x51E9, 0x49A8, 0x4167, 0x3966,
    0x3946, 0x3946, 0x4167, 0x4167, 0x4187, 0x4987, 0x49A8, 0x49C8, 0x51E9, 0x51C8, 0x51C9, 0x51C9,
    0x51C9, 0x51C9, 0x59E9, 0x59EA, 0x5A0A, 0x5A0A, 0x5A0A, 0x5A0A, 0x59EA, 0x59EA, 0x59EA, 0x59EA,
    0x59EA, 0x59EA, 0x59EA, 0x59EA, 0x5A0A, 0x59EA, 0x59EA, 0x59EA, 0x5A0A, 0x5A0A, 0x5A0A, 0x5A0A,
    0x5A0A, 0x5A0A, 0x59EA, 0x51C9, 0x49C8, 0x49C8, 0x49C8, 0x4988, 0x4987, 0x4167, 0x4167, 0x4187,
    0x4187, 0x4187, 0x4187, 0x4187, 0x3946, 0x3105, 0x28E5, 0x2905, 0x2905, 0x2905, 0x2905, 0x3105,
    0x3105, 0x3105, 0x3125, 0x3946, 0x3946, 0x4147, 0x4188, 0x49A8, 0x49A9, 0x49A8, 0x4188, 0x4167,
    0x4167, 0x4147, 0x4147, 0x4147, 0x4147, 0x4167, 0x4167, 0x4167, 0x4167, 0x3947, 0x3946, 0x3946,
    0x3946, 0x3946, 0x3946, 0x3105, 0x2905, 0x2905, 0x28E5, 0x28E5, 0x28E5, 0x28E5, 0x28E5, 0x28E5,
    0x28E5, 0x28E4, 0x1062, 0x0841, 0x0841, 0x0862, 0x20E4, 0x3105, 0x3105, 0x2905, 0x2905, 0x2905,
    0x28E5, 0x3106, 0x3926, 0x4147, 0x4147, 0x4167, 0x4167, 0x4167, 0x4167, 0x4167, 0x4167, 0x4187,
    0x4187, 0x4167, 0x4167, 0x4147, 0x4147, 0x4167, 0x4167, 0x4147, 0x4167, 0x4988, 0x4988, 0x4988,
    0x4988, 0x4988, 0x49A8, 0x49A8, 0x49A8, 0x4988, 0x4988, 0x4988, 0x4988, 0x4968, 0x4988, 0x4187,
    0x4167, 0x4188, 0x4988, 0x4988, 0x4988, 0x4988, 0x4988, 0x49A8, 0x4988, 0x4988, 0x49A8, 0x49A8,
    0x49A8, 0x49A8, 0x49A8, 0x49A8, 0x49A8, 0x49A8, 0x51A9, 0x51C9, 0x49A8, 0x4188, 0x4167, 0x4167,
    0x4167, 0x4167, 0x3946, 0x3105, 0x28E4, 0x28E4, 0x28E4, 0x28E5, 0x2905, 0x3125, 0x3125, 0x2905,
    0x2905, 0x2905, 0x2905, 0x3105, 0x3126, 0x3946, 0x4988, 0x51C9, 0x5A0A, 0x620A, 0x622B, 0x6A2B,
    0x622B, 0x5A0A, 0x49A8, 0x4167, 0x4147, 0x3947, 0x3926, 0x3946, 0x3946, 0x3946, 0x3967, 0x3967,
    0x3967, 0x4167, 0x4167, 0x4187, 0x4187, 0x4167, 0x4167, 0x4167, 0x4187, 0x3946, 0x3946, 0x3967,
    0x4167, 0x4167, 0x4167, 0x4167, 0x4167, 0x4147, 0x3946, 0x4146, 0x4147, 0x4167, 0x4187, 0x4187,
    0x4167, 0x4167, 0x4187, 0x4187, 0x4187, 0x4187, 0x4187, 0x49C8, 0x51E9, 0x51E9, 0x51E9, 0x51C9,
    0x51C9, 0x49C9, 0x49A8, 0x4188, 0x7AAD, 0x728D, 0x728D, 0x728D, 0x72AD, 0x728D, 0x728D, 0x726C,
    0x6A6C, 0x6A6C, 0x6A6C, 0x6A4C, 0x624B, 0x622B, 0x622A, 0x620A, 0x622A, 0x620A, 0x620A, 0x620A,
    0x620A, 0x620B, 0x620B, 0x620B, 0x620A, 0x622A, 0x622B, 0x622B, 0x622B, 0x620B, 0x622B, 0x620A,
    0x59EA, 0x5A0A, 0x5A0A, 0x5A0A, 0x620B, 0x620B, 0x622B, 0x6A4C, 0x6A4C, 0x6A4C, 0x6A6C, 0x5A0A,
    0x30E5, 0x28C4, 0x28E5, 0x2905, 0x2905, 0x2905, 0x2905, 0x3126, 0x4147, 0x4988, 0x51A9, 0x59EA,
    0x622A, 0x622B, 0x622B, 0x5A0A, 0x51C9, 0x49C9, 0x49A8, 0x4988, 0x4188, 0x4188, 0x4187, 0x4187,
    0x4187, 0x4187, 0x4187, 0x4187, 0x4167, 0x3967, 0x3946, 0x2905, 0x3105, 0x49A8, 0x6A6C, 0x728C,
    0x6A4C, 0x622B, 0x622B, 0x5A0A, 0x59EA, 0x51C9, 0x51C9, 0x51C9, 0x51C9, 0x49A9, 0x49A8, 0x51C9,
    0x622B, 0x6A4B, 0x620A, 0x59C9, 0x51A9, 0x4988, 0x49A8, 0x49A8, 0x49A8, 0x4988, 0x51A9, 0x59CA,
    0x620A, 0x620A, 0x5A0A, 0x5A0A, 0x5A0A, 0x620A, 0x6A4B, 0x6A6C, 0x6A6C, 0x6A6C, 0x6A6C, 0x6A6C,
    0x6A4B, 0x622B, 0x622B, 0x622B, 0x5A0A, 0x5A0A, 0x51C9, 0x51A9, 0x49A8, 0x49A8, 0x49A9, 0x49A8,
    0x4988, 0x51C9, 0x622A, 0x6A6C, 0x726C, 0x726C, 0x6A6B, 0x59E9, 0x4167, 0x4187, 0x4167, 0x4167,
    0x4146, 0x4147, 0x4167, 0x4167, 0x51A8, 0x620A, 0x622A, 0x59E9, 0x51C9, 0x4988, 0x4187, 0x4167,
    0x4167, 0x4167, 0x3946, 0x3946, 0x3946, 0x4187, 0x4187, 0x4187, 0x4987, 0x49A8, 0x49C8, 0x51C9,
    0x51C8, 0x49C8, 0x51C8, 0x51C9, 0x51C9, 0x59E9, 0x59E9, 0x59EA, 0x5A0A, 0x5A0A, 0x5A0A, 0x5A0A,
    0x59EA, 0x59EA, 0x59EA, 0x59EA, 0x59EA, 0x61EA, 0x61EA, 0x61EA, 0x59EA, 0x59EA, 0x59EA, 0x59EA,
    0x5A0A, 0x5A0A, 0x59EA, 0x59EA, 0x5A0A, 0x5A0A, 0x59EA, 0x59EA, 0x51E9, 0x51C9, 0x51C9, 0x49A8,
    0x49A8, 0x4988, 0x4167, 0x3946, 0x3946, 0x3946, 0x3946, 0x3946, 0x3105, 0x2905, 0x2905, 0x2905,
    0x2905, 0x2905, 0x2905, 0x2905, 0x3105, 0x3105, 0x3105, 0x3126, 0x3946, 0x4167, 0x4188, 0x49A8,
    0x51C9, 0x51C9, 0x51C9, 0x4988, 0x49A8, 0x4988, 0x4167, 0x4167, 0x4147, 0x4167, 0x4167, 0x4167,
    0x4167, 0x4147, 0x4147, 0x4167, 0x3967, 0x4167, 0x3967, 0x3146, 0x3125, 0x2905, 0x28E4, 0x28E5,
    0x28E5, 0x28E5, 0x28E5, 0x28E5, 0x28E5, 0x28E5, 0x1883, 0x1062, 0x0842, 0x0862, 0x20C4, 0x2905,
    0x3105, 0x3105, 0x3105, 0x3106, 0x3106, 0x3926, 0x3947, 0x4167, 0x4167, 0x4167, 0x4167, 0x4167,
    0x4167, 0x4167, 0x4167, 0x4187, 0x4187, 0x4187, 0x4167, 0x4167, 0x4167, 0x4167, 0x4167, 0x4988,
    0x51C9, 0x51E9, 0x5A0A, 0x5A0A, 0x59EA, 0x59EA, 0x59EA, 0x59E9, 0x51E9, 0x51E9, 0x51E9, 0x51C9,
    0x51C9, 0x51C9, 0x51C9, 0x51A9, 0x51A9, 0x51C9, 0x51C9, 0x51C9, 0x51C9, 0x51C9, 0x51C9, 0x51C9,
    0x51C9, 0x51C9, 0x51C9, 0x51C9, 0x51C9, 0x51C9, 0x51C9, 0x51C9, 0x51C9, 0x51C9, 0x51C9, 0x49C8,
    0x49A8, 0x4988, 0x4167, 0x4167, 0x4168, 0x4167, 0x4167, 0x3926, 0x28E5, 0x28E4, 0x28E5, 0x28E5,
    0x2905, 0x2925, 0x2905, 0x28E5, 0x28E4, 0x28E5, 0x2905, 0x2905, 0x2905, 0x3125, 0x3967, 0x41A7,
    0x51C9, 0x59EA, 0x620B, 0x6A2B, 0x6A2B, 0x624C, 0x59EA, 0x49A8, 0x4167, 0x4167, 0x3946, 0x3946,
    0x3967, 0x3946, 0x3967, 0x3967, 0x3967, 0x3967, 0x3947, 0x4187, 0x4187, 0x4187, 0x4187, 0x4187,
    0x4187, 0x4167, 0x3926, 0x3946, 0x3946, 0x3946, 0x3946, 0x3946, 0x3967, 0x3946, 0x3947, 0x3946,
    0x3946, 0x4167, 0x4167, 0x4167, 0x4167, 0x4167, 0x4187, 0x4187, 0x4167, 0x4187, 0x4187, 0x49A8,
    0x49C8, 0x49C8, 0x49A8, 0x49A8, 0x49A9, 0x51C9, 0x49A9, 0x49A9, 0x7AAD, 0x7AAD, 0x7AAD, 0x728D,
    0x6A6C, 0x622B, 0x620A, 0x5A0A, 0x51C9, 0x49A8, 0x4988, 0x4988, 0x4988, 0x4988, 0x4988, 0x49A8,
    0x51C8, 0x51C9, 0x51C9, 0x5A0A, 0x5A0A, 0x622B, 0x622B, 0x622B, 0x622B, 0x622B, 0x620B, 0x620B,
    0x620B, 0x620B, 0x620A, 0x59EA, 0x51E9, 0x51E9, 0x51EA, 0x5A0A, 0x5A2B, 0x622B, 0x620B, 0x622B,
    0x6A4C, 0x6A6C, 0x6A6C, 0x4167, 0x28C4, 0x28C4, 0x20C4, 0x28E4, 0x2905, 0x2905, 0x2905, 0x3126,
    0x3926, 0x4167, 0x51A9, 0x5A0A, 0x622B, 0x6A2B, 0x6A6C, 0x622B, 0x59EA, 0x51C9, 0x49A8, 0x4988,
    0x4167, 0x4167, 0x4187, 0x4167, 0x4187, 0x4187, 0x4167, 0x4167, 0x4167, 0x3946, 0x3926, 0x2905,
    0x3105, 0x49A8, 0x726C, 0x7AAD, 0x726C, 0x620B, 0x59EA, 0x59C9, 0x51C9, 0x51A9, 0x51C9, 0x59EA,
    0x5A0A, 0x622B, 0x622B, 0x622B, 0x622B, 0x622A, 0x620A, 0x622B, 0x620A, 0x620A, 0x620A, 0x5A0A,
    0x5A0A, 0x622B, 0x622B, 0x622B, 0x622B, 0x620A, 0x5A0A, 0x59EA, 0x620A, 0x6A4B, 0x6A4B, 0x622B,
    0x622B, 0x624B, 0x624B, 0x622B, 0x620A, 0x5A0A, 0x59EA, 0x51E9, 0x51C9, 0x49A8, 0x4188, 0x3946,
    0x3926, 0x3926, 0x4167, 0x4188, 0x49A8, 0x51E9, 0x520A, 0x5A0A, 0x622B, 0x6A6C, 0x6A4B, 0x626B,
    0x624B, 0x624B, 0x624B, 0x622B, 0x59EA, 0x5A0A, 0x622B, 0x624B, 0x6A4B, 0x6A4B, 0x59E9, 0x4988,
    0x3126, 0x28E4, 0x20C4, 0x1863, 0x20A3, 0x28C4, 0x2905, 0x3967, 0x4187, 0x49A8, 0x49A8, 0x49C8,
    0x49A8, 0x49A8, 0x49A8, 0x49A8, 0x49A8, 0x49C8, 0x51C9, 0x51E9, 0x59E9, 0x59E9, 0x59E9, 0x59EA,
    0x59EA, 0x59EA, 0x59EA, 0x59EA, 0x59EA, 0x59EA, 0x61EA, 0x620A, 0x620A, 0x620A, 0x620A, 0x620A,
    0x59EA, 0x59EA, 0x59EA, 0x59EA, 0x59EA, 0x59EA, 0x59EA, 0x59EA, 0x59EA, 0x59EA, 0x59EA, 0x59EA,
    0x51E9, 0x51E9, 0x51E9, 0x51C8, 0x51C9, 0x49A8, 0x4167, 0x3105, 0x3105, 0x30E5, 0x2905, 0x2905,
    0x2905, 0x2905, 0x2905, 0x3105, 0x2925, 0x2925, 0x2905, 0x2905, 0x2925, 0x2905, 0x2905, 0x2905,
    0x3946, 0x4187, 0x4988, 0x4988, 0x51C9, 0x5A0A, 0x5A0A, 0x51C9, 0x51C9, 0x49C9, 0x4188, 0x4167,
    0x4167, 0x4147, 0x4167, 0x4167, 0x4167, 0x4187, 0x4187, 0x4167, 0x3966, 0x4167, 0x4167, 0x3946,
    0x3966, 0x3125, 0x28E5, 0x28E5, 0x28E5, 0x28E5, 0x28E5, 0x28E5, 0x28E5, 0x28E4, 0x20E4, 0x18A3,
    0x0841, 0x1042, 0x20A3, 0x2905, 0x3105, 0x3125, 0x3105, 0x3126, 0x3126, 0x3126, 0x3946, 0x3967,
    0x3947, 0x3946, 0x3946, 0x3946, 0x3966, 0x3967, 0x3967, 0x3967, 0x4167, 0x4187, 0x4187, 0x4187,
    0x4187, 0x4187, 0x4167, 0x51C9, 0x5A2A, 0x626B, 0x6A6C, 0x6A6C, 0x6A6C, 0x6A6C, 0x6A6B, 0x624B,
    0x624B, 0x624B, 0x622A, 0x622A, 0x622A, 0x622A, 0x5A0A, 0x5A2A, 0x5A0A, 0x5A0A, 0x5A0A, 0x5A0A,
    0x51EA, 0x51EA, 0x51E9, 0x51C9, 0x51C9, 0x51C9, 0x51C9, 0x51C9, 0x51C9, 0x51C9, 0x51C9, 0x51C9,
    0x51C9, 0x49C8, 0x49A8, 0x4988, 0x4188, 0x4168, 0x4167, 0x4167, 0x4167, 0x4187, 0x4187, 0x4167,
    0x3105, 0x28C4, 0x2905, 0x2905, 0x28E5, 0x28E5, 0x28E4, 0x20C4, 0x20A4, 0x28E4, 0x2905, 0x2925,
    0x2905, 0x28E4, 0x3105, 0x3946, 0x4167, 0x4988, 0x59EA, 0x622B, 0x622B, 0x6A4C, 0x622B, 0x51EA,
    0x49A8, 0x4167, 0x3947, 0x3967, 0x3967, 0x3946, 0x3967, 0x3967, 0x3967, 0x3967, 0x3947, 0x4167,
    0x4167, 0x4167, 0x4167, 0x4187, 0x4167, 0x3946, 0x3926, 0x3926, 0x3125, 0x3125, 0x3105, 0x3926,
    0x3946, 0x3967, 0x4167, 0x3967, 0x3946, 0x3967, 0x3967, 0x3967, 0x3967, 0x3967, 0x4187, 0x4187,
    0x4187, 0x49A8, 0x49A8, 0x49A8, 0x4988, 0x4167, 0x3946, 0x4147, 0x4167, 0x4187, 0x4988, 0x51C9,
    0x726C, 0x6A4B, 0x624B, 0x620A, 0x59EA, 0x51C8, 0x49A8, 0x4988, 0x4167, 0x4167, 0x3946, 0x3946,
    0x4167, 0x4187, 0x4987, 0x49A8, 0x49C8, 0x49A8, 0x51A9, 0x59E9, 0x59EA, 0x5A0A, 0x5A0A, 0x5A0A,
    0x5A0A, 0x5A0A, 0x5A0A, 0x5A0A, 0x5A0A, 0x5A0A, 0x5A0A, 0x59EA, 0x51E9, 0x51E9, 0x51E9, 0x59EA,
    0x5A0A, 0x620B, 0x620B, 0x622B, 0x6A6C, 0x6A6C, 0x5A0A, 0x3125, 0x28E4, 0x28E4, 0x28C4, 0x28E5,
    0x2905, 0x2905, 0x2905, 0x2905, 0x3126, 0x3947, 0x49A8, 0x59EA, 0x620A, 0x6A2B, 0x6A6C, 0x622B,
    0x59EA, 0x51C9, 0x49A8, 0x4168, 0x4167, 0x4167, 0x4167, 0x4167, 0x4167, 0x4167, 0x4167, 0x4167,
    0x3947, 0x3926, 0x3126, 0x2905, 0x3125, 0x4167, 0x622B, 0x728C, 0x6A4B, 0x620A, 0x59CA, 0x59C9,
    0x51C9, 0x51C9, 0x59EA, 0x5A0A, 0x622B, 0x622B, 0x622B, 0x622B, 0x622B, 0x622A, 0x622B, 0x622B,
    0x622B, 0x622B, 0x622B, 0x622B, 0x622B, 0x6A6C, 0x726C, 0x726C, 0x6A4C, 0x6A4B, 0x622B, 0x5A0A,
    0x620B, 0x622A, 0x622A, 0x620A, 0x620A, 0x5A0A, 0x5A0A, 0x51E9, 0x51C9, 0x49A8, 0x49A8, 0x4188,
    0x4167, 0x3946, 0x3126, 0x3105, 0x3105, 0x3105, 0x3946, 0x4187, 0x4187, 0x4187, 0x4188, 0x4187,
    0x4188, 0x51C9, 0x51C9, 0x49C8, 0x51E9, 0x51E9, 0x51E9, 0x5A2A, 0x5A0A, 0x622B, 0x6A2B, 0x6A2B,
    0x622B, 0x620A, 0x51A8, 0x4167, 0x3105, 0x20E4, 0x18A3, 0x1062, 0x1883, 0x20C4, 0x3125, 0x41A7,
    0x4188, 0x49A8, 0x49A8, 0x49A8, 0x49A8, 0x4988, 0x4988, 0x49A8, 0x49A8, 0x51C9, 0x51C9, 0x51E9,
    0x51E9, 0x59E9, 0x59E9, 0x59E9, 0x59EA, 0x59EA, 0x59EA, 0x59EA, 0x59EA, 0x59EA, 0x620A, 0x620A,
    0x620A, 0x59EA, 0x59EA, 0x620A, 0x620A, 0x59EA, 0x59EA, 0x59EB, 0x59EB, 0x59EB, 0x59EB, 0x59EB,
    0x59EB, 0x59EB, 0x59EA, 0x59EA, 0x59C9, 0x59E9, 0x51E9, 0x51C8, 0x51E9, 0x49A8, 0x4167, 0x3105,
    0x3105, 0x28E5, 0x2905, 0x2905, 0x2905, 0x2905, 0x2905, 0x2905, 0x2905, 0x2905, 0x2905, 0x2905,
    0x2925, 0x2925, 0x2905, 0x2905, 0x3126, 0x4167, 0x4167, 0x4988, 0x49C9, 0x5A0A, 0x5A0A, 0x59EA,
    0x51C9, 0x51C9, 0x4988, 0x4188, 0x4167, 0x4147, 0x4167, 0x4167, 0x4167, 0x4187, 0x4187, 0x4167,
    0x4167, 0x4167, 0x4167, 0x3947, 0x3946, 0x3125, 0x28E5, 0x28E4, 0x28E4, 0x28E5, 0x28E5, 0x28E5,
    0x28E4, 0x28E4, 0x28E5, 0x20C4, 0x1062, 0x1062, 0x18A3, 0x28E4, 0x3125, 0x3125, 0x3125, 0x3126,
    0x3126, 0x3126, 0x3126, 0x3926, 0x3946, 0x3946, 0x3946, 0x3946, 0x3946, 0x3946, 0x3946, 0x3946,
    0x3967, 0x3967, 0x4167, 0x4167, 0x4167, 0x4167, 0x4187, 0x49C8, 0x59E9, 0x622A, 0x624B, 0x6A4B,
    0x6A4B, 0x6A4B, 0x6A4B, 0x622B, 0x622A, 0x622A, 0x5A2A, 0x5A0A, 0x5A0A, 0x5A0A, 0x5A0A, 0x5A0A,
    0x5A0A, 0x51E9, 0x51E9, 0x51C9, 0x51C9, 0x51C9, 0x51A9, 0x49A8, 0x49A8, 0x49A8, 0x49A8, 0x4988,
    0x4988, 0x49A8, 0x49A8, 0x49A8, 0x49A8, 0x49A8, 0x4987, 0x4188, 0x4168, 0x4167, 0x4167, 0x4167,
    0x4167, 0x4187, 0x4187, 0x4167, 0x3105, 0x28E4, 0x2905, 0x2905, 0x28E4, 0x28E4, 0x28E4, 0x20C4,
    0x20C4, 0x28E4, 0x28E5, 0x2905, 0x28E5, 0x20C4, 0x28E5, 0x3105, 0x3926, 0x4167, 0x51C9, 0x59EA,
    0x5A0A, 0x622B, 0x622B, 0x622A, 0x51E9, 0x4988, 0x4167, 0x4167, 0x3947, 0x3946, 0x3946, 0x3947,
    0x3967, 0x3967, 0x3967, 0x4167, 0x4167, 0x4167, 0x3946, 0x3946, 0x3946, 0x3946, 0x3946, 0x3967,
    0x3967, 0x3946, 0x3926, 0x3126, 0x3926, 0x3946, 0x3946, 0x3967, 0x3946, 0x3946, 0x3967, 0x3967,
    0x3967, 0x3946, 0x4167, 0x4187, 0x4167, 0x4187, 0x4187, 0x4187, 0x4167, 0x4167, 0x3946, 0x4167,
    0x4167, 0x4167, 0x4167, 0x4988, 0x51A9, 0x4988, 0x4988, 0x4988, 0x4187, 0x4187, 0x4187, 0x4187,
    0x4187, 0x4187, 0x4187, 0x4187, 0x4187, 0x4187, 0x49A7, 0x49A8, 0x49A8, 0x49A8, 0x4987, 0x4988,
    0x49A8, 0x51E9, 0x51E9, 0x51E9, 0x51E9, 0x51E9, 0x5A09, 0x5A0A, 0x5A0A, 0x59EA, 0x59EA, 0x51E9,
    0x51C9, 0x51C9, 0x51C9, 0x59EA, 0x622A, 0x622B, 0x622B, 0x6A4B, 0x6A8C, 0x5A0A, 0x3926, 0x30E5,
    0x4167, 0x4187, 0x4187, 0x4187, 0x3105, 0x28E5, 0x2905, 0x2905, 0x3105, 0x3946, 0x4988, 0x59C9,
    0x59EA, 0x622B, 0x6A6C, 0x622B, 0x59EA, 0x51C9, 0x4988, 0x4167, 0x3947, 0x3947, 0x3946, 0x3946,
    0x3966, 0x3946, 0x3946, 0x3926, 0x3926, 0x3105, 0x3105, 0x2905, 0x2905, 0x30E5, 0x51C9, 0x6A4B,
    0x620A, 0x5A0A, 0x5A0A, 0x5A0A, 0x5A0A, 0x5A0A, 0x5A2A, 0x5A2A, 0x622B, 0x622B, 0x622A, 0x622B,
    0x5A2A, 0x622A, 0x622B, 0x622B, 0x620B, 0x620A, 0x622B, 0x624B, 0x6A4B, 0x6A6C, 0x726C, 0x6A6C,
    0x6A4C, 0x624B, 0x622B, 0x622B, 0x5A0A, 0x5A0A, 0x5A0A, 0x59E9, 0x51C9, 0x49A8, 0x4988, 0x4167,
    0x3947, 0x3126, 0x3126, 0x3106, 0x3105, 0x3105, 0x2905, 0x2905, 0x28E5, 0x2905, 0x3126, 0x3967,
    0x3946, 0x3126, 0x3125, 0x2905, 0x28E5, 0x28E5, 0x28E4, 0x28C4, 0x28E5, 0x3105, 0x3947, 0x4188,
    0x49C9, 0x51E9, 0x59E9, 0x51C9, 0x4988, 0x4167, 0x3105, 0x28E5, 0x20E4, 0x20C4, 0x20C4, 0x28E5,
    0x3126, 0x3966, 0x4187, 0x49A8, 0x49A8, 0x49A8, 0x4188, 0x4167, 0x4167, 0x4167, 0x49A8, 0x49C8,
    0x51C9, 0x51E9, 0x51E9, 0x51C9, 0x51C9, 0x51C9, 0x51C9, 0x59EA, 0x5A0A, 0x5A0A, 0x5A0A, 0x59EA,
    0x59EA, 0x59EA, 0x620A, 0x620A, 0x620A, 0x61EA, 0x59EA, 0x620A, 0x620A, 0x59EA, 0x59EA, 0x620B,
    0x620B, 0x620B, 0x620B, 0x620B, 0x620B, 0x620B, 0x620B, 0x59EA, 0x59CA, 0x59EA, 0x59E9, 0x51C9,
    0x51C8, 0x49A8, 0x4187, 0x4167, 0x3967, 0x3126, 0x2925, 0x2905, 0x28E5, 0x28E4, 0x20C4, 0x20C4,
    0x20C4, 0x20C4, 0x28E4, 0x2905, 0x2925, 0x2925, 0x2905, 0x2905, 0x3126, 0x3926, 0x4167, 0x4988,
    0x51C9, 0x51C9, 0x5A0A, 0x620A, 0x59EA, 0x59EA, 0x49A9, 0x4988, 0x4167, 0x4167, 0x4167, 0x4167,
    0x4167, 0x4167, 0x4167, 0x4167, 0x4167, 0x4167, 0x4167, 0x3947, 0x3946, 0x3125, 0x28E4, 0x28E5,
    0x28E5, 0x2905, 0x2905, 0x28E5, 0x28E5, 0x28E5, 0x2905, 0x28E5, 0x20C4, 0x20C4, 0x18A3, 0x18A3,
    0x28E4, 0x2905, 0x3126, 0x3126, 0x3126, 0x3126, 0x3105, 0x3105, 0x3105, 0x3125, 0x3125, 0x3105,
    0x3105, 0x3105, 0x3125, 0x3126, 0x3126, 0x3946, 0x3946, 0x3946, 0x4167, 0x4167, 0x4187, 0x4187,
    0x4988, 0x49A8, 0x51A9, 0x51C9, 0x51C9, 0x51C9, 0x51C8, 0x49A8, 0x4988, 0x49A8, 0x49A8, 0x49A8,
    0x49A8, 0x49A8, 0x49A8, 0x49A8, 0x49A8, 0x49A8, 0x4988, 0x4188, 0x4188, 0x4188, 0x4188, 0x4188,
    0x4188, 0x4188, 0x4167, 0x4167, 0x4167, 0x4167, 0x4188, 0x4167, 0x4167, 0x4167, 0x4167, 0x4187,
    0x4188, 0x4167, 0x4167, 0x4167, 0x4167, 0x4167, 0x4187, 0x4167, 0x3126, 0x2905, 0x2905, 0x2905,
    0x28E4, 0x28E4, 0x28E4, 0x28E4, 0x28E4, 0x28E4, 0x28E4, 0x28E4, 0x28E4, 0x28E5, 0x2905, 0x2905,
    0x3105, 0x3946, 0x41A8, 0x49A8, 0x51E9, 0x5A0A, 0x622A, 0x622B, 0x622B, 0x51E9, 0x51A8, 0x4988,
    0x4167, 0x3947, 0x3946, 0x3946, 0x3946, 0x3946, 0x3947, 0x3966, 0x3947, 0x3966, 0x3946, 0x3946,
    0x3946, 0x3946, 0x3946, 0x3967, 0x4167, 0x4187, 0x49A8, 0x4187, 0x3946, 0x3946, 0x3946, 0x3946,
    0x3946, 0x3946, 0x3946, 0x3946, 0x3967, 0x3967, 0x4167, 0x4167, 0x4167, 0x4167, 0x4167, 0x4167,
    0x3946, 0x4167, 0x4187, 0x4187, 0x4187, 0x4987, 0x4988, 0x4167, 0x4167, 0x4167, 0x4167, 0x4167,
    0x4167, 0x4167, 0x4187, 0x4167, 0x4187, 0x4187, 0x4187, 0x4187, 0x4167, 0x4167, 0x4167, 0x4167,
    0x4167, 0x4167, 0x4167, 0x4187, 0x4988, 0x49C8, 0x51C9, 0x51C9, 0x51C8, 0x51C9, 0x51E9, 0x51E9,
    0x59E9, 0x59E9, 0x59E9, 0x51C8, 0x51C8, 0x51C9, 0x51C9, 0x5A0A, 0x622A, 0x622B, 0x622B, 0x6A4B,
    0x6A6C, 0x51C9, 0x30E5, 0x3106, 0x49A8, 0x51E9, 0x624B, 0x5A09, 0x3946, 0x3105, 0x2905, 0x2905,
    0x2905, 0x3926, 0x4167, 0x51A8, 0x59EA, 0x622B, 0x6A4C, 0x620B, 0x51E9, 0x51C9, 0x4988, 0x4147,
    0x3946, 0x3946, 0x3946, 0x3966, 0x3966, 0x3966, 0x3126, 0x3105, 0x3105, 0x3105, 0x3105, 0x2905,
    0x2905, 0x28E4, 0x4168, 0x59EA, 0x51C9, 0x51C9, 0x51C9, 0x51C9, 0x51C9, 0x51EA, 0x520A, 0x5A0A,
    0x5A0A, 0x5A0A, 0x5A0A, 0x5A0A, 0x5A0A, 0x5A0A, 0x5A0A, 0x5A0A, 0x5A0A, 0x5A0A, 0x5A0A, 0x622B,
    0x6A2B, 0x6A4C, 0x6A4C, 0x622B, 0x620B, 0x5A0B, 0x5A0A, 0x59EA, 0x51C9, 0x51A9, 0x51A8, 0x49A8,
    0x4187, 0x3947, 0x3946, 0x3126, 0x3105, 0x28E5, 0x28E5, 0x28E5, 0x28E5, 0x2905, 0x2905, 0x2905,
    0x2905, 0x2905, 0x2905, 0x3126, 0x3126, 0x3105, 0x28E5, 0x20C4, 0x20C4, 0x20C4, 0x20C4, 0x20C4,
    0x28C4, 0x28E5, 0x3126, 0x3946, 0x4187, 0x4188, 0x4187, 0x4167, 0x3925, 0x30E5, 0x28C4, 0x20C4,
    0x28E5, 0x28E4, 0x28E5, 0x3946, 0x4187, 0x49A8, 0x49A8, 0x49A8, 0x49A8, 0x4168, 0x4167, 0x4167,
    0x4167, 0x4968, 0x49A8, 0x49C8, 0x49C8, 0x51C9, 0x51C9, 0x51C8, 0x51A9, 0x51C9, 0x51C9, 0x59EA,
    0x59EA, 0x59EA, 0x5A0A, 0x5A0A, 0x5A0A, 0x5A0A, 0x5A0A, 0x5A0A, 0x620A, 0x61EA, 0x59EA, 0x620A,
    0x5A0A, 0x59EA, 0x59EA, 0x620B, 0x620B, 0x620B, 0x620B, 0x620B, 0x620B, 0x620B, 0x620B, 0x61EA,
    0x59EA, 0x59EA, 0x59E9, 0x51C9, 0x49C8, 0x49A8, 0x4988, 0x4988, 0x4187, 0x3126, 0x2905, 0x2905,
    0x28E5, 0x28E5, 0x28C4, 0x20C4, 0x28E4, 0x28C4, 0x28E4, 0x2905, 0x2905, 0x2905, 0x2905, 0x2905,
    0x3125, 0x3125, 0x3946, 0x4187, 0x49C8, 0x51C9, 0x59EA, 0x620B, 0x620B, 0x622B, 0x51C9, 0x49A8,
    0x4988, 0x4188, 0x4167, 0x4167, 0x4167, 0x4187, 0x4187, 0x4187, 0x4167, 0x4167, 0x4167, 0x4147,
    0x3946, 0x3125, 0x28E5, 0x2905, 0x2905, 0x2905, 0x2905, 0x2905, 0x2905, 0x30E5, 0x3105, 0x3125,
    0x2905, 0x28E4, 0x20C4, 0x18A3, 0x28E4, 0x2905, 0x3126, 0x3126, 0x3106, 0x2905, 0x2905, 0x2905,
    0x2905, 0x2905, 0x2905, 0x2905, 0x28E5, 0x2905, 0x2905, 0x2905, 0x3105, 0x3946, 0x3946, 0x3946,
    0x3967, 0x4167, 0x4167, 0x4167, 0x4167, 0x4167, 0x4167, 0x4188, 0x4167, 0x4187, 0x4187, 0x4167,
    0x4167, 0x4167, 0x4167, 0x4167, 0x4167, 0x4167, 0x4167, 0x4167, 0x4167, 0x4187, 0x4167, 0x4167,
    0x4167, 0x4167, 0x4167, 0x4167, 0x4167, 0x4167, 0x4167, 0x4167, 0x4147, 0x4147, 0x4167, 0x4147,
    0x3946, 0x3946, 0x4167, 0x4187, 0x4188, 0x4167, 0x4167, 0x4167, 0x4167, 0x3967, 0x3966, 0x3946,
    0x3125, 0x2905, 0x28E5, 0x28E5, 0x28E4, 0x28E4, 0x28E4, 0x28E4, 0x28E4, 0x28E4, 0x28E4, 0x28E4,
    0x28E4, 0x28E5, 0x2905, 0x2905, 0x2905, 0x3125, 0x3966, 0x4187, 0x49A8, 0x59EA, 0x620A, 0x6A2B,
    0x6A4B, 0x622A, 0x5A0A, 0x51C9, 0x49A8, 0x49A8, 0x49A8, 0x4167, 0x3967, 0x3946, 0x3926, 0x3946,
    0x3946, 0x3946, 0x3946, 0x3947, 0x3947, 0x3947, 0x3947, 0x4167, 0x4187, 0x49A8, 0x51E9, 0x49C8,
    0x4187, 0x4167, 0x3947, 0x3946, 0x3926, 0x3926, 0x3926, 0x3946, 0x3946, 0x3946, 0x3966, 0x4167,
    0x4167, 0x3967, 0x3967, 0x3967, 0x3946, 0x3946, 0x4167, 0x4187, 0x4187, 0x49A7, 0x49A8, 0x4188,
    0x4188, 0x4188, 0x4187, 0x4187, 0x4188, 0x4187, 0x4167, 0x3967, 0x3967, 0x3967, 0x3967, 0x3946,
    0x3926, 0x3946, 0x3946, 0x3946, 0x3946, 0x3946, 0x4167, 0x4187, 0x49A8, 0x49A8, 0x49A8, 0x49A8,
    0x51C8, 0x51C9, 0x51E9, 0x51E9, 0x51E9, 0x51C9, 0x51C9, 0x51C8, 0x51E9, 0x51E9, 0x59EA, 0x620A,
    0x620B, 0x620B, 0x620B, 0x6A4B, 0x6A4B, 0x51C9, 0x3947, 0x4188, 0x49A8, 0x51C9, 0x622B, 0x624B,
    0x59EA, 0x3946, 0x3105, 0x2905, 0x2905, 0x3126, 0x3946, 0x4988, 0x51E9, 0x5A0B, 0x620B, 0x5A0A,
    0x51C9, 0x49C8, 0x4187, 0x3947, 0x3946, 0x3126, 0x3946, 0x3946, 0x3946, 0x3146, 0x2905, 0x2905,
    0x2905, 0x2905, 0x2905, 0x2905, 0x2905, 0x20C4, 0x3126, 0x3967, 0x3947, 0x4147, 0x4167, 0x4187,
    0x49A8, 0x49A8, 0x49C9, 0x51C9, 0x51C9, 0x51C9, 0x51C9, 0x51C9, 0x51C9, 0x51E9, 0x51EA, 0x51EA,
    0x59EA, 0x51EA, 0x5A0A, 0x5A0A, 0x5A0A, 0x620B, 0x620B, 0x59EA, 0x59EA, 0x51C9, 0x51A9, 0x4988,
    0x4167, 0x3947, 0x3946, 0x3126, 0x2905, 0x2905, 0x2905, 0x2905, 0x2905, 0x2905, 0x2905, 0x2905,
    0x2905, 0x2905, 0x2905, 0x2905, 0x2905, 0x2905, 0x2905, 0x2905, 0x2905, 0x28E5, 0x28E4, 0x3105,
    0x3946, 0x3946, 0x3966, 0x3967, 0x3967, 0x3966, 0x3967, 0x3966, 0x3946, 0x3946, 0x3126, 0x3125,
    0x3125, 0x3125, 0x3126, 0x3946, 0x4167, 0x4167, 0x4167, 0x4987, 0x49A8, 0x49A8, 0x49A8, 0x4988,
    0x4168, 0x4167, 0x4988, 0x4988, 0x4988, 0x49A8, 0x49C8, 0x49C8, 0x49C8, 0x49C8, 0x51C8, 0x51C8,
    0x51C9, 0x51C9, 0x51C9, 0x51C9, 0x59C9, 0x59E9, 0x59EA, 0x5A0A, 0x5A0A, 0x5A0A, 0x5A0A, 0x5A0A,
    0x5A0A, 0x5A0A, 0x59EA, 0x620B, 0x620B, 0x620B, 0x620B, 0x620B, 0x620B, 0x620B, 0x620B, 0x620B,
    0x620B, 0x620B, 0x620B, 0x620B, 0x59EA, 0x5A0A, 0x59EA, 0x51C9, 0x49A8, 0x49A8, 0x4988, 0x4988,
    0x4187, 0x3105, 0x28E4, 0x28E4, 0x2905, 0x28E5, 0x3926, 0x4167, 0x4187, 0x4187, 0x3946, 0x2905,
    0x2905, 0x2905, 0x2905, 0x2905, 0x2905, 0x3105, 0x3126, 0x3967, 0x49A7, 0x51C9, 0x59EA, 0x620A,
    0x622B, 0x6A2B, 0x5A0A, 0x51E9, 0x51C9, 0x49A8, 0x4188, 0x4167, 0x4167, 0x4167, 0x4167, 0x4187,
    0x4167, 0x4167, 0x4167, 0x4167, 0x3946, 0x3126, 0x3126, 0x3125, 0x2905, 0x28E5, 0x2905, 0x2905,
    0x2905, 0x3105, 0x3105, 0x2905, 0x2905, 0x2905, 0x2905, 0x28E5, 0x2905, 0x3125, 0x2905, 0x2905,
    0x2905, 0x2905, 0x2905, 0x2905, 0x2905, 0x2905, 0x2905, 0x2905, 0x2905, 0x2905, 0x2905, 0x2905,
    0x2905, 0x2905, 0x3105, 0x3125, 0x3126, 0x3946, 0x3946, 0x3946, 0x3947, 0x3967, 0x3967, 0x3967,
    0x4167, 0x3967, 0x3966, 0x3967, 0x3967, 0x4167, 0x3946, 0x3946, 0x3967, 0x3947, 0x3967, 0x3967,
    0x3966, 0x3946, 0x3126, 0x3126, 0x3126, 0x3946, 0x3946, 0x3946, 0x3946, 0x3946, 0x3946, 0x3946,
    0x3946, 0x3946, 0x3946, 0x3146, 0x3126, 0x3946, 0x4167, 0x4187, 0x4188, 0x4188, 0x4167, 0x3926,
    0x3906, 0x3105, 0x2905, 0x2905, 0x2905, 0x20E4, 0x18C4, 0x20C4, 0x20E4, 0x28E5, 0x28E5, 0x28E4,
    0x20C4, 0x28E4, 0x28E4, 0x28E4, 0x28E4, 0x28E4, 0x28E5, 0x2905, 0x3125, 0x2905, 0x2905, 0x3946,
    0x4187, 0x51C9, 0x59EA, 0x620A, 0x622B, 0x5A2B, 0x5A0A, 0x59EA, 0x51C9, 0x51C9, 0x51C9, 0x49A8,
    0x4188, 0x4167, 0x3947, 0x4147, 0x3947, 0x3927, 0x3927, 0x3927, 0x3947, 0x3947, 0x4167, 0x4168,
    0x4188, 0x4988, 0x49C8, 0x49C8, 0x49C8, 0x49A8, 0x49A8, 0x4988, 0x4987, 0x4988, 0x4167, 0x3946,
    0x3946, 0x3926, 0x3946, 0x3946, 0x3946, 0x3946, 0x3947, 0x3947, 0x3947, 0x3967, 0x4167, 0x4187,
    0x4187, 0x4187, 0x49A8, 0x4187, 0x4187, 0x4187, 0x4187, 0x4187, 0x4187, 0x4187, 0x3967, 0x3946,
    0x3946, 0x3946, 0x3126, 0x3126, 0x3126, 0x3126, 0x3126, 0x3946, 0x3946, 0x3946, 0x3967, 0x4187,
    0x4187, 0x4187, 0x4987, 0x4987, 0x49A8, 0x49A8, 0x49C8, 0x51C8, 0x51C8, 0x51C8, 0x49C8, 0x51C8,
    0x51E9, 0x59E9, 0x5A0A, 0x620A, 0x620B, 0x620B, 0x622B, 0x6A4B, 0x622B, 0x51C9, 0x49A8, 0x49A8,
    0x49A8, 0x4988, 0x51C9, 0x622B, 0x6A4C, 0x51A9, 0x3926, 0x3105, 0x2905, 0x3125, 0x3146, 0x4187,
    0x51C9, 0x51EA, 0x59EA, 0x51EA, 0x49A9, 0x49A8, 0x4187, 0x3967, 0x3146, 0x3126, 0x3126, 0x3146,
    0x3126, 0x3125, 0x2905, 0x2905, 0x2905, 0x2905, 0x2905, 0x2905, 0x28E5, 0x20A4, 0x28E5, 0x2905,
    0x28E5, 0x3105, 0x3105, 0x3126, 0x3946, 0x3966, 0x3967, 0x4167, 0x4167, 0x4187, 0x4187, 0x4188,
    0x4188, 0x49A8, 0x49A8, 0x49A8, 0x49C9, 0x49C9, 0x51E9, 0x51E9, 0x51C9, 0x49C9, 0x49C9, 0x49A8,
    0x4188, 0x4167, 0x4167, 0x3946, 0x3105, 0x2905, 0x28E4, 0x20C4, 0x20A4, 0x20C4, 0x28E5, 0x28E5,
    0x2905, 0x2905, 0x2905, 0x2905, 0x2905, 0x2905, 0x2905, 0x2905, 0x2905, 0x2905, 0x2905, 0x28E5,
    0x28E4, 0x28E4, 0x28E5, 0x3126, 0x4187, 0x49A8, 0x49A8, 0x49A8, 0x49A8, 0x41A8, 0x41A8, 0x4187,
    0x3126, 0x3126, 0x3125, 0x3126, 0x3146, 0x3966, 0x3967, 0x4187, 0x49A8, 0x49A8, 0x49A8, 0x49A8,
    0x49A8, 0x49A8, 0x4988, 0x4187, 0x4167, 0x4188, 0x4988, 0x49A8, 0x49A8, 0x51C8, 0x49A8, 0x49A8,
    0x49A8, 0x49A8, 0x49A8, 0x49C8, 0x51C8, 0x51C9, 0x51C9, 0x51C9, 0x51E9, 0x59EA, 0x5A0A, 0x5A0A,
    0x5A0A, 0x5A0A, 0x5A0A, 0x5A0A, 0x5A0A, 0x5A0A, 0x620B, 0x620B, 0x620B, 0x620B, 0x620B, 0x620B,
    0x622B, 0x620B, 0x620B, 0x620B, 0x620B, 0x620B, 0x622B, 0x620B, 0x59EA, 0x59EA, 0x59EA, 0x51E9,
    0x49A8, 0x49A8, 0x49A8, 0x49A8, 0x4187, 0x28E5, 0x28E4, 0x28E4, 0x2905, 0x3946, 0x4988, 0x51E9,
    0x51E9, 0x51C9, 0x4987, 0x3966, 0x3105, 0x2905, 0x2905, 0x2905, 0x2905, 0x3105, 0x3105, 0x3946,
    0x4187, 0x49A8, 0x59EA, 0x620B, 0x622B, 0x6A2B, 0x620B, 0x620B, 0x59EA, 0x49A9, 0x4988, 0x4167,
    0x4167, 0x4167, 0x4167, 0x4167, 0x4167, 0x4167, 0x4167, 0x4167, 0x3946, 0x3946, 0x3946, 0x3125,
    0x3105, 0x3105, 0x3105, 0x3126, 0x3105, 0x2905, 0x2905, 0x2905, 0x2925, 0x2905, 0x3105, 0x3125,
    0x3125, 0x3125, 0x2905, 0x2905, 0x2905, 0x2905, 0x2905, 0x2905, 0x2905, 0x2905, 0x2905, 0x2905,
    0x2905, 0x2905, 0x2905, 0x28E5, 0x28E4, 0x28E4, 0x28E5, 0x28E5, 0x2905, 0x3105, 0x3126, 0x3126,
    0x3146, 0x3946, 0x3946, 0x3946, 0x3946, 0x3966, 0x3966, 0x3967, 0x3967, 0x4167, 0x3967, 0x3946,
    0x3926, 0x3946, 0x3946, 0x3947, 0x3146, 0x3105, 0x3105, 0x3105, 0x3105, 0x3125, 0x3125, 0x3125,
    0x3126, 0x3126, 0x3126, 0x3126, 0x3125, 0x3125, 0x3125, 0x3125, 0x3125, 0x3926, 0x4167, 0x4187,
    0x4187, 0x4188, 0x4167, 0x3106, 0x30E5, 0x3105, 0x28E5, 0x28E5, 0x28E4, 0x20C4, 0x18A3, 0x18A3,
    0x20E4, 0x2905, 0x28E5, 0x28E5, 0x20C4, 0x28E5, 0x28E5, 0x28E4, 0x28E4, 0x28E4, 0x28E4, 0x2905,
    0x2925, 0x2905, 0x28E5, 0x3125, 0x3946, 0x4187, 0x51C9, 0x59EA, 0x59EA, 0x51EA, 0x51C9, 0x51A9,
    0x51A9, 0x51A9, 0x49A9, 0x49C8, 0x49A8, 0x49A8, 0x4988, 0x4988, 0x4167, 0x3947, 0x3927, 0x3927,
    0x3947, 0x3947, 0x4167, 0x4168, 0x4167, 0x4988, 0x49A8, 0x49A8, 0x49C8, 0x49C8, 0x49A8, 0x49A8,
    0x49A8, 0x49A8, 0x49A8, 0x4187, 0x4167, 0x3947, 0x3947, 0x3947, 0x3947, 0x3947, 0x3947, 0x3947,
    0x3947, 0x4167, 0x4168, 0x4167, 0x4187, 0x4187, 0x4187, 0x4187, 0x3966, 0x3926, 0x3126, 0x3946,
    0x3946, 0x3946, 0x3946, 0x3946, 0x3946, 0x3946, 0x3146, 0x3126, 0x3146, 0x3946, 0x3946, 0x3967,
    0x3967, 0x3967, 0x4187, 0x4187, 0x4187, 0x4187, 0x4187, 0x4187, 0x49A8, 0x4187, 0x49A8, 0x49C8,
    0x49C8, 0x49C8, 0x51C8, 0x51E9, 0x5A09, 0x5A0A, 0x620A, 0x622B, 0x6A2B, 0x6A2B, 0x6A2B, 0x6A4B,
    0x5A0A, 0x51C9, 0x51A9, 0x4187, 0x4167, 0x4147, 0x4168, 0x59EA, 0x6A4C, 0x624B, 0x4188, 0x3105,
    0x2905, 0x3126, 0x3146, 0x3967, 0x49A8, 0x49C9, 0x49C9, 0x49C9, 0x49A8, 0x4187, 0x3967, 0x3946,
    0x3106, 0x3105, 0x2906, 0x2926, 0x3125, 0x2905, 0x2905, 0x2905, 0x2905, 0x2905, 0x2905, 0x2905,
    0x28E5, 0x2083, 0x20A4, 0x28E4, 0x28E4, 0x28E4, 0x28E5, 0x28E5, 0x20E4, 0x20C4, 0x20C4, 0x20C4,
    0x28E4, 0x2905, 0x3105, 0x3105, 0x3105, 0x3105, 0x3106, 0x3126, 0x3946, 0x3947, 0x3947, 0x3967,
    0x3946, 0x3126, 0x3105, 0x28E5, 0x20A4, 0x20C4, 0x28E5, 0x28E4, 0x28C4, 0x20E4, 0x20E4, 0x20E4,
    0x20C4, 0x20E4, 0x28E5, 0x28E5, 0x28E4, 0x28E5, 0x2905, 0x2905, 0x2905, 0x2905, 0x2905, 0x2905,
    0x2905, 0x2905, 0x2905, 0x2905, 0x28E5, 0x28E5, 0x28E5, 0x3105, 0x4187, 0x4187, 0x4187, 0x4187,
    0x4187, 0x4187, 0x4187, 0x3967, 0x3946, 0x3946, 0x3966, 0x3967, 0x4187, 0x41A8, 0x41A7, 0x4187,
    0x4187, 0x4187, 0x4167, 0x4167, 0x4167, 0x4187, 0x4187, 0x4187, 0x4988, 0x4988, 0x49A8, 0x49A8,
    0x49A8, 0x49A8, 0x4988, 0x4187, 0x4167, 0x4167, 0x4187, 0x4988, 0x49A8, 0x49A8, 0x51A8, 0x51C9,
    0x51E9, 0x59EA, 0x5A0A, 0x5A0A, 0x5A0A, 0x5A0A, 0x5A0A, 0x5A0A, 0x5A0A, 0x5A0A, 0x620B, 0x620B,
    0x620B, 0x620B, 0x620B, 0x620B, 0x622B, 0x622B, 0x622B, 0x622B, 0x622B, 0x620B, 0x622B, 0x620B,
    0x5A0B, 0x59EA, 0x59EA, 0x59E9, 0x51C8, 0x49C8, 0x49A8, 0x49A8, 0x4187, 0x2905, 0x28E4, 0x2905,
    0x3966, 0x49C8, 0x51C9, 0x51E9, 0x51E9, 0x51C9, 0x59E9, 0x51E9, 0x4187, 0x3126, 0x28C4, 0x2905,
    0x2905, 0x2905, 0x2905, 0x3105, 0x3946, 0x4988, 0x51E9, 0x5A0A, 0x622B, 0x622B, 0x622B, 0x622B,
    0x5A0A, 0x51A9, 0x4988, 0x4167, 0x4167, 0x4167, 0x4167, 0x4167, 0x4167, 0x4167, 0x4167, 0x4167,
    0x3946, 0x3946, 0x3966, 0x3146, 0x3126, 0x3966, 0x3967, 0x3967, 0x3946, 0x3126, 0x3126, 0x3146,
    0x3126, 0x3105, 0x2905, 0x2905, 0x2905, 0x3125, 0x2925, 0x2905, 0x2905, 0x2905, 0x2905, 0x2905,
    0x2905, 0x2905, 0x2905, 0x28E5, 0x2905, 0x2905, 0x3126, 0x3146, 0x3946, 0x3946, 0x3966, 0x3967,
    0x3967, 0x3126, 0x3105, 0x2905, 0x2905, 0x3125, 0x3125, 0x3125, 0x3146, 0x3966, 0x3967, 0x4187,
    0x4187, 0x4167, 0x3967, 0x3947, 0x3126, 0x3126, 0x3126, 0x3106, 0x3946, 0x3966, 0x3967, 0x4187,
    0x3967, 0x3126, 0x3105, 0x3105, 0x3106, 0x3106, 0x3126, 0x3126, 0x3126, 0x3125, 0x2925, 0x3126,
    0x3946, 0x3947, 0x4167, 0x4188, 0x4187, 0x4188, 0x4187, 0x3947, 0x4167, 0x49C9, 0x41A8, 0x3125,
    0x28E4, 0x20E4, 0x18A3, 0x18A3, 0x20E4, 0x2905, 0x28E5, 0x28E5, 0x28E5, 0x28E5, 0x28E5, 0x28E4,
    0x28E4, 0x28E4, 0x28E4, 0x28E5, 0x28E5, 0x2905, 0x28E5, 0x2905, 0x3105, 0x3946, 0x41A8, 0x49A8,
    0x51C9, 0x51E9, 0x51C9, 0x49A9, 0x49A8, 0x4988, 0x49A8, 0x49A8, 0x49A8, 0x49A8, 0x49A8, 0x49A8,
    0x4188, 0x4167, 0x4147, 0x4147, 0x4167, 0x4167, 0x4147, 0x4147, 0x4167, 0x4187, 0x4187, 0x4188,
    0x4188, 0x4188, 0x4988, 0x4988, 0x4988, 0x49A8, 0x49C8, 0x49A8, 0x49A8, 0x4988, 0x4188, 0x4167,
    0x3947, 0x3947, 0x3947, 0x3947, 0x4147, 0x4167, 0x4167, 0x4167, 0x4167, 0x4167, 0x4167, 0x4167,
    0x3126, 0x3105, 0x3105, 0x3105, 0x3125, 0x3126, 0x3146, 0x3946, 0x3946, 0x3946, 0x3946, 0x3946,
    0x3947, 0x4167, 0x4167, 0x4167, 0x4167, 0x4187, 0x4167, 0x4167, 0x4187, 0x4187, 0x4187, 0x4187,
    0x4187, 0x4167, 0x4187, 0x49C8, 0x49C8, 0x49C8, 0x51E9, 0x5209, 0x5A0A, 0x5A0A, 0x622B, 0x622B,
    0x6A4C, 0x6A4C, 0x6A2B, 0x622B, 0x59EA, 0x51C9, 0x51C9, 0x4167, 0x4147, 0x4147, 0x4147, 0x51A9,
    0x624B, 0x6AAC, 0x51C9, 0x3105, 0x2905, 0x3125, 0x3125, 0x3946, 0x4187, 0x41A8, 0x4188, 0x49A8,
    0x4188, 0x3967, 0x3946, 0x3126, 0x28E5, 0x2905, 0x2905, 0x2905, 0x2905, 0x2905, 0x2905, 0x2905,
    0x2905, 0x2905, 0x2905, 0x2905, 0x28E4, 0x18A3, 0x20A4, 0x20E4, 0x20E4, 0x20C4, 0x20C4, 0x18C4,
    0x18A3, 0x1083, 0x1083, 0x18A3, 0x18A3, 0x20C4, 0x20C4, 0x20C4, 0x20C4, 0x20A4, 0x20C4, 0x20C4,
    0x28E4, 0x28C5, 0x28E5, 0x28E5, 0x28E4, 0x20C4, 0x18A3, 0x1883, 0x1062, 0x1883, 0x20A3, 0x20C4,
    0x20C4, 0x20E4, 0x20E4, 0x20E5, 0x20E4, 0x20E4, 0x20E4, 0x20E4, 0x20E4, 0x28E4, 0x28E5, 0x2905,
    0x2905, 0x2905, 0x2905, 0x2905, 0x2905, 0x2905, 0x2905, 0x2905, 0x2905, 0x2905, 0x28E5, 0x3105,
    0x4187, 0x4187, 0x4187, 0x4187, 0x4167, 0x4167, 0x4167, 0x4167, 0x3967, 0x4187, 0x41A7, 0x41A8,
    0x49A8, 0x49C8, 0x4187, 0x4187, 0x4167, 0x4167, 0x4147, 0x4147, 0x4147, 0x4168, 0x4188, 0x4988,
    0x49A8, 0x49A8, 0x49A8, 0x49A8, 0x49A8, 0x4988, 0x4967, 0x4167, 0x4147, 0x4147, 0x4167, 0x4988,
    0x4988, 0x49A8, 0x49C9, 0x51C9, 0x51E9, 0x59EA, 0x5A0A, 0x5A0A, 0x5A0A, 0x5A0A, 0x5A0A, 0x5A0A,
    0x5A0A, 0x59EA, 0x5A0A, 0x620B, 0x620B, 0x620B, 0x620B, 0x620B, 0x622B, 0x624B, 0x6A4C, 0x6A4B,
    0x622B, 0x620B, 0x622B, 0x620B, 0x5A0A, 0x5A0A, 0x59EA, 0x59E9, 0x51E9, 0x51C9, 0x49A8, 0x49A8,
    0x4167, 0x2905, 0x28E4, 0x3126, 0x49A8, 0x51E9, 0x51C9, 0x51C9, 0x49A9, 0x51C9, 0x5A0A, 0x622B,
    0x59EA, 0x4167, 0x28C5, 0x28E4, 0x2905, 0x2905, 0x2905, 0x28E5, 0x3926, 0x4167, 0x49A8, 0x51E9,
    0x5A0A, 0x622B, 0x6A4B, 0x622B, 0x5A0A, 0x51C9, 0x4988, 0x4167, 0x4167, 0x4167, 0x4167, 0x4167,
    0x4167, 0x4167, 0x4167, 0x4167, 0x3967, 0x3946, 0x3966, 0x3966, 0x3146, 0x3967, 0x4187, 0x4187,
    0x4167, 0x3967, 0x3967, 0x4167, 0x3146, 0x3105, 0x3125, 0x2905, 0x2905, 0x2905, 0x2925, 0x2905,
    0x2905, 0x2905, 0x2905, 0x2905, 0x2905, 0x2905, 0x2905, 0x28E5, 0x2905, 0x3126, 0x3947, 0x4167,
    0x4187, 0x49A8, 0x49C8, 0x49C8, 0x49C8, 0x4167, 0x3926, 0x3926, 0x3125, 0x2905, 0x2905, 0x2905,
    0x3146, 0x3966, 0x4167, 0x4187, 0x4187, 0x4167, 0x3967, 0x3946, 0x3106, 0x3906, 0x3926, 0x3906,
    0x4147, 0x49C8, 0x51E9, 0x5A0A, 0x5A09, 0x4988, 0x4147, 0x3947, 0x3947, 0x3947, 0x3947, 0x3127,
    0x3126, 0x2925, 0x2925, 0x3146, 0x3967, 0x4167, 0x4187, 0x4188, 0x4167, 0x4188, 0x4187, 0x4167,
    0x49C9, 0x5A4A, 0x5209, 0x3946, 0x28E5, 0x28E5, 0x20C4, 0x18A3, 0x20C4, 0x28E5, 0x28E4, 0x2905,
    0x2905, 0x2905, 0x28E5, 0x28E5, 0x28E4, 0x28E4, 0x28E5, 0x28E4, 0x20E4, 0x28E5, 0x2905, 0x28E4,
    0x28E5, 0x3126, 0x4167, 0x4188, 0x49A8, 0x51C9, 0x51C9, 0x49A9, 0x49A8, 0x4988, 0x4988, 0x4988,
    0x4988, 0x4188, 0x4188, 0x4188, 0x4988, 0x4988, 0x4167, 0x4167, 0x4168, 0x4168, 0x4168, 0x4167,
    0x4168, 0x4187, 0x4187, 0x4167, 0x4167, 0x4167, 0x4167, 0x4187, 0x4988, 0x4988, 0x49A8, 0x49A8,
    0x49A8, 0x49A8, 0x49A8, 0x4188, 0x4167, 0x4147, 0x4147, 0x4147, 0x4167, 0x4147, 0x3947, 0x4147,
    0x4167, 0x3967, 0x3966, 0x3967, 0x3126, 0x3126, 0x3926, 0x3126, 0x3946, 0x3946, 0x3967, 0x4167,
    0x4187, 0x4187, 0x4187, 0x4187, 0x4987, 0x4187, 0x4987, 0x4187, 0x4987, 0x4187, 0x4167, 0x4167,
    0x4167, 0x3967, 0x3967, 0x3967, 0x3946, 0x3946, 0x3967, 0x4187, 0x49A8, 0x49C8, 0x51E9, 0x59EA,
    0x5A0A, 0x622A, 0x622B, 0x6A2B, 0x6A4C, 0x6A4C, 0x6A2B, 0x622B, 0x5A0A, 0x59CA, 0x59EA, 0x49A9,
    0x49A8, 0x4168, 0x3947, 0x4968, 0x622A, 0x6A8C, 0x51E9, 0x3926, 0x2905, 0x3125, 0x3125, 0x3126,
    0x3967, 0x4187, 0x4188, 0x4188, 0x3967, 0x3946, 0x3126, 0x2905, 0x28E5, 0x2905, 0x2905, 0x2905,
    0x2905, 0x2905, 0x2905, 0x2905, 0x2905, 0x2905, 0x2905, 0x28E4, 0x20C4, 0x20C4, 0x20C4, 0x20A3,
    0x18A3, 0x18A3, 0x18C3, 0x18C4, 0x18C4, 0x18C4, 0x18C4, 0x18A3, 0x20A4, 0x20C4, 0x28E4, 0x28E4,
    0x28E4, 0x20E4, 0x20C4, 0x20C4, 0x20A4, 0x20C4, 0x20C4, 0x20A3, 0x20A4, 0x20C4, 0x20C4, 0x20C4,
    0x20C4, 0x20C4, 0x20C4, 0x20C4, 0x18C3, 0x18A3, 0x18C3, 0x18C3, 0x18A3, 0x20C4, 0x20E4, 0x20E4,
    0x28E4, 0x28E4, 0x28E4, 0x28E5, 0x2905, 0x2905, 0x2905, 0x2905, 0x2905, 0x2905, 0x2905, 0x28E5,
    0x2905, 0x3105, 0x3126, 0x3946, 0x41A8, 0x49A8, 0x4187, 0x4187, 0x4187, 0x4187, 0x4187, 0x49A8,
    0x41A8, 0x49A8, 0x41A8, 0x4187, 0x4187, 0x4187, 0x4187, 0x4187, 0x4167, 0x4167, 0x4147, 0x4167,
    0x4168, 0x4188, 0x49A8, 0x49A9, 0x49C9, 0x49A8, 0x49A8, 0x49A8, 0x4167, 0x4167, 0x4167, 0x4167,
    0x4167, 0x4167, 0x4188, 0x49A8, 0x49A8, 0x49A8, 0x49A8, 0x49C8, 0x51C9, 0x51E9, 0x5A0A, 0x5A0A,
    0x5A0A, 0x5A0A, 0x5A0A, 0x5A0A, 0x5A0A, 0x59EA, 0x5A0A, 0x61EA, 0x620B, 0x620B, 0x622B, 0x622B,
    0x624B, 0x6A4C, 0x6A4C, 0x6A4C, 0x622B, 0x620B, 0x622B, 0x620B, 0x5A0B, 0x5A0A, 0x59E9, 0x51C9,
    0x51C9, 0x49C8, 0x49A8, 0x49A8, 0x4167, 0x28E5, 0x3105, 0x3947, 0x49C8, 0x49A8, 0x4988, 0x4187,
    0x4188, 0x49A8, 0x51A8, 0x59EA, 0x620A, 0x5A0A, 0x4188, 0x28E5, 0x2905, 0x2905, 0x2905, 0x2905,
    0x3126, 0x3967, 0x4988, 0x51C9, 0x5A0A, 0x622B, 0x6A4B, 0x622B, 0x5A2A, 0x51E9, 0x49A9, 0x4167,
    0x4167, 0x4167, 0x4167, 0x4167, 0x4167, 0x4167, 0x4167, 0x4167, 0x3967, 0x3966, 0x3966, 0x3966,
    0x3126, 0x3967, 0x4187, 0x4187, 0x4187, 0x4187, 0x4167, 0x4167, 0x3146, 0x2905, 0x3125, 0x2905,
    0x2905, 0x2905, 0x2905, 0x2905, 0x2905, 0x2905, 0x2905, 0x2905, 0x28E5, 0x3126, 0x4187, 0x4188,
    0x49A8, 0x51C9, 0x51E9, 0x51C9, 0x51A8, 0x49A8, 0x4988, 0x4988, 0x49A8, 0x4988, 0x4187, 0x4187,
    0x3967, 0x3126, 0x2905, 0x2925, 0x3946, 0x3967, 0x4167, 0x4187, 0x4187, 0x4167, 0x4167, 0x3946,
    0x3106, 0x3906, 0x49A8, 0x51C9, 0x5188, 0x59E9, 0x622A, 0x6A8C, 0x6A8C, 0x6A4B, 0x620A, 0x5A0A,
    0x5A0A, 0x5A0A, 0x49A9, 0x3926, 0x2905, 0x2905, 0x2925, 0x3146, 0x3967, 0x4187, 0x4188, 0x4167,
    0x4167, 0x4167, 0x4167, 0x4167, 0x49A8, 0x51E9, 0x51C9, 0x4167, 0x3105, 0x28E4, 0x20C4, 0x20C4,
    0x20C4, 0x20E4, 0x20C4, 0x28E4, 0x2905, 0x2905, 0x2905, 0x28E5, 0x28E4, 0x28E4, 0x28E5, 0x28E5,
    0x28E4, 0x20E4, 0x28E5, 0x28E5, 0x28E5, 0x3105, 0x3946, 0x4167, 0x4188, 0x49A8, 0x51C9, 0x49C9,
    0x4988, 0x4988, 0x4968, 0x4168, 0x4167, 0x4167, 0x4167, 0x4168, 0x4988, 0x49A8, 0x4988, 0x4168,
    0x4988, 0x4988, 0x4988, 0x4988, 0x4988, 0x4188, 0x49A8, 0x4188, 0x4187, 0x4187, 0x4167, 0x4167,
    0x4167, 0x4188, 0x4188, 0x4188, 0x4188, 0x4988, 0x4988, 0x4988, 0x4988, 0x4167, 0x4167, 0x4167,
    0x4168, 0x4167, 0x4147, 0x4167, 0x3967, 0x3967, 0x3947, 0x3946, 0x3946, 0x3966, 0x4167, 0x4167,
    0x4187, 0x4187, 0x4188, 0x49A8, 0x49A8, 0x49C8, 0x49A8, 0x49A8, 0x49A8, 0x4988, 0x4187, 0x4988,
    0x49A8, 0x4987, 0x4187, 0x4167, 0x4167, 0x3946, 0x3946, 0x3946, 0x3946, 0x3946, 0x4167, 0x4187,
    0x49A8, 0x49C8, 0x51E9, 0x5A0A, 0x5A2A, 0x622B, 0x6A4C, 0x6A2B, 0x6A4C, 0x6A4C, 0x6A2B, 0x622B,
    0x620A, 0x59EA, 0x5A0A, 0x5A0A, 0x59EA, 0x49A8, 0x4167, 0x4167, 0x5A0A, 0x6A6B, 0x5A0A, 0x4167,
    0x3105, 0x3125, 0x3126, 0x3126, 0x3946, 0x3967, 0x3967, 0x3946, 0x3146, 0x3126, 0x2905, 0x2905,
    0x28E5, 0x2905, 0x2905, 0x2905, 0x2905, 0x28E4, 0x28E4, 0x2905, 0x28E5, 0x28E5, 0x28E5, 0x20C4,
    0x20C4, 0x28E4, 0x28E4, 0x20A3, 0x1883, 0x18C3, 0x20E4, 0x20E4, 0x20E4, 0x20E4, 0x20E4, 0x20A3,
    0x20C4, 0x28E4, 0x2905, 0x3105, 0x2905, 0x2905, 0x20E4, 0x20C4, 0x18A3, 0x20C4, 0x20C4, 0x18A3,
    0x20C4, 0x28E5, 0x2905, 0x28E5, 0x20E4, 0x20E4, 0x20E4, 0x18C3, 0x1083, 0x1082, 0x1083, 0x1082,
    0x1883, 0x18C4, 0x20E4, 0x20E4, 0x28E4, 0x28E4, 0x28E4, 0x28E5, 0x2905, 0x2905, 0x2905, 0x2905,
    0x2905, 0x2905, 0x2905, 0x3105, 0x3105, 0x3946, 0x4167, 0x4188, 0x49C8, 0x49A8, 0x4187, 0x4187,
    0x4187, 0x4988, 0x49C8, 0x49C8, 0x49C8, 0x49A8, 0x4187, 0x4167, 0x4167, 0x4167, 0x4167, 0x4187,
    0x4187, 0x4187, 0x4167, 0x4187, 0x4988, 0x4988, 0x49A8, 0x49C8, 0x49A8, 0x49A8, 0x49A8, 0x4188,
    0x4167, 0x4167, 0x3947, 0x4167, 0x4187, 0x49A8, 0x49A8, 0x49A8, 0x49C8, 0x49A8, 0x49A8, 0x49A8,
    0x49A9, 0x51E9, 0x59EA, 0x59EA, 0x51EA, 0x51E9, 0x51E9, 0x59EA, 0x5A0A, 0x59EA, 0x59EA, 0x61EA,
    0x620B, 0x620B, 0x622B, 0x6A4B, 0x6A4C, 0x6A4C, 0x6A4C, 0x6A2B, 0x622B, 0x620B, 0x622B, 0x620B,
    0x59EB, 0x5A0A, 0x51E9, 0x51C8, 0x49A8, 0x49A8, 0x49A8, 0x49A8, 0x4188, 0x28E5, 0x3926, 0x4167,
    0x51C9, 0x4988, 0x4167, 0x4147, 0x4167, 0x4167, 0x4147, 0x5188, 0x59EA, 0x6A4C, 0x624B, 0x3946,
    0x28E5, 0x2905, 0x2905, 0x3125, 0x3125, 0x3946, 0x4187, 0x49C8, 0x51E9, 0x59EA, 0x622A, 0x622B,
    0x5A0A, 0x51E9, 0x49C9, 0x4188, 0x4167, 0x4167, 0x4167, 0x3947, 0x3947, 0x4167, 0x4167, 0x3946,
    0x3946, 0x3967, 0x3946, 0x3146, 0x3126, 0x4167, 0x4187, 0x4187, 0x4187, 0x4187, 0x4167, 0x3946,
    0x3126, 0x2905, 0x3125, 0x2905, 0x2905, 0x2905, 0x2905, 0x2905, 0x2905, 0x2905, 0x2905, 0x2905,
    0x28E5, 0x4167, 0x5A0A, 0x622B, 0x622B, 0x6A4B, 0x6A6C, 0x6A4B, 0x59EA, 0x4988, 0x4988, 0x4167,
    0x4167, 0x4988, 0x4988, 0x4187, 0x4187, 0x3947, 0x3105, 0x3125, 0x3946, 0x3947, 0x4167, 0x4187,
    0x4167, 0x4167, 0x4167, 0x3947, 0x3105, 0x3126, 0x5A0A, 0x624B, 0x59C9, 0x59C9, 0x622A, 0x6A6B,
    0x6A6B, 0x6A6B, 0x6A4B, 0x624B, 0x624B, 0x624B, 0x51C9, 0x3126, 0x28E5, 0x2925, 0x2925, 0x3146,
    0x3967, 0x4167, 0x4168, 0x4167, 0x4167, 0x4167, 0x4167, 0x4167, 0x4167, 0x4167, 0x4167, 0x4167,
    0x3926, 0x28E5, 0x28E4, 0x28E4, 0x20E4, 0x20C4, 0x20A4, 0x20C4, 0x28E5, 0x2905, 0x2905, 0x28E5,
    0x28E4, 0x20C4, 0x28E5, 0x2905, 0x2905, 0x28E4, 0x28E4, 0x2905, 0x2905, 0x2905, 0x3105, 0x3947,
    0x3967, 0x4988, 0x49A8, 0x49A9, 0x49A8, 0x4988, 0x4167, 0x4167, 0x4147, 0x4147, 0x4167, 0x4167,
    0x4167, 0x4167, 0x4187, 0x4988, 0x4988, 0x4988, 0x4988, 0x4988, 0x4167, 0x4188, 0x49A8, 0x49A8,
    0x41A8, 0x4188, 0x4167, 0x4167, 0x4167, 0x4167, 0x4168, 0x4168, 0x4167, 0x4167, 0x4188, 0x49A8,
    0x49A8, 0x4988, 0x4167, 0x4988, 0x4988, 0x4188, 0x4168, 0x4188, 0x4167, 0x3967, 0x3967, 0x3967,
    0x4187, 0x4187, 0x49A8, 0x49A8, 0x49A8, 0x4988, 0x49A8, 0x49A8, 0x49A8, 0x49A8, 0x49A8, 0x49A8,
    0x49A8, 0x4187, 0x4187, 0x4187, 0x4187, 0x4187, 0x4187, 0x4187, 0x4167, 0x4167, 0x4167, 0x4167,
    0x4187, 0x4187, 0x49A8, 0x49A8, 0x49C8, 0x51C8, 0x51E9, 0x5A0A, 0x622B, 0x622B, 0x6A4C, 0x6A2C,
    0x6A4C, 0x6A4C, 0x6A2B, 0x6A2B, 0x620B, 0x620A, 0x620A, 0x622B, 0x620B, 0x59EA, 0x51A9, 0x4988,
    0x59E9, 0x622A, 0x5A0A, 0x4167, 0x2905, 0x2905, 0x3125, 0x3125, 0x3126, 0x3146, 0x3126, 0x3126,
    0x3105, 0x2905, 0x2905, 0x2905, 0x2905, 0x2905, 0x2905, 0x28E5, 0x2905, 0x20C4, 0x28E4, 0x2905,
    0x28E5, 0x28C4, 0x20C4, 0x20A3, 0x20C4, 0x2905, 0x2925, 0x20E4, 0x20A3, 0x20C4, 0x20E4, 0x20E4,
    0x20E4, 0x28E4, 0x28E4, 0x20C4, 0x20E4, 0x2904, 0x2905, 0x28E5, 0x28E5, 0x20E4, 0x20E4, 0x20C4,
    0x20E4, 0x20E4, 0x20E4, 0x20E4, 0x20E4, 0x20E4, 0x20E4, 0x20C4, 0x18A3, 0x1883, 0x18A3, 0x10A3,
    0x1883, 0x18A3, 0x1883, 0x1083, 0x18A3, 0x18C4, 0x20C4, 0x20C4, 0x20C4, 0x20C4, 0x28E4, 0x2905,
    0x2905, 0x2905, 0x2905, 0x3126, 0x3926, 0x3946, 0x3946, 0x4167, 0x4167, 0x4187, 0x49A8, 0x49C8,
    0x49C8, 0x49A8, 0x49A8, 0x49A8, 0x49A8, 0x49A8, 0x49C8, 0x4988, 0x4187, 0x4167, 0x4167, 0x4167,
    0x4167, 0x4167, 0x4167, 0x4167, 0x4167, 0x4187, 0x4167, 0x4987, 0x49A8, 0x49A8, 0x51C8, 0x49A8,
    0x4988, 0x4988, 0x4188, 0x4167, 0x4167, 0x4187, 0x4167, 0x4187, 0x49A8, 0x49A8, 0x49C8, 0x49A8,
    0x49A8, 0x4988, 0x4988, 0x4988, 0x4988, 0x49A8, 0x49A8, 0x49A8, 0x49A9, 0x49A9, 0x49A9, 0x51C9,
    0x59EA, 0x59EA, 0x59EA, 0x59EA, 0x620B, 0x620B, 0x622B, 0x622B, 0x622B, 0x622B, 0x6A2B, 0x620B,
    0x620B, 0x620B, 0x622B, 0x620B, 0x59EA, 0x5A0A, 0x59EA, 0x51E9, 0x49C9, 0x49C9, 0x51C9, 0x49A8,
    0x4187, 0x2905, 0x3947, 0x49A8, 0x51C9, 0x4988, 0x4167, 0x4146, 0x4167, 0x4167, 0x4167, 0x4967,
    0x51C9, 0x622B, 0x6A6C, 0x51C8, 0x3105, 0x2905, 0x2905, 0x2925, 0x3125, 0x3126, 0x3967, 0x49A8,
    0x51C9, 0x51C9, 0x620A, 0x622B, 0x5A0A, 0x51E9, 0x49C9, 0x4188, 0x4147, 0x4147, 0x3946, 0x3946,
    0x3946, 0x3946, 0x3946, 0x3946, 0x3946, 0x3967, 0x3946, 0x3146, 0x3946, 0x4167, 0x4187, 0x4187,
    0x4187, 0x4167, 0x3946, 0x3946, 0x3125, 0x2905, 0x2905, 0x2905, 0x2905, 0x2905, 0x2905, 0x2905,
    0x2905, 0x2905, 0x2905, 0x2905, 0x3926, 0x4988, 0x51E9, 0x5A0A, 0x59EA, 0x622A, 0x6A4B, 0x6A4B,
    0x620A, 0x59C9, 0x51C9, 0x49A8, 0x4988, 0x4167, 0x4167, 0x4187, 0x4187, 0x3967, 0x3105, 0x3105,
    0x3946, 0x3947, 0x4167, 0x4167, 0x4167, 0x4167, 0x4167, 0x3947, 0x3105, 0x3105, 0x49A8, 0x51C9,
    0x4987, 0x4987, 0x49A8, 0x49A8, 0x49A8, 0x49A8, 0x49A8, 0x49A8, 0x4988, 0x4988, 0x4167, 0x3126,
    0x2905, 0x3125, 0x3125, 0x3126, 0x3946, 0x3967, 0x4167, 0x4167, 0x4167, 0x4167, 0x4167, 0x4167,
    0x4167, 0x4147, 0x4147, 0x3946, 0x3126, 0x28E4, 0x20C4, 0x20C4, 0x20E4, 0x20E4, 0x20E4, 0x28E5,
    0x28E5, 0x2905, 0x2905, 0x28E5, 0x20C4, 0x20C4, 0x28E4, 0x2905, 0x2905, 0x28E5, 0x28E4, 0x2905,
    0x2905, 0x2905, 0x2905, 0x3126, 0x3946, 0x4167, 0x4988, 0x4988, 0x4988, 0x4188, 0x4167, 0x3947,
    0x3947, 0x4167, 0x4167, 0x3947, 0x3926, 0x3926, 0x3946, 0x4167, 0x4167, 0x4167, 0x4988, 0x4188,
    0x3947, 0x4147, 0x4167, 0x4167, 0x4187, 0x4187, 0x4188, 0x4187, 0x4187, 0x4187, 0x4168, 0x4168,
    0x4167, 0x4167, 0x4167, 0x4187, 0x4167, 0x4187, 0x4188, 0x4188, 0x4988, 0x4988, 0x4988, 0x4188,
    0x4188, 0x4187, 0x4187, 0x3967, 0x49C8, 0x49C8, 0x49C8, 0x49C8, 0x49A8, 0x4187, 0x4987, 0x4988,
    0x4187, 0x4187, 0x4167, 0x4167, 0x4167, 0x4167, 0x4167, 0x4167, 0x4167, 0x4187, 0x4187, 0x4187,
    0x4187, 0x49A8, 0x49A8, 0x49A8, 0x49A8, 0x49A8, 0x51C8, 0x51C9, 0x51E9, 0x51C9, 0x51E9, 0x5A0A,
    0x622B, 0x622B, 0x6A4B, 0x6A4C, 0x6A4B, 0x6A4B, 0x6A2B, 0x6A2B, 0x620B, 0x620A, 0x620A, 0x620B,
    0x620B, 0x622B, 0x5A0A, 0x51C9, 0x59C9, 0x59E9, 0x5A0A, 0x4188, 0x2905, 0x2905, 0x2905, 0x2905,
    0x2925, 0x2925, 0x2905, 0x2905, 0x2905, 0x2905, 0x2905, 0x2905, 0x2905, 0x3105, 0x28E5, 0x28E4,
    0x28E5, 0x28E4, 0x20C4, 0x2905, 0x28E5, 0x20C4, 0x18A3, 0x18A3, 0x18C3, 0x2905, 0x2925, 0x20E4,
    0x20A3, 0x20A3, 0x20C4, 0x28E4, 0x28E5, 0x28E5, 0x28E4, 0x20C4, 0x20E4, 0x20E4, 0x20E4, 0x20E4,
    0x20E4, 0x18C3, 0x18C4, 0x2105, 0x2925, 0x2905, 0x20E5, 0x2104, 0x2104, 0x18C3, 0x18A3, 0x10A3,
    0x1082, 0x1082, 0x1062, 0x1082, 0x18C3, 0x20C4, 0x18C3, 0x18A3, 0x18A3, 0x18A3, 0x18A3, 0x20C4,
    0x20C4, 0x20C4, 0x28E4, 0x2905, 0x3125, 0x3126, 0x3946, 0x4187, 0x49A8, 0x49A8, 0x49C8, 0x49A8,
    0x49A8, 0x49A8, 0x49A8, 0x4188, 0x4187, 0x49A8, 0x49A8, 0x49C8, 0x49A8, 0x49A8, 0x4187, 0x3946,
    0x3926, 0x3926, 0x3946, 0x4167, 0x4167, 0x4167, 0x4167, 0x4167, 0x4167, 0x4167, 0x4167, 0x49A8,
    0x49C8, 0x49C8, 0x49C8, 0x49A8, 0x4167, 0x4147, 0x4147, 0x4167, 0x49A8, 0x4188, 0x4187, 0x49A7,
    0x49A8, 0x49C8, 0x49C8, 0x49A8, 0x4187, 0x4167, 0x4187, 0x4167, 0x4167, 0x4167, 0x4147, 0x4147,
    0x4168, 0x4988, 0x4988, 0x49A9, 0x51E9, 0x59EA, 0x5A0A, 0x59EA, 0x620B, 0x622B, 0x622B, 0x622B,
    0x620B, 0x620B, 0x620B, 0x620B, 0x620B, 0x620B, 0x620B, 0x620B, 0x5A0A, 0x5A0A, 0x5A0A, 0x5A0A,
    0x51E9, 0x51E9, 0x59EA, 0x51C9, 0x4167, 0x3105, 0x4167, 0x49A8, 0x49C9, 0x49A8, 0x4167, 0x4166,
    0x4167, 0x4187, 0x4167, 0x4167, 0x51A8, 0x59EA, 0x6A4B, 0x622A, 0x3946, 0x2905, 0x2925, 0x3125,
    0x3105, 0x3125, 0x3146, 0x4187, 0x49A8, 0x51A8, 0x59EA, 0x620A, 0x5A0A, 0x51C9, 0x49A9, 0x4167,
    0x3947, 0x3946, 0x3946, 0x3946, 0x3946, 0x3946, 0x3946, 0x3946, 0x3966, 0x3946, 0x3946, 0x3146,
    0x3946, 0x3966, 0x4167, 0x4167, 0x4167, 0x3946, 0x3946, 0x3126, 0x3105, 0x2905, 0x2905, 0x2905,
    0x2905, 0x2905, 0x2905, 0x2905, 0x2905, 0x2905, 0x2905, 0x2905, 0x3967, 0x4187, 0x4167, 0x4167,
    0x4147, 0x4988, 0x49C8, 0x51C9, 0x51E9, 0x51C9, 0x51E9, 0x51C9, 0x4988, 0x3926, 0x3947, 0x4187,
    0x41A7, 0x4167, 0x3105, 0x3105, 0x3926, 0x3947, 0x4167, 0x4168, 0x4168, 0x4167, 0x4167, 0x3946,
    0x3105, 0x28E5, 0x3106, 0x3106, 0x3106, 0x3125, 0x3105, 0x3105, 0x3105, 0x3105, 0x2905, 0x2905,
    0x2905, 0x2905, 0x2925, 0x3125, 0x3125, 0x3125, 0x3125, 0x3125, 0x3946, 0x3946, 0x4167, 0x4167,
    0x4168, 0x4167, 0x4168, 0x4167, 0x4147, 0x4147, 0x3926, 0x3126, 0x3105, 0x28C4, 0x20A4, 0x18A3,
    0x20C4, 0x2905, 0x2905, 0x2905, 0x28E5, 0x28E5, 0x28E5, 0x28E5, 0x20E4, 0x28E4, 0x28E5, 0x28E5,
    0x2905, 0x2905, 0x28E4, 0x28E4, 0x2905, 0x3105, 0x2905, 0x2905, 0x3126, 0x3946, 0x4167, 0x4187,
    0x4167, 0x4167, 0x3947, 0x3126, 0x3125, 0x3946, 0x3947, 0x3947, 0x3947, 0x3926, 0x3946, 0x4147,
    0x3947, 0x4147, 0x4187, 0x4167, 0x4167, 0x3947, 0x3926, 0x3926, 0x3946, 0x3947, 0x4167, 0x4187,
    0x4187, 0x4187, 0x4188, 0x4188, 0x4188, 0x4167, 0x4167, 0x4147, 0x3926, 0x3946, 0x4167, 0x4167,
    0x4167, 0x4187, 0x4188, 0x4167, 0x4188, 0x4188, 0x4187, 0x3947, 0x49C8, 0x49C8, 0x49C8, 0x49A8,
    0x4987, 0x4167, 0x4167, 0x4167, 0x4167, 0x4167, 0x4167, 0x4167, 0x4167, 0x4187, 0x4187, 0x4187,
    0x4187, 0x4187, 0x49A8, 0x49A8, 0x4187, 0x4987, 0x4988, 0x4988, 0x4988, 0x49A8, 0x49A8, 0x49A8,
    0x51C9, 0x51C9, 0x51C9, 0x59E9, 0x5A0A, 0x622B, 0x622B, 0x622B, 0x6A4B, 0x6A4B, 0x6A4B, 0x6A4B,
    0x622B, 0x622B, 0x6A2B, 0x622B, 0x620B, 0x6A4B, 0x622B, 0x59EA, 0x59E9, 0x59EA, 0x59E9, 0x4167,
    0x28E5, 0x28E5, 0x2905, 0x2905, 0x2905, 0x2905, 0x2905, 0x2905, 0x2905, 0x2905, 0x2905, 0x28E5,
    0x2905, 0x2905, 0x28E5, 0x28E4, 0x28C4, 0x20C4, 0x20C4, 0x20C4, 0x20E4, 0x18C3, 0x18A3, 0x18A3,
    0x18C3, 0x20E4, 0x20E4, 0x20C4, 0x20C4, 0x28E5, 0x28E5, 0x3105, 0x3126, 0x3125, 0x2905, 0x20C4,
    0x20C4, 0x20C4, 0x20C4, 0x20C4, 0x20E4, 0x18C3, 0x18A3, 0x20C4, 0x20E4, 0x20C4, 0x18A3, 0x18A3,
    0x18C3, 0x10A3, 0x1082, 0x10A3, 0x1083, 0x1083, 0x1082, 0x1882, 0x18C3, 0x20C4, 0x20C3, 0x20C4,
    0x20E4, 0x20E4, 0x28E5, 0x2905, 0x2905, 0x3105, 0x3126, 0x3947, 0x4167, 0x4167, 0x4167, 0x49A8,
    0x51C9, 0x51C9, 0x51C9, 0x49A8, 0x4988, 0x41A8, 0x4188, 0x4187, 0x4187, 0x4188, 0x4988, 0x4188,
    0x4188, 0x4167, 0x3946, 0x3946, 0x3946, 0x3946, 0x3967, 0x4167, 0x4166, 0x4166, 0x4166, 0x4167,
    0x4167, 0x4187, 0x4187, 0x49A8, 0x49C8, 0x49A8, 0x4988, 0x4188, 0x4147, 0x4167, 0x4167, 0x4167,
    0x4188, 0x49A8, 0x4187, 0x49A8, 0x49A8, 0x49C8, 0x49A8, 0x4187, 0x3967, 0x3967, 0x3946, 0x3946,
    0x3946, 0x3947, 0x3946, 0x4147, 0x4167, 0x4988, 0x4988, 0x49A9, 0x51C9, 0x59E9, 0x5A0A, 0x5A0A,
    0x620A, 0x620A, 0x620A, 0x620A, 0x620A, 0x620A, 0x620B, 0x620A, 0x620B, 0x620B, 0x620B, 0x620B,
    0x5A0B, 0x5A0A, 0x5A0A, 0x5A0A, 0x5A0A, 0x5A0A, 0x5A0A, 0x51E9, 0x4167, 0x30E5, 0x4147, 0x49A9,
    0x51C9, 0x49C9, 0x4147, 0x4146, 0x4167, 0x4167, 0x4167, 0x4167, 0x4987, 0x51C9, 0x622B, 0x6A2B,
    0x4967, 0x3126, 0x2925, 0x3125, 0x3105, 0x2925, 0x3125, 0x3946, 0x4988, 0x51A8, 0x59E9, 0x59E9,
    0x51E9, 0x49A8, 0x49A8, 0x4167, 0x3947, 0x3946, 0x3946, 0x3946, 0x3946, 0x3946, 0x3946, 0x3946,
    0x3946, 0x3946, 0x3946, 0x3946, 0x3946, 0x3146, 0x3966, 0x4167, 0x3966, 0x3946, 0x3126, 0x3125,
    0x3105, 0x3105, 0x3105, 0x3105, 0x3105, 0x3105, 0x3125, 0x3125, 0x3125, 0x3125, 0x2905, 0x2905,
    0x3946, 0x3946, 0x3126, 0x3126, 0x3106, 0x3126, 0x3126, 0x3946, 0x3966, 0x3967, 0x3967, 0x4167,
    0x3946, 0x3105, 0x3946, 0x3967, 0x3987, 0x3967, 0x3105, 0x3106, 0x3927, 0x3947, 0x4167, 0x4168,
    0x4168, 0x4168, 0x4187, 0x4167, 0x3106, 0x28E5, 0x2905, 0x2905, 0x2905, 0x2905, 0x2905, 0x2905,
    0x2905, 0x2905, 0x2905, 0x2905, 0x2905, 0x2905, 0x2925, 0x3125, 0x3125, 0x3125, 0x3125, 0x3125,
    0x3146, 0x3946, 0x3967, 0x4167, 0x4168, 0x4168, 0x4188, 0x4167, 0x4147, 0x4147, 0x3926, 0x3106,
    0x28E5, 0x28E5, 0x20C4, 0x20C4, 0x20C4, 0x28E5, 0x2905, 0x2905, 0x28E5, 0x28E5, 0x28E4, 0x28E4,
    0x28E4, 0x28E4, 0x28E5, 0x28E5, 0x2905, 0x2905, 0x28E5, 0x28E4, 0x2905, 0x3105, 0x2905, 0x2905,
    0x3125, 0x3146, 0x3947, 0x4187, 0x4167, 0x3966, 0x3946, 0x3126, 0x3105, 0x2905, 0x3126, 0x3967,
    0x4167, 0x4167, 0x4187, 0x4167, 0x4167, 0x4147, 0x4167, 0x4187, 0x4167, 0x4147, 0x4127, 0x3926,
    0x3946, 0x3146, 0x3146, 0x3966, 0x3967, 0x3966, 0x4167, 0x4167, 0x4167, 0x4167, 0x4167, 0x4147,
    0x3926, 0x3946, 0x3946, 0x3946, 0x3946, 0x4167, 0x4167, 0x3967, 0x4167, 0x4188, 0x4167, 0x3947,
    0x4187, 0x4187, 0x4187, 0x4187, 0x4167, 0x4167, 0x4167, 0x4167, 0x4167, 0x4167, 0x4987, 0x49A8,
    0x49A8, 0x49A8, 0x49A8, 0x49A8, 0x4987, 0x4187, 0x4987, 0x49A8, 0x4187, 0x4167, 0x4187, 0x4987,
    0x4168, 0x4988, 0x4988, 0x49A8, 0x51C9, 0x49A9, 0x51C9, 0x51C9, 0x59E9, 0x5A0A, 0x620A, 0x620B,
    0x622B, 0x6A4B, 0x6A4B, 0x6A4B, 0x6A4B, 0x6A4B, 0x6A4B, 0x6A4B, 0x622B, 0x622B, 0x622B, 0x620A,
    0x5A0A, 0x5A0A, 0x49A8, 0x3926, 0x28E5, 0x2905, 0x2905, 0x2905, 0x2905, 0x2905, 0x2905, 0x2905,
    0x2905, 0x2905, 0x2905, 0x28E5, 0x28E4, 0x28C4, 0x28E4, 0x28E4, 0x20A3, 0x20C4, 0x20C4, 0x18A3,
    0x18C3, 0x18C3, 0x18A3, 0x18A3, 0x20E4, 0x20E4, 0x20E4, 0x28E5, 0x3146, 0x3967, 0x3966, 0x3967,
    0x3966, 0x3946, 0x3946, 0x2905, 0x2905, 0x28E5, 0x20C4, 0x20C4, 0x20A4, 0x18A3, 0x1883, 0x1083,
    0x1063, 0x1062, 0x0842, 0x1062, 0x1062, 0x1062, 0x1083, 0x18A3, 0x18A3, 0x18A3, 0x18A3, 0x18A3,
    0x20C4, 0x28E4, 0x28C4, 0x3125, 0x3946, 0x3946, 0x3967, 0x3967, 0x3967, 0x4167, 0x41A8, 0x49A9,
    0x49C9, 0x51C9, 0x51A9, 0x51A9, 0x49A9, 0x49A8, 0x4988, 0x4988, 0x4988, 0x4188, 0x4188, 0x4188,
    0x4988, 0x4167, 0x4147, 0x3947, 0x3947, 0x3946, 0x3966, 0x4167, 0x4167, 0x4167, 0x3946, 0x3926,
    0x3946, 0x3946, 0x4166, 0x4187, 0x49A8, 0x49A8, 0x49A8, 0x49A8, 0x49A8, 0x4167, 0x4147, 0x4167,
    0x4168, 0x4988, 0x4988, 0x4188, 0x4988, 0x49A8, 0x49A8, 0x49A8, 0x49C8, 0x49C8, 0x4187, 0x4167,
    0x3967, 0x3966, 0x3126, 0x3105, 0x3126, 0x3946, 0x3946, 0x4167, 0x4988, 0x49A8, 0x49A8, 0x49C8,
    0x51C9, 0x51C9, 0x5A0A, 0x5A0A, 0x620A, 0x620A, 0x620A, 0x5A0A, 0x5A0A, 0x5A0A, 0x5A0A, 0x620A,
    0x620A, 0x5A0A, 0x5A0A, 0x5A0A, 0x5A0A, 0x5A0A, 0x5A0A, 0x5A0A, 0x5A0A, 0x5A0A, 0x622B, 0x5A0A,
    0x4988, 0x28C5, 0x4127, 0x51C9, 0x5A0A, 0x51EA, 0x4147, 0x4147, 0x4167, 0x4167, 0x4167, 0x4167,
    0x4167, 0x4988, 0x622B, 0x622B, 0x51A9, 0x3947, 0x2905, 0x2925, 0x2905, 0x2905, 0x2905, 0x3926,
    0x4167, 0x4988, 0x51C9, 0x51C9, 0x51C9, 0x49A8, 0x49A8, 0x4167, 0x3967, 0x3946, 0x3966, 0x3967,
    0x3946, 0x3125, 0x3146, 0x3946, 0x3946, 0x3946, 0x3946, 0x3946, 0x3146, 0x2925, 0x3946, 0x3946,
    0x3946, 0x3146, 0x3105, 0x3125, 0x3126, 0x3926, 0x3946, 0x3946, 0x3946, 0x3946, 0x3946, 0x3946,
    0x3946, 0x3946, 0x3946, 0x3926, 0x3126, 0x3126, 0x3126, 0x3126, 0x3126, 0x3105, 0x28E5, 0x28E5,
    0x28E5, 0x2905, 0x2905, 0x2905, 0x2905, 0x3105, 0x3105, 0x3126, 0x3126, 0x3126, 0x2905, 0x3106,
    0x3927, 0x3947, 0x4147, 0x4168, 0x4168, 0x4168, 0x4188, 0x4187, 0x3946, 0x3105, 0x2905, 0x2925,
    0x2925, 0x3125, 0x3125, 0x3125, 0x3125, 0x2925, 0x2925, 0x2905, 0x2905, 0x3125, 0x3125, 0x3125,
    0x3125, 0x2905, 0x2905, 0x3106, 0x3146, 0x3947, 0x3967, 0x4167, 0x4168, 0x4168, 0x4168, 0x4167,
    0x4167, 0x4167, 0x4167, 0x3926, 0x3106, 0x3106, 0x2905, 0x28E5, 0x20E4, 0x20E4, 0x28E4, 0x28E5,
    0x28E4, 0x28E4, 0x20E4, 0x28E4, 0x28E4, 0x28E4, 0x28E5, 0x28E5, 0x28E5, 0x2905, 0x28E5, 0x28E4,
    0x2905, 0x2905, 0x2905, 0x2905, 0x2905, 0x3126, 0x3946, 0x3967, 0x4167, 0x3966, 0x3946, 0x3126,
    0x3105, 0x2905, 0x2905, 0x3146, 0x3947, 0x3967, 0x3967, 0x3967, 0x4167, 0x4988, 0x4167, 0x4167,
    0x4167, 0x4188, 0x4167, 0x4167, 0x4187, 0x3966, 0x3146, 0x3146, 0x3946, 0x3126, 0x3126, 0x3926,
    0x3946, 0x3967, 0x4187, 0x4188, 0x4187, 0x4187, 0x4167, 0x3946, 0x3926, 0x3926, 0x3946, 0x3947,
    0x3967, 0x4167, 0x4167, 0x4187, 0x4187, 0x4167, 0x4167, 0x4167, 0x4167, 0x4167, 0x4167, 0x4167,
    0x4187, 0x4987, 0x4988, 0x49A8, 0x49A8, 0x49A8, 0x49A8, 0x4987, 0x4187, 0x4167, 0x4187, 0x4187,
    0x4167, 0x4167, 0x4167, 0x4167, 0x4167, 0x4167, 0x4167, 0x4988, 0x49A8, 0x49A8, 0x51C9, 0x51C9,
    0x51C9, 0x5A0A, 0x5A0A, 0x5A0A, 0x622B, 0x622B, 0x6A2B, 0x6A4B, 0x6A4B, 0x622B, 0x6A4B, 0x6A6C,
    0x6A4B, 0x622B, 0x622B, 0x620A, 0x5A0A, 0x59EA, 0x4187, 0x3105, 0x28E5, 0x28E5, 0x2905, 0x2905,
    0x2905, 0x2905, 0x2905, 0x2905, 0x2905, 0x2905, 0x2905, 0x20C4, 0x20C4, 0x20C4, 0x20C4, 0x20C4,
    0x18A3, 0x20C4, 0x20C4, 0x18A3, 0x18C3, 0x18C3, 0x18A3, 0x20C4, 0x28E5, 0x2905, 0x28E5, 0x2905,
    0x3966, 0x4187, 0x3987, 0x4187, 0x3967, 0x3967, 0x3967, 0x3946, 0x3126, 0x3125, 0x2905, 0x28E5,
    0x20C4, 0x20A4, 0x20A3, 0x18A3, 0x1883, 0x1062, 0x1083, 0x18A3, 0x18A3, 0x1883, 0x20A3, 0x20E4,
    0x20E4, 0x28E4, 0x28E4, 0x3105, 0x3946, 0x3946, 0x3926, 0x4167, 0x4187, 0x4187, 0x4187, 0x4987,
    0x4988, 0x4988, 0x49A9, 0x49C9, 0x51C9, 0x49C9, 0x49A8, 0x49A8, 0x49A8, 0x4988, 0x4167, 0x4988,
    0x49A8, 0x49A8, 0x49A8, 0x49A8, 0x4187, 0x4167, 0x3947, 0x3947, 0x3947, 0x4167, 0x4167, 0x4187,
    0x4187, 0x4167, 0x3946, 0x3946, 0x4167, 0x4167, 0x4187, 0x49A8, 0x49A8, 0x49A8, 0x49A8, 0x4187,
    0x4167, 0x4167, 0x4167, 0x4167, 0x4188, 0x4988, 0x4988, 0x4187, 0x49A8, 0x4988, 0x49A8, 0x49A8,
    0x49A8, 0x49A8, 0x3967, 0x3967, 0x3946, 0x3946, 0x3126, 0x3105, 0x3926, 0x3946, 0x3946, 0x4167,
    0x4988, 0x49A8, 0x49A8, 0x49A8, 0x49A9, 0x51C9, 0x59E9, 0x59EA, 0x59EA, 0x59EA, 0x59EA, 0x5A0A,
    0x5A0A, 0x5A0A, 0x59EA, 0x59EA, 0x59EA, 0x59EA, 0x5A0A, 0x5A0A, 0x59EA, 0x5A0A, 0x5A0A, 0x5A0A,
    0x5A0B, 0x620B, 0x622B, 0x622B, 0x49A9, 0x28C5, 0x4127, 0x59CA, 0x620B, 0x59EA, 0x4988, 0x4147,
    0x4167, 0x4187, 0x4167, 0x4167, 0x4167, 0x4988, 0x5A0A, 0x620B, 0x59EA, 0x4167, 0x3125, 0x2925,
    0x2905, 0x2905, 0x2905, 0x3105, 0x3926, 0x4188, 0x49A8, 0x51A8, 0x51C9, 0x49A8, 0x4188, 0x4167,
    0x3967, 0x3967, 0x3967, 0x3966, 0x3126, 0x3126, 0x3126, 0x3126, 0x3126, 0x3146, 0x3946, 0x3146,
    0x3126, 0x3105, 0x3126, 0x3146, 0x3146, 0x3126, 0x2905, 0x3125, 0x3126, 0x3926, 0x3946, 0x3966,
    0x3946, 0x3946, 0x3947, 0x3946, 0x3967, 0x4167, 0x4167, 0x4167, 0x4167, 0x3967, 0x3967, 0x3967,
    0x3947, 0x3946, 0x3126, 0x3126, 0x3126, 0x3126, 0x3125, 0x3125, 0x3126, 0x3126, 0x3125, 0x3125,
    0x3105, 0x2905, 0x2905, 0x3106, 0x3927, 0x3947, 0x4147, 0x4168, 0x4168, 0x4168, 0x4167, 0x4167,
    0x3947, 0x3106, 0x2905, 0x3105, 0x3105, 0x3126, 0x3126, 0x3126, 0x3126, 0x3125, 0x3126, 0x3126,
    0x3126, 0x3146, 0x3146, 0x3126, 0x3126, 0x3126, 0x3126, 0x3126, 0x3946, 0x3947, 0x3947, 0x4167,
    0x4188, 0x4168, 0x4168, 0x4167, 0x4167, 0x4188, 0x4187, 0x4167, 0x3947, 0x3126, 0x2905, 0x28E5,
    0x20E4, 0x20E4, 0x20E4, 0x20E4, 0x20E4, 0x20C4, 0x20C4, 0x20C4, 0x20E4, 0x20E4, 0x28E4, 0x28E5,
    0x2905, 0x2905, 0x28E5, 0x28E4, 0x2905, 0x2905, 0x2905, 0x2925, 0x2905, 0x3125, 0x3126, 0x3926,
    0x3946, 0x3946, 0x3126, 0x3105, 0x3105, 0x2905, 0x2905, 0x2905, 0x2905, 0x2905, 0x2905, 0x3126,
    0x4167, 0x4188, 0x4167, 0x4167, 0x4167, 0x4167, 0x4188, 0x4188, 0x4187, 0x4167, 0x3947, 0x3947,
    0x3967, 0x3946, 0x3126, 0x3126, 0x3126, 0x3146, 0x3967, 0x3967, 0x4187, 0x4187, 0x4187, 0x3967,
    0x3946, 0x3946, 0x3946, 0x3946, 0x3947, 0x3947, 0x4167, 0x4187, 0x4187, 0x4187, 0x4187, 0x4187,
    0x49A8, 0x4187, 0x4187, 0x4187, 0x4187, 0x4187, 0x4988, 0x4187, 0x4187, 0x4187, 0x4187, 0x4167,
    0x4167, 0x4167, 0x4167, 0x4167, 0x4167, 0x4167, 0x4147, 0x3946, 0x3947, 0x3947, 0x4167, 0x4187,
    0x49A8, 0x49A8, 0x49C8, 0x51C8, 0x51E9, 0x51E9, 0x59EA, 0x5A0A, 0x5A0A, 0x5A0A, 0x620B, 0x622B,
    0x622B, 0x620A, 0x622B, 0x6A4C, 0x6A6C, 0x6A4B, 0x624B, 0x5A0A, 0x59E9, 0x4988, 0x3947, 0x30E5,
    0x28E5, 0x28E5, 0x2905, 0x2905, 0x2905, 0x2905, 0x28E5, 0x2905, 0x2905, 0x28E4, 0x20E4, 0x18C4,
    0x20C4, 0x18A3, 0x18A3, 0x18A4, 0x18A3, 0x18A3, 0x18A3, 0x18A3, 0x18C3, 0x20E4, 0x20C4, 0x28C4,
    0x28E5, 0x3125, 0x3126, 0x3146, 0x3966, 0x3967, 0x3967, 0x3966, 0x3946, 0x3946, 0x3946, 0x3967,
    0x3946, 0x3126, 0x3125, 0x3105, 0x28E5, 0x2905, 0x3105, 0x2925, 0x3125, 0x2925, 0x2925, 0x2925,
    0x2925, 0x3125, 0x3126, 0x3126, 0x3966, 0x3967, 0x3967, 0x4187, 0x49A8, 0x49A8, 0x4187, 0x4167,
    0x4167, 0x4988, 0x49A8, 0x49A8, 0x49A8, 0x49A8, 0x49A8, 0x49A8, 0x49A8, 0x4988, 0x4167, 0x4188,
    0x4188, 0x4188, 0x4988, 0x49A8, 0x49C9, 0x49A8, 0x4167, 0x4147, 0x3947, 0x4147, 0x4167, 0x4167,
    0x4167, 0x4187, 0x4187, 0x4187, 0x4167, 0x4167, 0x4167, 0x4187, 0x49C8, 0x49C8, 0x49C8, 0x49A8,
    0x49A8, 0x49A8, 0x4167, 0x4167, 0x4167, 0x4167, 0x4167, 0x4167, 0x4167, 0x4167, 0x4167, 0x4188,
    0x4167, 0x4167, 0x4187, 0x41A8, 0x4187, 0x4167, 0x3946, 0x3946, 0x3126, 0x3105, 0x3126, 0x3926,
    0x3946, 0x3946, 0x3946, 0x4167, 0x4187, 0x4187, 0x49A8, 0x51C9, 0x49C9, 0x51C9, 0x51C9, 0x51C9,
    0x51C9, 0x51C9, 0x51C9, 0x51C9, 0x51C9, 0x51C9, 0x51C9, 0x51C9, 0x59EA, 0x59EA, 0x5A0A, 0x5A0A,
    0x59EA, 0x5A0A, 0x620B, 0x620B, 0x620B, 0x622B, 0x622B, 0x622B, 0x51EA, 0x30E5, 0x4947, 0x59CA,
    0x620B, 0x620B, 0x51C9, 0x4168, 0x4167, 0x4187, 0x3946, 0x4167, 0x4167, 0x4988, 0x59EA, 0x620A,
    0x622B, 0x4988, 0x3106, 0x2905, 0x2905, 0x2905, 0x2905, 0x3105, 0x3126, 0x4167, 0x4988, 0x4988,
    0x49A8, 0x4988, 0x4167, 0x3947, 0x3967, 0x3966, 0x3946, 0x3146, 0x3126, 0x3146, 0x3126, 0x3125,
    0x3126, 0x3126, 0x3126, 0x3125, 0x3125, 0x3105, 0x3125, 0x3146, 0x3126, 0x3125, 0x2905, 0x3105,
    0x3105, 0x3105, 0x3125, 0x3126, 0x3125, 0x3126, 0x3126, 0x3946, 0x3946, 0x4167, 0x4167, 0x4167,
    0x4167, 0x4167, 0x4167, 0x4167, 0x4167, 0x4187, 0x4167, 0x4167, 0x4167, 0x4167, 0x4167, 0x4167,
    0x4167, 0x3967, 0x3946, 0x3946, 0x3126, 0x3126, 0x3106, 0x3106, 0x3927, 0x3947, 0x4167, 0x4168,
    0x4168, 0x4168, 0x4168, 0x4167, 0x4167, 0x3947, 0x3947, 0x3946, 0x3946, 0x3947, 0x3967, 0x4167,
    0x4187, 0x4167, 0x4167, 0x4187, 0x4187, 0x4187, 0x4187, 0x4167, 0x4167, 0x4167, 0x3967, 0x3946,
    0x3947, 0x3947, 0x3947, 0x4167, 0x4168, 0x4168, 0x4168, 0x4167, 0x4167, 0x4188, 0x4167, 0x4187,
    0x4187, 0x3967, 0x3106, 0x28E5, 0x28E5, 0x28E4, 0x28E4, 0x20E4, 0x20C4, 0x18A3, 0x18A3, 0x20C4,
    0x20C4, 0x28E4, 0x28E5, 0x2905, 0x3105, 0x2905, 0x28E5, 0x28E4, 0x2905, 0x2905, 0x2905, 0x2905,
    0x2905, 0x3105, 0x3125, 0x3105, 0x3126, 0x3146, 0x3125, 0x2905, 0x2905, 0x2905, 0x2905, 0x2905,
    0x2905, 0x2905, 0x2905, 0x3947, 0x4188, 0x4188, 0x4167, 0x4167, 0x4167, 0x4167, 0x4167, 0x4167,
    0x4167, 0x4167, 0x4167, 0x4167, 0x4187, 0x4187, 0x3967, 0x3967, 0x3947, 0x3126, 0x3105, 0x3106,
    0x3105, 0x3126, 0x3966, 0x4167, 0x4167, 0x4187, 0x4167, 0x3947, 0x3946, 0x3926, 0x3946, 0x3946,
    0x4187, 0x4187, 0x4187, 0x4187, 0x4187, 0x4187, 0x4187, 0x4167, 0x4187, 0x4187, 0x4187, 0x4187,
    0x4167, 0x4167, 0x3967, 0x3967, 0x3967, 0x3946, 0x3946, 0x3946, 0x3946, 0x3926, 0x3926, 0x3926,
    0x3946, 0x3946, 0x4167, 0x4188, 0x4188, 0x4188, 0x49A8, 0x49C8, 0x51C9, 0x51C9, 0x51C9, 0x51E9,
    0x51E9, 0x51E9, 0x59EA, 0x59EA, 0x5A0A, 0x59EA, 0x59E9, 0x622B, 0x624B, 0x624B, 0x622B, 0x5A0A,
    0x49A8, 0x4147, 0x3126, 0x28E5, 0x2905, 0x2905, 0x2905, 0x2905, 0x2905, 0x2905, 0x28E4, 0x28E5,
    0x28E4, 0x20E4, 0x20E4, 0x18A3, 0x18A3, 0x18A3, 0x1883, 0x18A3, 0x18A3, 0x18A3, 0x18A3, 0x18A3,
    0x20A4, 0x28E5, 0x28E5, 0x28E5, 0x2905, 0x3146, 0x3966, 0x3966, 0x3146, 0x3146, 0x3146, 0x3146,
    0x3126, 0x3126, 0x3946, 0x3946, 0x3146, 0x3125, 0x2905, 0x2905, 0x2905, 0x3105, 0x3146, 0x3146,
    0x3146, 0x3946, 0x3946, 0x3146, 0x3946, 0x3966, 0x3946, 0x3946, 0x3967, 0x4187, 0x4988, 0x49A8,
    0x49A8, 0x4988, 0x4187, 0x4167, 0x4167, 0x4988, 0x51C9, 0x51C9, 0x51C9, 0x49C9, 0x49A8, 0x49A8,
    0x4988, 0x4167, 0x4167, 0x4167, 0x4168, 0x4988, 0x49A8, 0x49A8, 0x49A8, 0x4188, 0x3947, 0x3926,
    0x4147, 0x4167, 0x4167, 0x4167, 0x4167, 0x4187, 0x4187, 0x4187, 0x4167, 0x4167, 0x4187, 0x49A8,
    0x51E9, 0x49C8, 0x49C8, 0x49A8, 0x49A8, 0x4187, 0x4167, 0x4167, 0x4167, 0x4167, 0x4167, 0x4167,
    0x4167, 0x3947, 0x4167, 0x4188, 0x4167, 0x4147, 0x4167, 0x4167, 0x3967, 0x3926, 0x3126, 0x3125,
    0x3105, 0x3105, 0x3946, 0x3946, 0x3946, 0x3946, 0x3946, 0x4167, 0x4167, 0x4167, 0x49A8, 0x49A8,
    0x49C9, 0x49A8, 0x49A8, 0x49A8, 0x49A8, 0x49A8, 0x49A8, 0x49A8, 0x4988, 0x49A8, 0x49A8, 0x51C9,
    0x59EA, 0x59E9, 0x5A0A, 0x5A0A, 0x5A0A, 0x620B, 0x620B, 0x620B, 0x620B, 0x620B, 0x622B, 0x622B,
    0x59EA, 0x30E6, 0x4167, 0x59C9, 0x622B, 0x6A2B, 0x59EA, 0x4988, 0x4167, 0x4167, 0x3946, 0x4167,
    0x4167, 0x4988, 0x51E9, 0x620A, 0x622B, 0x49A8, 0x3106, 0x28E5, 0x2905, 0x2905, 0x2905, 0x2905,
    0x3106, 0x3946, 0x4167, 0x4167, 0x4988, 0x4988, 0x4167, 0x3946, 0x3967, 0x3946, 0x3126, 0x3126,
    0x3126, 0x3126, 0x3126, 0x3125, 0x3126, 0x3126, 0x3125, 0x3105, 0x3105, 0x2905, 0x2905, 0x2905,
    0x2905, 0x2905, 0x2905, 0x2905, 0x2905, 0x2905, 0x2905, 0x2905, 0x3105, 0x2905, 0x3125, 0x3146,
    0x3946, 0x3946, 0x3946, 0x3946, 0x3966, 0x4167, 0x4167, 0x4167, 0x4167, 0x4188, 0x4188, 0x4168,
    0x4187, 0x4188, 0x4188, 0x4188, 0x4188, 0x4188, 0x4167, 0x4167, 0x3967, 0x3947, 0x3926, 0x3926,
    0x3927, 0x4147, 0x4147, 0x4168, 0x4168, 0x4168, 0x4168, 0x4167, 0x4167, 0x4167, 0x4167, 0x4167,
    0x4167, 0x4167, 0x4168, 0x4188, 0x4188, 0x4187, 0x4188, 0x4188, 0x4188, 0x4188, 0x4188, 0x4168,
    0x4188, 0x4188, 0x4168, 0x4167, 0x4147, 0x4147, 0x4167, 0x4168, 0x4188, 0x4188, 0x4168, 0x4167,
    0x4167, 0x4167, 0x4167, 0x4188, 0x4188, 0x4167, 0x3926, 0x3105, 0x28E5, 0x28E5, 0x28E5, 0x20E4,
    0x20C4, 0x20A4, 0x20C4, 0x20E4, 0x28E5, 0x28E5, 0x28E5, 0x2905, 0x3105, 0x2905, 0x28E4, 0x28E5,
    0x2905, 0x2905, 0x2905, 0x28E5, 0x2905, 0x2905, 0x3105, 0x3105, 0x3125, 0x3126, 0x2925, 0x2905,
    0x2905, 0x2905, 0x2905, 0x2905, 0x2905, 0x2905, 0x2905, 0x3947, 0x4167, 0x4988, 0x4988, 0x4167,
    0x4167, 0x4167, 0x4167, 0x4167, 0x4167, 0x4167, 0x4167, 0x4167, 0x4167, 0x4187, 0x4187, 0x4167,
    0x4167, 0x3967, 0x3126, 0x3105, 0x28E5, 0x3105, 0x3126, 0x3946, 0x3966, 0x3967, 0x4187, 0x4187,
    0x3967, 0x3947, 0x3946, 0x3926, 0x4167, 0x4167, 0x4167, 0x4187, 0x4187, 0x4187, 0x4187, 0x4167,
    0x4167, 0x4167, 0x3946, 0x3946, 0x3946, 0x3946, 0x3946, 0x3946, 0x3126, 0x3126, 0x3126, 0x3946,
    0x3946, 0x3926, 0x3946, 0x3946, 0x4147, 0x3947, 0x4167, 0x4188, 0x4188, 0x4167, 0x4187, 0x4187,
    0x4187, 0x4167, 0x4167, 0x4988, 0x4988, 0x49A8, 0x49A8, 0x49A8, 0x49C9, 0x49A8, 0x4167, 0x4167,
    0x49A9, 0x51EA, 0x51C9, 0x49A8, 0x3946, 0x3126, 0x3105, 0x28E5, 0x2905, 0x2905, 0x2905, 0x2905,
    0x28E5, 0x28E5, 0x28E5, 0x20C4, 0x20C4, 0x20C4, 0x20C4, 0x18A3, 0x1083, 0x18A3, 0x18A3, 0x18A3,
    0x18A3, 0x20C3, 0x20C4, 0x28E4, 0x2905, 0x3105, 0x3126, 0x3126, 0x3126, 0x3146, 0x3126, 0x3125,
    0x3105, 0x2905, 0x3105, 0x3126, 0x3146, 0x3126, 0x3105, 0x3105, 0x3105, 0x2905, 0x2905, 0x2905,
    0x2905, 0x3125, 0x3125, 0x3126, 0x3146, 0x3946, 0x3926, 0x3926, 0x3946, 0x3946, 0x3966, 0x3967,
    0x4187, 0x41A8, 0x4188, 0x4187, 0x4167, 0x4988, 0x49A8, 0x4988, 0x49A8, 0x49A9, 0x51C9, 0x49A8,
    0x49A8, 0x4988, 0x4988, 0x4988, 0x4167, 0x4167, 0x4188, 0x4988, 0x49A8, 0x49A8, 0x4988, 0x4167,
    0x4147, 0x4147, 0x3947, 0x4147, 0x4167, 0x4167, 0x4167, 0x4167, 0x4167, 0x4187, 0x4187, 0x4187,
    0x4187, 0x4988, 0x49A8, 0x49A8, 0x49A8, 0x4988, 0x4187, 0x4187, 0x4187, 0x4167, 0x4167, 0x4167,
    0x4167, 0x4167, 0x4167, 0x4167, 0x4167, 0x3966, 0x3947, 0x4167, 0x4167, 0x4167, 0x4147, 0x3967,
    0x3946, 0x3126, 0x3105, 0x28E5, 0x3105, 0x3126, 0x3966, 0x3946, 0x3946, 0x3946, 0x3946, 0x3947,
    0x4167, 0x4187, 0x4167, 0x4147, 0x4187, 0x4188, 0x4187, 0x4187, 0x4187, 0x4187, 0x4187, 0x4167,
    0x4167, 0x4988, 0x49A8, 0x49A8, 0x51E9, 0x51E9, 0x59E9, 0x5A0A, 0x5A0A, 0x5A0B, 0x5A0B, 0x59EB,
    0x61EB, 0x61EB, 0x620B, 0x620B, 0x51C9, 0x3906, 0x4146, 0x51A8, 0x622B, 0x6A4B, 0x622B, 0x51A9,
    0x4167, 0x4147, 0x3966, 0x4167, 0x4167, 0x4988, 0x51E9, 0x622B, 0x622B, 0x49C9, 0x3926, 0x28E5,
    0x2905, 0x2905, 0x2905, 0x2905, 0x2905, 0x3126, 0x4167, 0x4167, 0x4167, 0x4187, 0x3967, 0x3946,
    0x3946, 0x3126, 0x3105, 0x3105, 0x3105, 0x3126, 0x3126, 0x3125, 0x3126, 0x3105, 0x3105, 0x3106,
    0x2905, 0x3126, 0x20C4, 0x18A3, 0x18A3, 0x20A4, 0x20C4, 0x2905, 0x2905, 0x3105, 0x3105, 0x3105,
    0x3125, 0x3125, 0x3125, 0x3105, 0x3125, 0x3126, 0x3126, 0x3126, 0x3146, 0x3946, 0x3947, 0x3947,
    0x3967, 0x3967, 0x3967, 0x4167, 0x4167, 0x4187, 0x4187, 0x4167, 0x4167, 0x4167, 0x4167, 0x4167,
    0x4167, 0x4167, 0x4147, 0x4167, 0x4167, 0x4167, 0x4168, 0x4168, 0x4168, 0x4168, 0x4167, 0x4167,
    0x4147, 0x4167, 0x4168, 0x4167, 0x4168, 0x4968, 0x4168, 0x4968, 0x4968, 0x4968, 0x4188, 0x4188,
    0x4188, 0x4988, 0x4988, 0x4988, 0x49A8, 0x49A8, 0x49A8, 0x49A8, 0x49A8, 0x49A8, 0x49A9, 0x49A9,
    0x49A8, 0x4988, 0x4168, 0x4167, 0x4167, 0x4167, 0x4167, 0x4188, 0x4188, 0x4167, 0x3947, 0x3106,
    0x28E4, 0x28E5, 0x2905, 0x28E5, 0x20E4, 0x28E5, 0x28E4, 0x28E4, 0x28E5, 0x2905, 0x2905, 0x3105,
    0x2905, 0x20E4, 0x20C4, 0x28E5, 0x2905, 0x2905, 0x28E5, 0x28E4, 0x2905, 0x3125, 0x2905, 0x3125,
    0x3125, 0x3125, 0x2925, 0x2905, 0x2905, 0x2905, 0x2905, 0x2905, 0x2905, 0x2905, 0x28E5, 0x3926,
    0x3947, 0x4188, 0x4988, 0x4988, 0x4988, 0x4988, 0x4167, 0x4167, 0x4167, 0x4167, 0x4167, 0x4167,
    0x4167, 0x4167, 0x4167, 0x4167, 0x4167, 0x4167, 0x3947, 0x3946, 0x3946, 0x3146, 0x3126, 0x3105,
    0x2905, 0x2905, 0x3946, 0x3947, 0x3967, 0x4187, 0x4187, 0x4167, 0x3947, 0x4167, 0x4167, 0x4187,
    0x4187, 0x4187, 0x4187, 0x4167, 0x3966, 0x3946, 0x3926, 0x3126, 0x3126, 0x3126, 0x3126, 0x3946,
    0x3106, 0x3106, 0x3926, 0x3946, 0x3947, 0x4167, 0x4167, 0x4167, 0x4187, 0x3967, 0x4167, 0x4187,
    0x4187, 0x4167, 0x3967, 0x3967, 0x3967, 0x3947, 0x4147, 0x4147, 0x4147, 0x4167, 0x4187, 0x4187,
    0x4187, 0x4167, 0x3126, 0x28C4, 0x3126, 0x3967, 0x3947, 0x3126, 0x2905, 0x28E5, 0x28E5, 0x28E5,
    0x28E5, 0x2905, 0x28E5, 0x28E5, 0x2905, 0x2905, 0x2904, 0x20C4, 0x18A3, 0x18A3, 0x18A3, 0x1883,
    0x1882, 0x1883, 0x18A3, 0x20C4, 0x20C4, 0x20E4, 0x2905, 0x3146, 0x3946, 0x3146, 0x3946, 0x3146,
    0x3146, 0x3126, 0x2905, 0x28E4, 0x28E5, 0x28E5, 0x3125, 0x3146, 0x3126, 0x3125, 0x2905, 0x28E5,
    0x28E5, 0x2905, 0x3126, 0x3126, 0x3126, 0x3126, 0x3125, 0x3125, 0x3946, 0x3946, 0x3926, 0x3946,
    0x3947, 0x4167, 0x4167, 0x4187, 0x4988, 0x4988, 0x4188, 0x4167, 0x4187, 0x49A8, 0x51C9, 0x51C9,
    0x51C9, 0x49C9, 0x49C9, 0x49A8, 0x4188, 0x4167, 0x4167, 0x4167, 0x4167, 0x4988, 0x49A8, 0x49A8,
    0x49A8, 0x4188, 0x4167, 0x4147, 0x3926, 0x4167, 0x4167, 0x4167, 0x4167, 0x4168, 0x4167, 0x4167,
    0x4167, 0x4187, 0x4187, 0x4187, 0x49A8, 0x49A8, 0x49A8, 0x49A8, 0x4988, 0x4188, 0x4167, 0x4147,
    0x4167, 0x4167, 0x4167, 0x4167, 0x4167, 0x4167, 0x4167, 0x4167, 0x4167, 0x3946, 0x3946, 0x3946,
    0x4167, 0x4187, 0x3946, 0x3946, 0x3946, 0x3125, 0x28E4, 0x20C4, 0x3125, 0x3946, 0x3966, 0x3946,
    0x3946, 0x3946, 0x3946, 0x3947, 0x4147, 0x4167, 0x3947, 0x3926, 0x4147, 0x4167, 0x4147, 0x4167,
    0x3967, 0x3967, 0x3967, 0x4167, 0x4167, 0x4988, 0x49A8, 0x49A8, 0x51E9, 0x51E9, 0x51E9, 0x5A0A,
    0x5A0A, 0x5A0A, 0x59EA, 0x59EA, 0x59CA, 0x59EA, 0x59EA, 0x5A0A, 0x59C9, 0x4146, 0x3926, 0x4987,
    0x620A, 0x6A4B, 0x624B, 0x51E9, 0x4988, 0x4167, 0x4167, 0x4187, 0x4187, 0x4988, 0x51C9, 0x620A,
    0x620B, 0x51C9, 0x3947, 0x3105, 0x2905, 0x2905, 0x2905, 0x2905, 0x28E5, 0x3126, 0x3946, 0x3946,
    0x4167, 0x4167, 0x3946, 0x3926, 0x3926, 0x3106, 0x3105, 0x3105, 0x2905, 0x3126, 0x3126, 0x3105,
    0x3106, 0x3105, 0x3105, 0x2905, 0x2905, 0x3126, 0x1883, 0x0842, 0x1042, 0x1062, 0x18A3, 0x20E4,
    0x28E5, 0x2905, 0x2905, 0x2905, 0x3125, 0x3125, 0x3125, 0x2905, 0x2905, 0x2905, 0x3105, 0x3105,
    0x3125, 0x3126, 0x3146, 0x3966, 0x3966, 0x3966, 0x3966, 0x4167, 0x4167, 0x4187, 0x4167, 0x4167,
    0x4167, 0x4167, 0x4167, 0x4167, 0x4167, 0x4167, 0x4988, 0x49A8, 0x49A9, 0x49A9, 0x4988, 0x4188,
    0x4168, 0x4168, 0x4167, 0x4147, 0x4147, 0x4988, 0x49A9, 0x49A8, 0x49A8, 0x51A9, 0x49A9, 0x49A9,
    0x51A9, 0x49A9, 0x49A9, 0x49A9, 0x49A9, 0x49A8, 0x49A9, 0x49C9, 0x51C9, 0x51E9, 0x51E9, 0x51E9,
    0x51E9, 0x51E9, 0x51EA, 0x51EA, 0x51C9, 0x4988, 0x4988, 0x4188, 0x4168, 0x4167, 0x4167, 0x4167,
    0x4187, 0x4187, 0x4167, 0x3926, 0x28E4, 0x28E4, 0x2905, 0x2905, 0x2905, 0x2905, 0x28E5, 0x28E5,
    0x28E5, 0x2905, 0x3105, 0x3105, 0x2905, 0x20C4, 0x20A4, 0x28E4, 0x2905, 0x2905, 0x2905, 0x28E4,
    0x2905, 0x2905, 0x3125, 0x3125, 0x3125, 0x3105, 0x3125, 0x3105, 0x2905, 0x2905, 0x2905, 0x2905,
    0x2905, 0x2905, 0x28E5, 0x3106, 0x3946, 0x4167, 0x4167, 0x4988, 0x49A8, 0x49A8, 0x4988, 0x4188,
    0x4188, 0x4167, 0x4167, 0x4167, 0x4167, 0x4167, 0x4167, 0x4167, 0x4167, 0x3946, 0x3946, 0x4167,
    0x4187, 0x3967, 0x3946, 0x3126, 0x2905, 0x28E5, 0x2905, 0x3105, 0x3946, 0x3967, 0x4187, 0x4167,
    0x4147, 0x3947, 0x3967, 0x3967, 0x3967, 0x3967, 0x3966, 0x3946, 0x3126, 0x3125, 0x3126, 0x3926,
    0x3926, 0x3926, 0x3946, 0x3967, 0x3946, 0x3946, 0x3947, 0x4167, 0x4167, 0x4167, 0x4167, 0x4167,
    0x3967, 0x3967, 0x3947, 0x3947, 0x4167, 0x4167, 0x4167, 0x4167, 0x4167, 0x4167, 0x4167, 0x4167,
    0x4167, 0x4167, 0x4167, 0x4167, 0x3967, 0x3967, 0x3946, 0x30E5, 0x28E4, 0x28E5, 0x28E5, 0x2905,
    0x2905, 0x28E4, 0x28E4, 0x28E5, 0x28E5, 0x20C4, 0x20C4, 0x28C4, 0x28E4, 0x20C4, 0x20C4, 0x20C4,
    0x20C4, 0x20C4, 0x20E4, 0x20E4, 0x20C4, 0x20C4, 0x28E5, 0x2905, 0x3105, 0x2905, 0x3125, 0x3126,
    0x3126, 0x3125, 0x3126, 0x3125, 0x3125, 0x2925, 0x2905, 0x2905, 0x3105, 0x3125, 0x3105, 0x3105,
    0x3105, 0x3105, 0x3105, 0x3126, 0x3126, 0x3126, 0x3146, 0x3146, 0x3146, 0x3126, 0x3126, 0x3946,
    0x3947, 0x3947, 0x4147, 0x4167, 0x4167, 0x4167, 0x4167, 0x4167, 0x4167, 0x4988, 0x4988, 0x4988,
    0x49A8, 0x49A8, 0x49C9, 0x51C9, 0x49A8, 0x4988, 0x4988, 0x4167, 0x4188, 0x4187, 0x4187, 0x4987,
    0x49C8, 0x49C8, 0x49A8, 0x4187, 0x4167, 0x4167, 0x4147, 0x4167, 0x4167, 0x4188, 0x4988, 0x4188,
    0x4167, 0x4167, 0x4167, 0x4167, 0x4167, 0x4187, 0x4187, 0x4187, 0x49A8, 0x49A8, 0x4188, 0x4167,
    0x4167, 0x4167, 0x4147, 0x4147, 0x4167, 0x4167, 0x4167, 0x4187, 0x4187, 0x4167, 0x3966, 0x3966,
    0x3946, 0x3946, 0x3946, 0x3946, 0x3967, 0x3967, 0x3946, 0x3146, 0x3146, 0x2905, 0x28E4, 0x2905,
    0x3146, 0x3966, 0x3946, 0x3946, 0x3946, 0x3946, 0x3946, 0x4147, 0x3947, 0x3946, 0x3947, 0x3947,
    0x3947, 0x4147, 0x4167, 0x4167, 0x3947, 0x3947, 0x3947, 0x4167, 0x4167, 0x4988, 0x49C9, 0x49C9,
    0x49C9, 0x49C9, 0x49C9, 0x51E9, 0x51E9, 0x51E9, 0x51C9, 0x51C9, 0x51E9, 0x59EA, 0x59E9, 0x59E9,
    0x51C9, 0x4167, 0x3106, 0x4147, 0x59EA, 0x6A4B, 0x6A4B, 0x620A, 0x51C9, 0x4188, 0x4187, 0x4187,
    0x4187, 0x4988, 0x51C9, 0x59EA, 0x622B, 0x51C9, 0x3947, 0x3105, 0x2905, 0x2905, 0x2905, 0x2905,
    0x28E5, 0x3105, 0x3126, 0x3926, 0x3946, 0x3947, 0x3946, 0x3926, 0x3926, 0x3106, 0x3105, 0x2905,
    0x2905, 0x3126, 0x3126, 0x2905, 0x3105, 0x3105, 0x3105, 0x2905, 0x2905, 0x2905, 0x18A4, 0x1062,
    0x1042, 0x1062, 0x18A3, 0x18C3, 0x18A3, 0x18A3, 0x20C4, 0x20C4, 0x28E4, 0x2905, 0x2905, 0x2905,
    0x2925, 0x2905, 0x2905, 0x3105, 0x3105, 0x3105, 0x3125, 0x3126, 0x3125, 0x3126, 0x3946, 0x3947,
    0x3947, 0x4147, 0x4167, 0x4167, 0x4167, 0x4167, 0x4167, 0x4167, 0x4167, 0x4188, 0x49A8, 0x51E9,
    0x5A2A, 0x622B, 0x5A0A, 0x59EA, 0x51C9, 0x4988, 0x4168, 0x4988, 0x51A9, 0x59EA, 0x59EA, 0x51EA,
    0x51EA, 0x51EA, 0x51EA, 0x51EA, 0x51EA, 0x51EA, 0x51CA, 0x51C9, 0x51C9, 0x51C9, 0x51C9, 0x51C9,
    0x51E9, 0x51E9, 0x51E9, 0x51E9, 0x51E9, 0x51E9, 0x51C9, 0x51C9, 0x51A9, 0x4988, 0x4988, 0x4188,
    0x4188, 0x4167, 0x4167, 0x4167, 0x4967, 0x4188, 0x4188, 0x3946, 0x28E5, 0x28E5, 0x2905, 0x2905,
    0x2905, 0x2905, 0x2905, 0x2905, 0x28E5, 0x2905, 0x2905, 0x28E5, 0x28C4, 0x20C4, 0x20A4, 0x28E4,
    0x2905, 0x2905, 0x28E5, 0x28E4, 0x2905, 0x2905, 0x3125, 0x3125, 0x3125, 0x2905, 0x2905, 0x2905,
    0x2905, 0x2905, 0x2905, 0x2905, 0x2905, 0x2905, 0x3946, 0x3946, 0x3946, 0x4147, 0x3947, 0x4147,
    0x4167, 0x4187, 0x4188, 0x4188, 0x4988, 0x4188, 0x4167, 0x4167, 0x4167, 0x4167, 0x4167, 0x4167,
    0x4167, 0x4167, 0x4167, 0x4187, 0x3967, 0x3946, 0x3946, 0x3946, 0x3946, 0x3926, 0x3126, 0x3125,
    0x3946, 0x3926, 0x3926, 0x3926, 0x3947, 0x3946, 0x3947, 0x3946, 0x3946, 0x3946, 0x3126, 0x3125,
    0x3105, 0x3105, 0x3126, 0x3946, 0x4167, 0x4167, 0x4167, 0x4167, 0x4167, 0x4167, 0x4147, 0x4167,
    0x4167, 0x4147, 0x3947, 0x3947, 0x3947, 0x3947, 0x4147, 0x4147, 0x4167, 0x4167, 0x4167, 0x4167,
    0x4167, 0x4187, 0x4187, 0x4187, 0x4187, 0x4167, 0x3967, 0x3967, 0x3967, 0x3967, 0x3967, 0x3926,
    0x28E5, 0x28E5, 0x28E4, 0x2905, 0x2905, 0x28E5, 0x2905, 0x28E5, 0x28E5, 0x20A4, 0x20A4, 0x20C4,
    0x20C4, 0x20C4, 0x18A3, 0x2104, 0x2925, 0x3125, 0x3146, 0x3146, 0x3126, 0x3125, 0x3146, 0x3146,
    0x3146, 0x3126, 0x3125, 0x3126, 0x3105, 0x28E5, 0x28E5, 0x2905, 0x2905, 0x2905, 0x2905, 0x2905,
    0x3126, 0x3126, 0x3105, 0x3105, 0x3105, 0x3126, 0x3946, 0x3946, 0x3946, 0x3946, 0x3126, 0x3126,
    0x3146, 0x3946, 0x3946, 0x3967, 0x4187, 0x4167, 0x4188, 0x4988, 0x4988, 0x4167, 0x4147, 0x4147,
    0x4168, 0x49A8, 0x49A8, 0x49A8, 0x49A8, 0x49A8, 0x49C9, 0x49A8, 0x4988, 0x4167, 0x4167, 0x4167,
    0x4988, 0x49A8, 0x49A8, 0x49C8, 0x51C9, 0x49C8, 0x4187, 0x4146, 0x4167, 0x4167, 0x4988, 0x4988,
    0x49A8, 0x49C8, 0x49A8, 0x4188, 0x4167, 0x4167, 0x4147, 0x4147, 0x4167, 0x4187, 0x4187, 0x4188,
    0x49A8, 0x49A8, 0x4167, 0x4147, 0x3947, 0x4147, 0x4167, 0x4167, 0x4167, 0x4167, 0x4167, 0x4187,
    0x4187, 0x4187, 0x3966, 0x3126, 0x3946, 0x3946, 0x3967, 0x3967, 0x3946, 0x3966, 0x3146, 0x3126,
    0x2905, 0x2905, 0x2905, 0x3146, 0x3146, 0x3966, 0x3946, 0x3946, 0x3946, 0x3946, 0x4166, 0x4147,
    0x3947, 0x3926, 0x3947, 0x4167, 0x3967, 0x3947, 0x4167, 0x4167, 0x3946, 0x3946, 0x3926, 0x4147,
    0x4188, 0x49A8, 0x51C9, 0x51C9, 0x49A8, 0x49A8, 0x49A8, 0x49C9, 0x49C9, 0x51C9, 0x49A8, 0x51C9,
    0x51E9, 0x59EA, 0x51E9, 0x51C9, 0x49A8, 0x4167, 0x28E5, 0x3126, 0x51E9, 0x6A4B, 0x6A4B, 0x6A4B,
    0x5A0A, 0x49A8, 0x4187, 0x4167, 0x4187, 0x4988, 0x51C9, 0x5A0A, 0x622B, 0x51C9, 0x3967, 0x3105,
    0x2905, 0x2905, 0x2905, 0x2905, 0x2905, 0x2905, 0x3105, 0x3126, 0x3946, 0x3946, 0x3946, 0x3126,
    0x3106, 0x3105, 0x3105, 0x3105, 0x3105, 0x3106, 0x3105, 0x2905, 0x3105, 0x3105, 0x3125, 0x2905,
    0x2905, 0x2905, 0x20C4, 0x1062, 0x1062, 0x1062, 0x1082, 0x18A3, 0x1083, 0x1062, 0x1082, 0x1082,
    0x18A3, 0x20E4, 0x20E4, 0x28E5, 0x2905, 0x2905, 0x2905, 0x3105, 0x2905, 0x2905, 0x2905, 0x2905,
    0x2905, 0x3105, 0x3126, 0x3946, 0x3946, 0x3947, 0x3947, 0x4167, 0x4167, 0x4167, 0x4167, 0x4167,
    0x4167, 0x4188, 0x51C9, 0x5A0A, 0x624B, 0x6A6C, 0x6A4B, 0x6A4B, 0x620A, 0x51C9, 0x49A9, 0x51C9,
    0x5A0A, 0x5A2A, 0x5A0A, 0x5A0A, 0x5A0A, 0x5A0A, 0x5A0A, 0x59EA, 0x51EA, 0x51EA, 0x51C9, 0x51C9,
    0x51C9, 0x51C9, 0x49A9, 0x49A9, 0x49A9, 0x49C9, 0x51C9, 0x51C9, 0x51C9, 0x49A8, 0x49A8, 0x49A8,
    0x49A8, 0x4988, 0x4187, 0x4188, 0x4187, 0x4167, 0x4167, 0x4167, 0x4988, 0x4988, 0x4188, 0x3946,
    0x2905, 0x2905, 0x3125, 0x3125, 0x3125, 0x3105, 0x3105, 0x3105, 0x2905, 0x2905, 0x28E4, 0x20C4,
    0x20A3, 0x20A4, 0x20C4, 0x28E5, 0x2905, 0x28E5, 0x28E4, 0x28E4, 0x2905, 0x2905, 0x2905, 0x2905,
    0x2905, 0x2905, 0x2905, 0x2905, 0x2905, 0x2905, 0x2905, 0x2905, 0x28E5, 0x2905, 0x4187, 0x4167,
    0x4167, 0x3946, 0x3946, 0x3946, 0x3946, 0x4147, 0x4167, 0x4187, 0x4988, 0x4988, 0x4988, 0x4188,
    0x4167, 0x4167, 0x4167, 0x4167, 0x4167, 0x4187, 0x4187, 0x4187, 0x3967, 0x3946, 0x3946, 0x3967,
    0x3967, 0x3967, 0x3947, 0x3967, 0x3967, 0x3126, 0x3105, 0x3105, 0x3126, 0x3126, 0x3946, 0x3946,
    0x3946, 0x3946, 0x3946, 0x3946, 0x3946, 0x3946, 0x3967, 0x4167, 0x4187, 0x4187, 0x4167, 0x4147,
    0x4167, 0x3947, 0x4147, 0x4167, 0x3947, 0x4167, 0x4167, 0x4147, 0x4147, 0x4147, 0x4167, 0x4167,
    0x4167, 0x4167, 0x4167, 0x4167, 0x4167, 0x4167, 0x3967, 0x3967, 0x3967, 0x3967, 0x3947, 0x3967,
    0x3967, 0x3967, 0x3967, 0x3967, 0x3146, 0x3946, 0x3146, 0x3126, 0x3105, 0x2905, 0x3125, 0x3125,
    0x3126, 0x3125, 0x3105, 0x3105, 0x2905, 0x28E5, 0x2905, 0x3125, 0x3126, 0x3146, 0x3946, 0x3946,
    0x3946, 0x3146, 0x3946, 0x3146, 0x3125, 0x2905, 0x2905, 0x2905, 0x2905, 0x2905, 0x28E5, 0x2905,
    0x2925, 0x2925, 0x2905, 0x2905, 0x3146, 0x3946, 0x3126, 0x3126, 0x3946, 0x3946, 0x3946, 0x3946,
    0x3946, 0x3926, 0x3126, 0x3946, 0x3946, 0x3967, 0x3967, 0x4187, 0x4187, 0x4167, 0x4167, 0x4167,
    0x4988, 0x4988, 0x4167, 0x4188, 0x49A8, 0x49A8, 0x49A8, 0x49C9, 0x49A8, 0x49A8, 0x49A8, 0x49A8,
    0x4988, 0x4988, 0x4988, 0x4988, 0x4988, 0x4988, 0x49A8, 0x4988, 0x4987, 0x4187, 0x4167, 0x4167,
    0x4988, 0x49A8, 0x49A9, 0x49C9, 0x49C9, 0x49A8, 0x4167, 0x4167, 0x4167, 0x4147, 0x4147, 0x4147,
    0x4167, 0x4187, 0x4187, 0x4187, 0x4167, 0x4167, 0x4147, 0x4147, 0x4167, 0x4167, 0x4167, 0x4167,
    0x4187, 0x4187, 0x4167, 0x4167, 0x3947, 0x3966, 0x3947, 0x3926, 0x3946, 0x3946, 0x3967, 0x3967,
    0x3946, 0x3146, 0x3125, 0x2905, 0x3105, 0x3125, 0x3126, 0x3967, 0x3967, 0x3966, 0x3947, 0x3946,
    0x3946, 0x3947, 0x4167, 0x3947, 0x4147, 0x4167, 0x3947, 0x3947, 0x3947, 0x3947, 0x3967, 0x3967,
    0x3946, 0x3926, 0x3946, 0x4167, 0x4988, 0x49C9, 0x49A8, 0x49A8, 0x4988, 0x4988, 0x4988, 0x4988,
    0x4988, 0x4988, 0x4188, 0x4988, 0x49A8, 0x49A8, 0x4187, 0x3967, 0x3146, 0x2905, 0x20C4, 0x28E5,
    0x49A8, 0x5A2A, 0x6A6B, 0x6A4B, 0x622B, 0x51E9, 0x4988, 0x4167, 0x4167, 0x4188, 0x51C9, 0x5A0A,
    0x5A2A, 0x49A9, 0x3946, 0x3105, 0x2905, 0x28E5, 0x28E5, 0x2905, 0x2905, 0x2905, 0x3105, 0x3125,
    0x3126, 0x3146, 0x3126, 0x3126, 0x3105, 0x3105, 0x3105, 0x3105, 0x3105, 0x2905, 0x2905, 0x2905,
    0x3125, 0x3125, 0x3125, 0x3105, 0x2905, 0x28E5, 0x18A3, 0x1062, 0x1082, 0x1062, 0x1082, 0x18A3,
    0x18A3, 0x10A3, 0x10A3, 0x1083, 0x18C3, 0x20E4, 0x20C4, 0x20C4, 0x20E4, 0x28E4, 0x28E4, 0x28E4,
    0x28E5, 0x2905, 0x28E5, 0x28E5, 0x2905, 0x3105, 0x3105, 0x3126, 0x3126, 0x3926, 0x3946, 0x3947,
    0x3967, 0x4167, 0x4167, 0x4167, 0x4167, 0x4167, 0x49A8, 0x51C9, 0x59E9, 0x5A0A, 0x5A0A, 0x5A0A,
    0x51E9, 0x51C9, 0x49A8, 0x51A9, 0x51C9, 0x51C9, 0x51C9, 0x49C9, 0x51C8, 0x49C9, 0x49C9, 0x49A9,
    0x49A9, 0x4988, 0x4988, 0x4988, 0x4988, 0x4988, 0x4988, 0x4988, 0x4988, 0x49A8, 0x49A8, 0x4988,
    0x4988, 0x4988, 0x4988, 0x49A8, 0x4988, 0x4187, 0x4167, 0x4187, 0x4167, 0x4167, 0x4167, 0x4167,
    0x4168, 0x4188, 0x4188, 0x3946, 0x28E5, 0x2905, 0x2905, 0x2905, 0x2905, 0x2905, 0x2905, 0x28E5,
    0x28E4, 0x20E4, 0x20C4, 0x20C4, 0x20A4, 0x20C4, 0x2905, 0x2905, 0x28E5, 0x28E4, 0x28E4, 0x28E5,
    0x2905, 0x2905, 0x2905, 0x2905, 0x2905, 0x2905, 0x2905, 0x2905, 0x2905, 0x2905, 0x2905, 0x28E5,
    0x2905, 0x3146, 0x4187, 0x4167, 0x4167, 0x4167, 0x4167, 0x4167, 0x4147, 0x3947, 0x3947, 0x4167,
    0x4167, 0x4167, 0x4187, 0x4167, 0x4167, 0x4167, 0x4167, 0x4167, 0x4187, 0x4187, 0x4187, 0x4187,
    0x4167, 0x4167, 0x4146, 0x3947, 0x3947, 0x3947, 0x3947, 0x4187, 0x4167, 0x3946, 0x3946, 0x3946,
    0x3126, 0x3126, 0x3946, 0x3967, 0x3967, 0x4167, 0x4167, 0x4187, 0x4167, 0x4187, 0x4187, 0x4167,
    0x4167, 0x4167, 0x4167, 0x3947, 0x3947, 0x3947, 0x3947, 0x4147, 0x4147, 0x4167, 0x4167, 0x4167,
    0x4167, 0x4167, 0x4167, 0x4167, 0x4168, 0x4167, 0x4167, 0x3947, 0x3946, 0x3947, 0x3947, 0x3946,
    0x3146, 0x3146, 0x3126, 0x3146, 0x3967, 0x3967, 0x3967, 0x3967, 0x3967, 0x3967, 0x3967, 0x3146,
    0x3126, 0x3126, 0x3967, 0x3967, 0x3967, 0x4187, 0x3967, 0x3946, 0x3146, 0x3125, 0x3146, 0x3146,
    0x3126, 0x3946, 0x3946, 0x3926, 0x3126, 0x3946, 0x3146, 0x3126, 0x2905, 0x2905, 0x2905, 0x28E5,
    0x2905, 0x3125, 0x3125, 0x3125, 0x3125, 0x3125, 0x3105, 0x3126, 0x3946, 0x3946, 0x3946, 0x3946,
    0x3946, 0x3946, 0x3926, 0x3946, 0x3926, 0x3926, 0x3947, 0x4167, 0x4167, 0x4187, 0x4167, 0x4187,
    0x4187, 0x4167, 0x3946, 0x3946, 0x4988, 0x49A8, 0x49A8, 0x49A8, 0x49A8, 0x49A8, 0x49A8, 0x49A8,
    0x49A8, 0x4188, 0x4167, 0x4988, 0x49A8, 0x49A8, 0x49A8, 0x49A8, 0x49A8, 0x4188, 0x4167, 0x4146,
    0x4146, 0x4167, 0x4187, 0x49A8, 0x51C9, 0x51C9, 0x51C9, 0x49A9, 0x49A8, 0x4167, 0x3946, 0x3946,
    0x3967, 0x4167, 0x4167, 0x4167, 0x4167, 0x4167, 0x4167, 0x3946, 0x3926, 0x3926, 0x3926, 0x3947,
    0x4187, 0x4187, 0x4167, 0x4187, 0x4187, 0x4187, 0x4167, 0x3946, 0x3126, 0x3926, 0x3946, 0x3946,
    0x3946, 0x3946, 0x3946, 0x3966, 0x3146, 0x2925, 0x28E5, 0x28E5, 0x3126, 0x3946, 0x3946, 0x4167,
    0x4167, 0x3967, 0x4167, 0x3946, 0x3947, 0x4167, 0x3947, 0x3946, 0x4167, 0x4167, 0x3946, 0x3926,
    0x3947, 0x4167, 0x3966, 0x3946, 0x3946, 0x3926, 0x4147, 0x4988, 0x4988, 0x4988, 0x4988, 0x4167,
    0x4167, 0x4167, 0x4167, 0x4167, 0x4147, 0x3947, 0x3947, 0x3947, 0x3946, 0x3126, 0x28E5, 0x28E4,
    0x20E4, 0x18A3, 0x1883, 0x20C4, 0x3946, 0x51C9, 0x624B, 0x6A4B, 0x622B, 0x622A, 0x51C8, 0x4167,
    0x3946, 0x4167, 0x51C9, 0x59EA, 0x5A0A, 0x4187, 0x3106, 0x2905, 0x2905, 0x28E5, 0x28E4, 0x2905,
    0x2905, 0x2905, 0x2905, 0x3125, 0x3125, 0x3125, 0x3125, 0x3125, 0x3125, 0x3105, 0x2905, 0x2905,
    0x2905, 0x2905, 0x2905, 0x2905, 0x3125, 0x3125, 0x2905, 0x2905, 0x2905, 0x20C4, 0x1083, 0x1082,
    0x1082, 0x1082, 0x1082, 0x1082, 0x18A3, 0x18C4, 0x18C4, 0x18C4, 0x18C4, 0x18E4, 0x18C4, 0x1083,
    0x18A3, 0x20C4, 0x18C3, 0x18A3, 0x20E4, 0x2905, 0x28E4, 0x28E4, 0x2905, 0x3105, 0x2905, 0x2905,
    0x3105, 0x3105, 0x3126, 0x3946, 0x3946, 0x3946, 0x3947, 0x3967, 0x3967, 0x3967, 0x4167, 0x4167,
    0x4167, 0x4188, 0x49A8, 0x4988, 0x4188, 0x4187, 0x4188, 0x4167, 0x4167, 0x4167, 0x4167, 0x4167,
    0x4167, 0x4167, 0x4167, 0x4167, 0x4168, 0x4168, 0x4168, 0x4187, 0x4187, 0x4188, 0x4188, 0x4188,
    0x4187, 0x4187, 0x4187, 0x4187, 0x4187, 0x49A7, 0x4987, 0x41A8, 0x4187, 0x4167, 0x3966, 0x3966,
    0x3966, 0x3967, 0x4167, 0x4167, 0x4167, 0x4167, 0x3967, 0x2905, 0x20C4, 0x20C4, 0x20C4, 0x20C4,
    0x20C4, 0x20C4, 0x20A3, 0x18A3, 0x20A3, 0x18A3, 0x20A3, 0x20C4, 0x20E4, 0x28E5, 0x2905, 0x2905,
    0x20C4, 0x28E4, 0x2905, 0x2905, 0x3125, 0x28E5, 0x2905, 0x2905, 0x2905, 0x2905, 0x28E5, 0x2905,
    0x2905, 0x28E4, 0x20C4, 0x28E5, 0x3926, 0x4187, 0x4187, 0x4167, 0x4167, 0x4167, 0x4188, 0x4187,
    0x4167, 0x4167, 0x3926, 0x3947, 0x3946, 0x3946, 0x3946, 0x3967, 0x4167, 0x4187, 0x4188, 0x4187,
    0x4187, 0x4187, 0x4187, 0x4187, 0x4187, 0x4187, 0x4167, 0x3947, 0x3947, 0x3947, 0x3947, 0x4167,
    0x4167, 0x4187, 0x4187, 0x4187, 0x3947, 0x3947, 0x3967, 0x4167, 0x4167, 0x4167, 0x4167, 0x4167,
    0x4167, 0x4167, 0x4167, 0x4167, 0x4167, 0x4147, 0x4147, 0x4167, 0x4167, 0x4167, 0x4147, 0x4167,
    0x4167, 0x4188, 0x4168, 0x4167, 0x4167, 0x4167, 0x4167, 0x4167, 0x3967, 0x4167, 0x3947, 0x3946,
    0x3946, 0x3946, 0x3947, 0x3947, 0x3947, 0x3947, 0x3946, 0x3946, 0x3146, 0x3947, 0x3967, 0x3967,
    0x3946, 0x3146, 0x3946, 0x3946, 0x3946, 0x3967, 0x3967, 0x4187, 0x3967, 0x4187, 0x3946, 0x3146,
    0x3146, 0x3126, 0x3146, 0x3946, 0x3946, 0x3946, 0x3926, 0x3126, 0x3105, 0x3125, 0x3125, 0x2905,
    0x2905, 0x2905, 0x3105, 0x3105, 0x3125, 0x3126, 0x3126, 0x3126, 0x3126, 0x3126, 0x3946, 0x3146,
    0x3946, 0x3946, 0x3946, 0x3946, 0x3946, 0x3946, 0x3926, 0x3966, 0x3966, 0x3967, 0x4167, 0x4187,
    0x4167, 0x4167, 0x4167, 0x4187, 0x4187, 0x4187, 0x4167, 0x4167, 0x4988, 0x49A8, 0x49A8, 0x49A8,
    0x49A8, 0x49A8, 0x4988, 0x4188, 0x4988, 0x4167, 0x4167, 0x4988, 0x49A8, 0x49A8, 0x49A8, 0x4988,
    0x4988, 0x4168, 0x4167, 0x4167, 0x4187, 0x4988, 0x49A8, 0x49C8, 0x51C9, 0x49A9, 0x49A8, 0x4988,
    0x4167, 0x4147, 0x3947, 0x3947, 0x3967, 0x3967, 0x4167, 0x4167, 0x4167, 0x3967, 0x3946, 0x3946,
    0x3946, 0x3946, 0x3947, 0x4167, 0x4167, 0x4167, 0x4167, 0x4187, 0x4167, 0x4167, 0x3947, 0x3926,
    0x3126, 0x3946, 0x3967, 0x3946, 0x3146, 0x3946, 0x3926, 0x3926, 0x3126, 0x2905, 0x2905, 0x3126,
    0x3946, 0x3947, 0x4167, 0x4167, 0x4167, 0x4167, 0x3947, 0x3946, 0x3947, 0x4167, 0x3967, 0x3947,
    0x4167, 0x3967, 0x3947, 0x3947, 0x3967, 0x3967, 0x3946, 0x3946, 0x3946, 0x3946, 0x4167, 0x4988,
    0x4988, 0x4167, 0x4167, 0x4167, 0x4167, 0x4167, 0x4167, 0x4147, 0x3947, 0x3946, 0x3946, 0x3126,
    0x28E5, 0x28C4, 0x20C4, 0x20C4, 0x20C4, 0x1883, 0x1883, 0x20C4, 0x2905, 0x4167, 0x51E9, 0x5A2A,
    0x622B, 0x622B, 0x59E9, 0x49A8, 0x4187, 0x49A8, 0x51E9, 0x51E9, 0x51E9, 0x3947, 0x3105, 0x2905,
    0x28E5, 0x28E5, 0x28E5, 0x2905, 0x2905, 0x2905, 0x2925, 0x2925, 0x2925, 0x3125, 0x2925, 0x2925,
    0x3125, 0x2905, 0x2905, 0x2905, 0x2905, 0x2905, 0x2905, 0x2905, 0x2905, 0x2905, 0x2905, 0x2905,
    0x2905, 0x18A3, 0x1883, 0x10A2, 0x1082, 0x1082, 0x1082, 0x1062, 0x10A3, 0x18C4, 0x18C4, 0x18C4,
    0x18C4, 0x18C4, 0x18C4, 0x1083, 0x1883, 0x18C3, 0x18C3, 0x18A3, 0x20C4, 0x20E4, 0x28E4, 0x28E4,
    0x28E5, 0x2905, 0x2905, 0x2905, 0x2905, 0x28E5, 0x2905, 0x3126, 0x3126, 0x3126, 0x3146, 0x3946,
    0x3946, 0x3946, 0x3946, 0x3946, 0x3946, 0x3947, 0x3967, 0x3967, 0x3967, 0x3987, 0x4167, 0x4147,
    0x3947, 0x3947, 0x3947, 0x3947, 0x3947, 0x3947, 0x3947, 0x3947, 0x4167, 0x4167, 0x4167, 0x4167,
    0x4167, 0x4167, 0x4187, 0x4167, 0x4167, 0x4167, 0x4167, 0x3967, 0x3967, 0x3967, 0x3967, 0x3967,
    0x3967, 0x3946, 0x3126, 0x3126, 0x3126, 0x3146, 0x3946, 0x3946, 0x3946, 0x3126, 0x2905, 0x20E4,
    0x20A3, 0x20A4, 0x20C4, 0x20A4, 0x18A3, 0x20A3, 0x20A3, 0x20A3, 0x20C4, 0x20C4, 0x20C4, 0x20E4,
    0x28E4, 0x2905, 0x28E4, 0x20E4, 0x20E4, 0x28E4, 0x2905, 0x2905, 0x28E5, 0x28E4, 0x2905, 0x2905,
    0x28E5, 0x2905, 0x28E4, 0x28E4, 0x28E4, 0x20C4, 0x20E4, 0x3126, 0x4167, 0x4187, 0x4987, 0x4167,
    0x4167, 0x4187, 0x4187, 0x4167, 0x4167, 0x4167, 0x4147, 0x4167, 0x3947, 0x3946, 0x3947, 0x3947,
    0x3967, 0x3967, 0x4167, 0x4167, 0x4167, 0x4187, 0x4187, 0x4187, 0x4187, 0x4187, 0x4167, 0x4167,
    0x3947, 0x3967, 0x3947, 0x3946, 0x3946, 0x4167, 0x4167, 0x4167, 0x4188, 0x4188, 0x4187, 0x4167,
    0x4167, 0x3946, 0x3946, 0x3946, 0x3946, 0x3946, 0x3946, 0x4147, 0x4167, 0x4167, 0x4167, 0x4187,
    0x4187, 0x4187, 0x4187, 0x4187, 0x4188, 0x4187, 0x4188, 0x4167, 0x4167, 0x4167, 0x3967, 0x3946,
    0x3946, 0x3926, 0x3126, 0x3146, 0x3947, 0x3967, 0x3967, 0x4187, 0x4187, 0x4167, 0x4167, 0x3967,
    0x3146, 0x3126, 0x3126, 0x3146, 0x3126, 0x3126, 0x3926, 0x3947, 0x3947, 0x3967, 0x3946, 0x3126,
    0x3126, 0x3946, 0x3926, 0x3126, 0x3146, 0x3146, 0x3126, 0x3126, 0x3947, 0x3947, 0x3126, 0x3105,
    0x2905, 0x28E5, 0x28E5, 0x2905, 0x2905, 0x3125, 0x3126, 0x3946, 0x3146, 0x3146, 0x3946, 0x3946,
    0x3946, 0x3946, 0x3946, 0x3946, 0x3926, 0x3926, 0x3126, 0x3926, 0x3946, 0x3967, 0x3967, 0x4187,
    0x4187, 0x4187, 0x4187, 0x4167, 0x4167, 0x4147, 0x4167, 0x49A8, 0x49A8, 0x49C8, 0x49C8, 0x49C8,
    0x49A8, 0x49A8, 0x49A8, 0x49A8, 0x49A8, 0x49A8, 0x4167, 0x4167, 0x4188, 0x4988, 0x4988, 0x4988,
    0x4988, 0x4188, 0x4188, 0x4167, 0x4167, 0x4168, 0x4988, 0x49C8, 0x51C9, 0x51C9, 0x51C9, 0x49C8,
    0x49A8, 0x4988, 0x4167, 0x4147, 0x4147, 0x4167, 0x4167, 0x3967, 0x3946, 0x3947, 0x3967, 0x3967,
    0x3946, 0x3926, 0x3926, 0x3947, 0x4167, 0x4167, 0x4187, 0x4167, 0x3946, 0x3946, 0x4187, 0x4187,
    0x3967, 0x3946, 0x3926, 0x3926, 0x3946, 0x3967, 0x3967, 0x3946, 0x3146, 0x3146, 0x3126, 0x3105,
    0x3125, 0x3125, 0x3146, 0x3946, 0x3967, 0x4167, 0x4167, 0x4167, 0x4167, 0x4167, 0x3946, 0x4147,
    0x3947, 0x3947, 0x4167, 0x4167, 0x3947, 0x3967, 0x4167, 0x4187, 0x3967, 0x3946, 0x3146, 0x3146,
    0x3946, 0x4167, 0x4987, 0x49A8, 0x4988, 0x4167, 0x4167, 0x4167, 0x4188, 0x4188, 0x4147, 0x3947,
    0x3947, 0x3947, 0x3947, 0x30E5, 0x28C4, 0x20C4, 0x20E4, 0x20E4, 0x20E4, 0x20A3, 0x20C4, 0x20E4,
    0x20C4, 0x28E4, 0x4167, 0x51E9, 0x5A0A, 0x620A, 0x59EA, 0x51E9, 0x51E9, 0x51EA, 0x59EA, 0x51C9,
    0x4988, 0x3926, 0x3105, 0x28E5, 0x20C4, 0x28E5, 0x3105, 0x2905, 0x2905, 0x2905, 0x2925, 0x2925,
    0x3125, 0x3125, 0x2925, 0x2905, 0x2905, 0x2905, 0x2905, 0x2905, 0x2905, 0x2905, 0x2906, 0x2905,
    0x28E5, 0x2905, 0x2925, 0x2925, 0x2925, 0x1883, 0x18A3, 0x18C3, 0x1082, 0x1082, 0x1082, 0x1082,
    0x10A3, 0x18C4, 0x18C4, 0x18C4, 0x18C4, 0x18C4, 0x18C4, 0x18C4, 0x10A3, 0x18A3, 0x18C3, 0x18C3,
    0x18C3, 0x20C4, 0x28E4, 0x28E4, 0x28E4, 0x28E5, 0x2905, 0x3105, 0x2905, 0x28E5, 0x2905, 0x2905,
    0x2905, 0x2905, 0x2905, 0x3125, 0x3125, 0x3125, 0x3126, 0x3946, 0x3946, 0x3946, 0x3946, 0x3946,
    0x3967, 0x3987, 0x3967, 0x3946, 0x3946, 0x3946, 0x3946, 0x3946, 0x3946, 0x3946, 0x3946, 0x3946,
    0x3967, 0x3967, 0x3947, 0x3946, 0x3146, 0x3146, 0x3146, 0x3146, 0x3146, 0x3126, 0x3126, 0x3126,
    0x3126, 0x3126, 0x3126, 0x3106, 0x3126, 0x3126, 0x3106, 0x3126, 0x3126, 0x3126, 0x3125, 0x3126,
    0x3125, 0x28E5, 0x20C4, 0x18A3, 0x20A3, 0x20C4, 0x20C4, 0x20C4, 0x18A3, 0x20C4, 0x28E4, 0x28E4,
    0x28E4, 0x28E4, 0x2905, 0x2905, 0x20E4, 0x20C4, 0x20A4, 0x20C4, 0x2905, 0x2905, 0x28E4, 0x20C4,
    0x20A4, 0x28E4, 0x28E5, 0x28E4, 0x20E4, 0x28E4, 0x20E4, 0x20C4, 0x18A3, 0x20E4, 0x3146, 0x3967,
    0x4167, 0x4167, 0x4187, 0x4167, 0x4167, 0x4187, 0x4167, 0x4167, 0x4147, 0x4167, 0x4167, 0x4167,
    0x4187, 0x4187, 0x3987, 0x3967, 0x3947, 0x3946, 0x3946, 0x3946, 0x3967, 0x4167, 0x4187, 0x4187,
    0x4187, 0x4187, 0x4187, 0x4187, 0x4167, 0x4167, 0x3967, 0x3967, 0x3946, 0x3946, 0x3946, 0x3946,
    0x4187, 0x4187, 0x4187, 0x4167, 0x4167, 0x3946, 0x3946, 0x3946, 0x3946, 0x3946, 0x3946, 0x4167,
    0x4167, 0x4167, 0x4167, 0x4988, 0x4987, 0x4187, 0x4187, 0x4187, 0x4187, 0x4167, 0x4167, 0x4167,
    0x3947, 0x3946, 0x3946, 0x3946, 0x3946, 0x3926, 0x3946, 0x3947, 0x3967, 0x4187, 0x4187, 0x4167,
    0x3967, 0x3967, 0x4167, 0x3967, 0x3946, 0x3126, 0x3146, 0x3146, 0x3126, 0x3126, 0x3946, 0x3946,
    0x3946, 0x3946, 0x3126, 0x3105, 0x3105, 0x3946, 0x3946, 0x3946, 0x3946, 0x3946, 0x3126, 0x3126,
    0x3126, 0x3126, 0x3125, 0x2905, 0x2905, 0x28E5, 0x2905, 0x3125, 0x3126, 0x3946, 0x3946, 0x3947,
    0x3947, 0x3946, 0x3946, 0x3946, 0x3946, 0x3946, 0x3946, 0x3946, 0x3946, 0x3926, 0x3946, 0x3946,
    0x3967, 0x4187, 0x4187, 0x4187, 0x4187, 0x4187, 0x4187, 0x4167, 0x4167, 0x4167, 0x4988, 0x49A9,
    0x51C9, 0x49C8, 0x49C8, 0x49C9, 0x49A8, 0x49A8, 0x49A8, 0x4988, 0x49A8, 0x4988, 0x4167, 0x4167,
    0x4167, 0x4988, 0x4988, 0x4188, 0x4167, 0x4167, 0x4188, 0x4188, 0x4988, 0x4988, 0x49A8, 0x51C9,
    0x51E9, 0x51C9, 0x49C8, 0x49A8, 0x4988, 0x4167, 0x3946, 0x3946, 0x3947, 0x3967, 0x3967, 0x3966,
    0x3146, 0x3966, 0x3967, 0x3946, 0x3126, 0x3926, 0x3946, 0x4167, 0x4167, 0x4167, 0x4167, 0x4167,
    0x3967, 0x3967, 0x4167, 0x4167, 0x3947, 0x3926, 0x3126, 0x3926, 0x3946, 0x3966, 0x3946, 0x3126,
    0x3125, 0x3126, 0x3125, 0x3105, 0x3125, 0x3126, 0x3947, 0x3947, 0x4167, 0x4167, 0x4167, 0x4147,
    0x4147, 0x4167, 0x3947, 0x4167, 0x4167, 0x3967, 0x4167, 0x4167, 0x3947, 0x3967, 0x4167, 0x3967,
    0x3946, 0x3946, 0x3146, 0x3946, 0x4167, 0x4187, 0x49A8, 0x49A8, 0x4188, 0x4167, 0x4167, 0x4167,
    0x4167, 0x4188, 0x4167, 0x3947, 0x3947, 0x3947, 0x3967, 0x3105, 0x2905, 0x20C4, 0x20E4, 0x20E4,
    0x20E4, 0x20C4, 0x28E4, 0x28E5, 0x20A4, 0x20A3, 0x3105, 0x4187, 0x49A8, 0x51C9, 0x59E9, 0x51E9,
    0x51E9, 0x51E9, 0x51C9, 0x49A8, 0x3946, 0x3126, 0x3105, 0x28E4, 0x20C4, 0x2905, 0x3105, 0x2905,
    0x28E5, 0x2905, 0x2925, 0x2925, 0x3125, 0x3125, 0x2925, 0x2905, 0x2905, 0x2905, 0x2905, 0x2905,
    0x2905, 0x2905, 0x2906, 0x2905, 0x28E5, 0x2905, 0x2905, 0x2905, 0x28E5, 0x1883, 0x18A3, 0x18C3,
    0x18A3, 0x1082, 0x1082, 0x1082, 0x18A3, 0x18C4, 0x18C4, 0x18C4, 0x18C4, 0x18C4, 0x18C4, 0x20E4,
    0x18A3, 0x1083, 0x18A3, 0x18C3, 0x18C3, 0x20C4, 0x20E4, 0x28E4, 0x28E4, 0x28E5, 0x2905, 0x3105,
    0x2905, 0x2905, 0x2905, 0x2905, 0x28E5, 0x2905, 0x2905, 0x2905, 0x2905, 0x3105, 0x3125, 0x3125,
    0x3126, 0x3126, 0x3126, 0x3126, 0x3946, 0x3946, 0x3146, 0x3146, 0x3126, 0x3126, 0x3126, 0x3126,
    0x3126, 0x3126, 0x3126, 0x3126, 0x3146, 0x3946, 0x3126, 0x3106, 0x3106, 0x3106, 0x2905, 0x2905,
    0x3126, 0x3946, 0x3926, 0x3926, 0x3947, 0x3126, 0x3126, 0x3126, 0x3926, 0x3926, 0x3946, 0x3146,
    0x3126, 0x3126, 0x3106, 0x3106, 0x3105, 0x28E5, 0x20C4, 0x18A3, 0x18A3, 0x18C3, 0x18C4, 0x18C4,
    0x20C3, 0x20E4, 0x28E4, 0x28E4, 0x20E4, 0x20E4, 0x28E4, 0x20E5, 0x20C4, 0x18C3, 0x20A4, 0x20C4,
    0x2905, 0x28E5, 0x20C4, 0x20C4, 0x20C4, 0x20E4, 0x20E4, 0x20E4, 0x20C4, 0x20E4, 0x20C4, 0x18A4,
    0x20A4, 0x2905, 0x3967, 0x3967, 0x3966, 0x4167, 0x4167, 0x4167, 0x4167, 0x4187, 0x4167, 0x4167,
    0x4167, 0x4187, 0x4167, 0x4167, 0x4187, 0x4188, 0x4187, 0x4187, 0x3967, 0x3947, 0x3946, 0x3946,
    0x3947, 0x3967, 0x3967, 0x3967, 0x4167, 0x4187, 0x4187, 0x4187, 0x4167, 0x4187, 0x4187, 0x4167,
    0x4167, 0x3947, 0x3947, 0x4147, 0x4187, 0x4167, 0x4167, 0x4167, 0x4167, 0x4167, 0x4167, 0x4167,
    0x4167, 0x4187, 0x4187, 0x4187, 0x4988, 0x4988, 0x4987, 0x4988, 0x4987, 0x4187, 0x4167, 0x4167,
    0x3946, 0x3126, 0x3926, 0x3926, 0x3126, 0x3946, 0x3966, 0x3967, 0x4167, 0x4167, 0x4187, 0x4187,
    0x4187, 0x3946, 0x3946, 0x3146, 0x3146, 0x3126, 0x3946, 0x3967, 0x3947, 0x3967, 0x3967, 0x3947,
    0x3946, 0x3126, 0x3126, 0x3126, 0x3926, 0x3946, 0x3946, 0x3126, 0x3926, 0x3946, 0x3946, 0x3946,
    0x3946, 0x3126, 0x3125, 0x2905, 0x28E5, 0x28E4, 0x28E5, 0x28E5, 0x2905, 0x3126, 0x3146, 0x3966,
    0x3947, 0x3967, 0x4167, 0x4147, 0x4147, 0x3947, 0x3946, 0x3146, 0x3146, 0x3146, 0x3146, 0x3146,
    0x3946, 0x3947, 0x4167, 0x4167, 0x4167, 0x4167, 0x4167, 0x4167, 0x4187, 0x4187, 0x4188, 0x4988,
    0x49A8, 0x49A8, 0x49A8, 0x49A8, 0x49C9, 0x49A8, 0x49A8, 0x49A8, 0x49A8, 0x49A8, 0x4988, 0x4988,
    0x49A8, 0x4988, 0x4188, 0x4167, 0x4147, 0x4167, 0x4167, 0x4167, 0x4167, 0x4988, 0x49A8, 0x49A8,
    0x49A8, 0x51C9, 0x51C9, 0x49A9, 0x49A8, 0x49A8, 0x4188, 0x4187, 0x4187, 0x4167, 0x3946, 0x3946,
    0x3966, 0x3967, 0x3966, 0x3946, 0x3146, 0x3146, 0x3946, 0x3946, 0x3946, 0x3947, 0x4167, 0x4167,
    0x4167, 0x4167, 0x3947, 0x3947, 0x4167, 0x4167, 0x4167, 0x3947, 0x3947, 0x3926, 0x3926, 0x3926,
    0x3146, 0x3146, 0x3126, 0x2905, 0x2905, 0x3125, 0x3125, 0x3126, 0x3946, 0x3926, 0x3947, 0x4147,
    0x4167, 0x4167, 0x4147, 0x3947, 0x3947, 0x4167, 0x3947, 0x4167, 0x4167, 0x4167, 0x3946, 0x4147,
    0x4167, 0x3967, 0x3966, 0x3146, 0x3146, 0x3946, 0x3946, 0x3966, 0x49A8, 0x49A8, 0x49A8, 0x49A8,
    0x4167, 0x4167, 0x4167, 0x4167, 0x4167, 0x4188, 0x4187, 0x3947, 0x3947, 0x4147, 0x4167, 0x3946,
    0x3146, 0x28E4, 0x28E4, 0x20E4, 0x20C4, 0x20C4, 0x2905, 0x2905, 0x20C4, 0x1883, 0x20A4, 0x2905,
    0x3946, 0x49A8, 0x51C9, 0x49C9, 0x49A8, 0x4988, 0x4167, 0x3946, 0x3105, 0x3105, 0x28E5, 0x20C4,
    0x28E4, 0x2905, 0x2905, 0x2905, 0x28E4, 0x2905, 0x2905, 0x2905, 0x2905, 0x3105, 0x2905, 0x2905,
    0x2905, 0x2905, 0x2905, 0x2905, 0x2905, 0x2905, 0x2905, 0x28E5, 0x28E5, 0x28E5, 0x2905, 0x2905,
    0x18A3, 0x1083, 0x1083, 0x18A3, 0x18C3, 0x1083, 0x1082, 0x1082, 0x18A3, 0x18C4, 0x18C4, 0x18C4,
    0x18C4, 0x18C4, 0x18C4, 0x18C4, 0x18C4, 0x1083, 0x1083, 0x18C3, 0x18C4, 0x20C3, 0x20C4, 0x28E4,
    0x28E5, 0x28E5, 0x28E5, 0x2905, 0x2905, 0x2905, 0x2905, 0x2905, 0x28E5, 0x2905, 0x2905, 0x2905,
    0x3105, 0x2905, 0x2905, 0x2905, 0x2905, 0x3105, 0x3105, 0x2905, 0x2905, 0x2905, 0x2905, 0x2905,
    0x2905, 0x2905, 0x2905, 0x2905, 0x2905, 0x2905, 0x2905, 0x2905, 0x3125, 0x3125, 0x2905, 0x2905,
    0x2905, 0x2905, 0x28E5, 0x28E5, 0x3126, 0x4188, 0x49C9, 0x49A8, 0x49A9, 0x49A8, 0x4188, 0x4167,
    0x4167, 0x4188, 0x4188, 0x4187, 0x3987, 0x3967, 0x3947, 0x3947, 0x3126, 0x3106, 0x28E5, 0x20C4,
    0x18A3, 0x18C3, 0x18C3, 0x18C3, 0x18A3, 0x18C3, 0x20C4, 0x20C4, 0x20C4, 0x20C4, 0x18C4, 0x18E4,
    0x18C4, 0x18C4, 0x20C4, 0x20E4, 0x20C4, 0x20C4, 0x20C4, 0x28E4, 0x20E4, 0x20E4, 0x18C4, 0x18C3,
    0x18C3, 0x18C3, 0x18C3, 0x20C4, 0x2905, 0x3125, 0x3125, 0x3146, 0x3946, 0x3967, 0x3966, 0x4167,
    0x4167, 0x4167, 0x4167, 0x4167, 0x4167, 0x4187, 0x4167, 0x4147, 0x4167, 0x3967, 0x4167, 0x4187,
    0x4187, 0x3967, 0x4167, 0x4167, 0x4167, 0x3967, 0x3947, 0x3947, 0x3946, 0x3946, 0x3967, 0x4167,
    0x4187, 0x4188, 0x4188, 0x4167, 0x4167, 0x4187, 0x4167, 0x4167, 0x4167, 0x4167, 0x4167, 0x4167,
    0x4167, 0x4167, 0x4187, 0x4187, 0x4187, 0x4187, 0x4187, 0x4187, 0x4188, 0x49A8, 0x41A7, 0x4167,
    0x4187, 0x4167, 0x4167, 0x3946, 0x3926, 0x3105, 0x3105, 0x3126, 0x3926, 0x3946, 0x3967, 0x4187,
    0x3987, 0x4187, 0x4187, 0x3967, 0x3946, 0x3126, 0x3105, 0x3105, 0x3926, 0x3946, 0x3967, 0x3967,
    0x3947, 0x3967, 0x3947, 0x3947, 0x3946, 0x3126, 0x3126, 0x3126, 0x3926, 0x3946, 0x3946, 0x3946,
    0x3126, 0x3146, 0x3146, 0x3146, 0x3126, 0x2925, 0x2905, 0x28E5, 0x28E5, 0x28E5, 0x28E5, 0x28E5,
    0x3125, 0x3946, 0x3946, 0x3966, 0x3967, 0x4187, 0x4167, 0x3947, 0x3947, 0x3946, 0x3946, 0x3126,
    0x3926, 0x3946, 0x3946, 0x3946, 0x3946, 0x4167, 0x4167, 0x4187, 0x4167, 0x4167, 0x4167, 0x4167,
    0x4188, 0x4188, 0x49A8, 0x49A8, 0x49A9, 0x49C8, 0x49C9, 0x49A8, 0x49A8, 0x49A8, 0x49A8, 0x49A8,
    0x49A8, 0x49A8, 0x4988, 0x4167, 0x4188, 0x4167, 0x4988, 0x4167, 0x4167, 0x4167, 0x4167, 0x4167,
    0x4188, 0x4988, 0x49A8, 0x51C9, 0x49C9, 0x49A8, 0x49A9, 0x49A8, 0x4188, 0x4187, 0x4167, 0x4167,
    0x3967, 0x3967, 0x3946, 0x3946, 0x3946, 0x3966, 0x3146, 0x3946, 0x3126, 0x3126, 0x3926, 0x3946,
    0x3946, 0x4167, 0x4167, 0x4187, 0x4167, 0x4167, 0x3947, 0x3947, 0x4167, 0x4167, 0x4147, 0x3947,
    0x3927, 0x3926, 0x3126, 0x3126, 0x3125, 0x3105, 0x3125, 0x2905, 0x2905, 0x3125, 0x3125, 0x3946,
    0x3946, 0x3947, 0x4167, 0x4167, 0x4167, 0x4167, 0x4167, 0x4147, 0x3947, 0x4167, 0x3946, 0x4167,
    0x3967, 0x3946, 0x3946, 0x3947, 0x4167, 0x4167, 0x3946, 0x3146, 0x3126, 0x3926, 0x3946, 0x3946,
    0x49A8, 0x49A8, 0x4988, 0x4988, 0x4167, 0x4167, 0x4167, 0x4167, 0x4167, 0x4188, 0x4187, 0x3947,
    0x3947, 0x4147, 0x3947, 0x3946, 0x3146, 0x2905, 0x20C4, 0x20C4, 0x20A4, 0x20C4, 0x28E4, 0x2905,
    0x20C4, 0x18A3, 0x1883, 0x20A3, 0x28E5, 0x3946, 0x4187, 0x41A7, 0x4187, 0x3946, 0x3105, 0x3105,
    0x28E5, 0x2905, 0x28E4, 0x20C4, 0x20C4, 0x2905, 0x2905, 0x2905, 0x28E4, 0x2905, 0x2905, 0x2905,
    0x2905, 0x2905, 0x2905, 0x2905, 0x2905, 0x2905, 0x2905, 0x2905, 0x2905, 0x28E5, 0x28E4, 0x20C4,
    0x20E4, 0x28E4, 0x2905, 0x28E4, 0x1883, 0x1083, 0x1082, 0x18A3, 0x18C4, 0x18A3, 0x1083, 0x1082,
    0x18A3, 0x18C4, 0x18C4, 0x18C4, 0x18C4, 0x18C4, 0x18C4, 0x20C4, 0x20C4, 0x18A3, 0x1082, 0x18A3,
    0x18C3, 0x18A3, 0x20C4, 0x20E4, 0x28E5, 0x28E5, 0x28E5, 0x28E5, 0x2905, 0x2905, 0x2905, 0x28E5,
    0x28E4, 0x28E5, 0x2905, 0x2905, 0x2905, 0x2905, 0x2905, 0x2905, 0x2905, 0x2905, 0x2905, 0x2905,
    0x2905, 0x2905, 0x2905, 0x2905, 0x2905, 0x2905, 0x2905, 0x2905, 0x2905, 0x2905, 0x2905, 0x2905,
    0x2905, 0x2905, 0x2905, 0x28E5, 0x28E5, 0x28E5, 0x28E5, 0x28E5, 0x3126, 0x4188, 0x51E9, 0x520A,
    0x51E9, 0x49C9, 0x49A8, 0x4988, 0x4988, 0x4988, 0x41A8, 0x41A8, 0x4188, 0x4188, 0x4168, 0x4167,
    0x3947, 0x3126, 0x3105, 0x28E5, 0x20C4, 0x20C4, 0x18A3, 0x18A3, 0x18A4, 0x20C4, 0x18C3, 0x18C3,
    0x18C3, 0x18C4, 0x18C4, 0x18C3, 0x18C4, 0x18C3, 0x18A3, 0x18C4, 0x18C4, 0x18C4, 0x20C4, 0x20E4,
    0x20E4, 0x20E4, 0x18C3, 0x18A3, 0x18C3, 0x20C4, 0x20C4, 0x2905, 0x3126, 0x3125, 0x2905, 0x2905,
    0x3126, 0x3146, 0x3946, 0x3946, 0x4167, 0x4187, 0x4167, 0x4167, 0x4167, 0x4167, 0x4167, 0x4167,
    0x3947, 0x3947, 0x4167, 0x4167, 0x4167, 0x4167, 0x4167, 0x4167, 0x4167, 0x4167, 0x3947, 0x3946,
    0x3126, 0x3926, 0x3946, 0x3967, 0x3987, 0x4187, 0x4187, 0x4187, 0x4187, 0x4187, 0x4187, 0x4167,
    0x4167, 0x4167, 0x4167, 0x4167, 0x4187, 0x4187, 0x4987, 0x4187, 0x4167, 0x4167, 0x4187, 0x4187,
    0x3967, 0x3967, 0x3967, 0x3946, 0x3946, 0x3946, 0x3946, 0x3967, 0x3967, 0x3967, 0x3967, 0x3966,
    0x4167, 0x4167, 0x3946, 0x3946, 0x3946, 0x3146, 0x3126, 0x3146, 0x3126, 0x3126, 0x3946, 0x3946,
    0x3946, 0x3967, 0x3967, 0x3947, 0x3946, 0x3946, 0x3946, 0x3946, 0x3946, 0x3946, 0x3946, 0x3946,
    0x3947, 0x3946, 0x3946, 0x3946, 0x3126, 0x3126, 0x3126, 0x2925, 0x2905, 0x2925, 0x3105, 0x3125,
    0x3126, 0x3946, 0x3946, 0x3946, 0x3967, 0x3946, 0x3946, 0x3946, 0x3947, 0x3967, 0x3946, 0x3946,
    0x3946, 0x3946, 0x3947, 0x3947, 0x3946, 0x3947, 0x3967, 0x3967, 0x4167, 0x4167, 0x4167, 0x4167,
    0x4188, 0x4988, 0x49A8, 0x49A8, 0x49A8, 0x49A8, 0x49A8, 0x49A8, 0x49A8, 0x49A8, 0x49C9, 0x49A8,
    0x49A8, 0x4988, 0x4988, 0x4988, 0x4988, 0x4988, 0x4167, 0x4167, 0x3947, 0x4167, 0x4167, 0x4167,
    0x4188, 0x4988, 0x4988, 0x4988, 0x49A8, 0x49A8, 0x49A8, 0x49A8, 0x4188, 0x4167, 0x4167, 0x4167,
    0x4147, 0x3947, 0x3947, 0x3947, 0x3146, 0x3146, 0x3146, 0x3126, 0x3146, 0x3146, 0x3146, 0x3126,
    0x3126, 0x3946, 0x4167, 0x4167, 0x4167, 0x4167, 0x4167, 0x4167, 0x4167, 0x4167, 0x4167, 0x4147,
    0x3947, 0x3946, 0x3947, 0x3946, 0x3946, 0x3926, 0x3105, 0x28E5, 0x2905, 0x2905, 0x3125, 0x3125,
    0x2905, 0x3125, 0x3126, 0x3947, 0x4147, 0x4147, 0x4167, 0x4167, 0x4167, 0x4167, 0x4167, 0x4167,
    0x3967, 0x3967, 0x3967, 0x3967, 0x3946, 0x3946, 0x3966, 0x4167, 0x3967, 0x3946, 0x3946, 0x3946,
    0x3126, 0x3946, 0x4167, 0x4167, 0x4988, 0x4988, 0x4167, 0x4167, 0x4167, 0x4167, 0x4188, 0x4167,
    0x4188, 0x4167, 0x3967, 0x3946, 0x4147, 0x4147, 0x3946, 0x3126, 0x3146, 0x3125, 0x2905, 0x20C4,
    0x1883, 0x1883, 0x20A3, 0x20E4, 0x28E5, 0x20E4, 0x20C4, 0x18A3, 0x20C4, 0x28C4, 0x28E5, 0x2905,
    0x2905, 0x2905, 0x28E5, 0x2905, 0x28E5, 0x28C4, 0x20C4, 0x20C4, 0x28E4, 0x2905, 0x2905, 0x2905,
    0x28E5, 0x2905, 0x2905, 0x2905, 0x2905, 0x2905, 0x2905, 0x2905, 0x2905, 0x2905, 0x28E5, 0x28E5,
    0x28E4, 0x28E4, 0x20C4, 0x20A3, 0x20A3, 0x20C4, 0x28E4, 0x20E4, 0x18C4, 0x1083, 0x1062, 0x1883,
    0x1883, 0x1883, 0x18A3, 0x18C3, 0x18C4, 0x18C4, 0x18C4, 0x18C4, 0x18C4, 0x20C4, 0x20C4, 0x20C4,
    0x18C3, 0x18A3, 0x18A3, 0x18C3, 0x18C3, 0x20C3, 0x20C4, 0x20C4, 0x28E4, 0x28E5, 0x28E5, 0x28E5,
    0x28E5, 0x2905, 0x3125, 0x28E5, 0x28E5, 0x28E5, 0x28E5, 0x28E5, 0x2905, 0x2905, 0x2905, 0x2905,
    0x2905, 0x2905, 0x2905, 0x2905, 0x3105, 0x3105, 0x2905, 0x2905, 0x2905, 0x2905, 0x2905, 0x28E5,
    0x2905, 0x2905, 0x3125, 0x2905, 0x2905, 0x3125, 0x2905, 0x28E5, 0x28E5, 0x28E5, 0x28E5, 0x28E5,
    0x28E5, 0x3105, 0x4167, 0x49C9, 0x51E9, 0x51A9, 0x51C9, 0x49C9, 0x49A9, 0x4988, 0x4188, 0x4187,
    0x4167, 0x4167, 0x4168, 0x4168, 0x4167, 0x4167, 0x4167, 0x3967, 0x3946, 0x3126, 0x3125, 0x2905,
    0x28E5, 0x2104, 0x20E4, 0x18C3, 0x18C3, 0x18C3, 0x18C3, 0x18C3, 0x18C3, 0x18C3, 0x18A3, 0x18A3,
    0x18C4, 0x18C4, 0x20C4, 0x20C4, 0x20C4, 0x20C4, 0x20C4, 0x20E4, 0x2905, 0x3125, 0x3126, 0x3146,
    0x3146, 0x3126, 0x3146, 0x3125, 0x2905, 0x2905, 0x3105, 0x3146, 0x3967, 0x3987, 0x3967, 0x4167,
    0x4167, 0x4167, 0x4187, 0x4167, 0x4167, 0x4167, 0x4147, 0x3947, 0x3947, 0x4147, 0x4167, 0x4167,
    0x4167, 0x4167, 0x3947, 0x3947, 0x3947, 0x3946, 0x3946, 0x3946, 0x3946, 0x3947, 0x3967, 0x4167,
    0x4187, 0x4187, 0x4167, 0x4188, 0x4167, 0x4187, 0x4167, 0x4187, 0x4187, 0x49A8, 0x49A8, 0x4187,
    0x4167, 0x4167, 0x4167, 0x4167, 0x3946, 0x3926, 0x3926, 0x3946, 0x3946, 0x3946, 0x3967, 0x4187,
    0x4187, 0x4187, 0x4187, 0x3966, 0x3946, 0x3946, 0x3926, 0x3126, 0x3105, 0x3125, 0x3125, 0x3126,
    0x3946, 0x3967, 0x3967, 0x3966, 0x3946, 0x3946, 0x3946, 0x3947, 0x3946, 0x3126, 0x3126, 0x3946,
    0x3946, 0x3947, 0x3947, 0x3967, 0x3967, 0x3946, 0x3126, 0x3126, 0x3126, 0x2905, 0x2905, 0x2905,
    0x2905, 0x3125, 0x3126, 0x3946, 0x3967, 0x4187, 0x4188, 0x4187, 0x4188, 0x3967, 0x3946, 0x3946,
    0x3947, 0x3946, 0x3146, 0x3946, 0x3946, 0x3946, 0x4167, 0x4167, 0x4167, 0x4167, 0x4167, 0x4167,
    0x4188, 0x4988, 0x4167, 0x4168, 0x49A8, 0x49A8, 0x49A9, 0x49A9, 0x49A8, 0x49A9, 0x49C9, 0x49A9,
    0x49C9, 0x49C8, 0x49A8, 0x49A8, 0x49A8, 0x4188, 0x4188, 0x4188, 0x4167, 0x4167, 0x4167, 0x4147,
    0x3926, 0x4167, 0x4988, 0x4988, 0x4988, 0x49A8, 0x49A8, 0x49A8, 0x49A8, 0x49A8, 0x4988, 0x4188,
    0x4167, 0x4147, 0x3926, 0x3946, 0x3926, 0x3946, 0x3946, 0x3146, 0x3126, 0x3126, 0x3126, 0x3146,
    0x3126, 0x3126, 0x3126, 0x3126, 0x3926, 0x4167, 0x4187, 0x4167, 0x4167, 0x4147, 0x3947, 0x4147,
    0x4167, 0x4167, 0x4147, 0x3947, 0x3926, 0x3926, 0x3946, 0x3946, 0x3946, 0x3126, 0x28E5, 0x20C4,
    0x2905, 0x3105, 0x3126, 0x3146, 0x3105, 0x3105, 0x3946, 0x4167, 0x4167, 0x4167, 0x4167, 0x4167,
    0x4167, 0x4187, 0x4167, 0x4167, 0x3947, 0x3967, 0x4167, 0x3946, 0x3946, 0x3946, 0x3966, 0x3966,
    0x3946, 0x3126, 0x3926, 0x3946, 0x3946, 0x4167, 0x4167, 0x4187, 0x4988, 0x4988, 0x4167, 0x4167,
    0x4167, 0x4167, 0x4988, 0x4188, 0x4167, 0x4167, 0x3946, 0x3946, 0x4146, 0x3946, 0x3946, 0x3126,
    0x3126, 0x3126, 0x3125, 0x28E5, 0x20A3, 0x1883, 0x18A3, 0x20C4, 0x2905, 0x2905, 0x20C4, 0x18A3,
    0x20A3, 0x18A3, 0x1883, 0x1883, 0x20A4, 0x20C4, 0x20C4, 0x28E4, 0x20C4, 0x20A4, 0x20C4, 0x28E4,
    0x28E5, 0x2905, 0x2905, 0x28E5, 0x2905, 0x2905, 0x2905, 0x2905, 0x2905, 0x3125, 0x2905, 0x28E4,
    0x28E4, 0x28E4, 0x28E5, 0x28E4, 0x28E4, 0x28E5, 0x20C4, 0x1883, 0x1883, 0x20A3, 0x20C4, 0x28E4,
    0x20E4, 0x18A3, 0x1062, 0x1862, 0x1862, 0x1082, 0x18C3, 0x20E4, 0x20C4, 0x18C4, 0x20C4, 0x18C4,
    0x20C4, 0x20C4, 0x20E4, 0x20C4, 0x18C4, 0x20C4, 0x18C3, 0x18A3, 0x18C3, 0x18C3, 0x18A3, 0x20A4,
    0x20C4, 0x28E5, 0x28E5, 0x28E5, 0x28E4, 0x2905, 0x3125, 0x2905, 0x28E4, 0x28E5, 0x28E4, 0x28E4,
    0x28E5, 0x2905, 0x2905, 0x2905, 0x2905, 0x2905, 0x2905, 0x2905, 0x2905, 0x2905, 0x2905, 0x2905,
    0x2905, 0x2905, 0x2905, 0x28E5, 0x2905, 0x2905, 0x2925, 0x3125, 0x3125, 0x3125, 0x2925, 0x2905,
    0x20E4, 0x20E4, 0x28E4, 0x28E4, 0x20E4, 0x28C4, 0x3106, 0x41A8, 0x51E9, 0x51E9, 0x51E9, 0x51EA,
    0x51C9, 0x49A8, 0x4188, 0x4187, 0x4167, 0x4167, 0x4188, 0x4988, 0x4988, 0x4988, 0x49A8, 0x49A8,
    0x49A8, 0x4988, 0x4187, 0x3967, 0x3146, 0x3125, 0x2905, 0x20C4, 0x20C4, 0x20C4, 0x20C4, 0x20C4,
    0x20C3, 0x18A3, 0x18A3, 0x18A3, 0x20A4, 0x20C4, 0x20A4, 0x20A4, 0x20C4, 0x20C4, 0x28C4, 0x2905,
    0x3126, 0x3967, 0x3967, 0x3967, 0x3966, 0x3966, 0x3946, 0x3146, 0x2905, 0x28E5, 0x28E5, 0x3125,
    0x3946, 0x3966, 0x3967, 0x3967, 0x4167, 0x4167, 0x4167, 0x4167, 0x4167, 0x4187, 0x4167, 0x4147,
    0x3926, 0x3947, 0x4167, 0x4167, 0x4167, 0x4167, 0x3947, 0x4167, 0x4187, 0x3967, 0x3947, 0x3947,
    0x3946, 0x3146, 0x3946, 0x3947, 0x3967, 0x4187, 0x4187, 0x4188, 0x4187, 0x4187, 0x4187, 0x4187,
    0x4187, 0x4187, 0x3947, 0x3946, 0x3946, 0x3946, 0x3926, 0x3926, 0x3926, 0x3946, 0x3967, 0x4167,
    0x4167, 0x4187, 0x4167, 0x4167, 0x3967, 0x3966, 0x3946, 0x3126, 0x3126, 0x3126, 0x3946, 0x3926,
    0x3946, 0x3946, 0x3946, 0x3946, 0x3126, 0x3146, 0x3126, 0x3146, 0x3146, 0x3946, 0x3946, 0x3946,
    0x3967, 0x3947, 0x3947, 0x3947, 0x3947, 0x3947, 0x3947, 0x3946, 0x3946, 0x3126, 0x3105, 0x3105,
    0x3105, 0x3125, 0x3125, 0x3946, 0x3946, 0x3946, 0x4167, 0x4167, 0x3967, 0x3967, 0x4167, 0x3967,
    0x3967, 0x3947, 0x3946, 0x3967, 0x3946, 0x3946, 0x3947, 0x3967, 0x3967, 0x4167, 0x4167, 0x4187,
    0x4188, 0x4988, 0x4167, 0x4187, 0x4988, 0x49A9, 0x4988, 0x49A8, 0x49A9, 0x49A9, 0x51A9, 0x49A9,
    0x4988, 0x49A9, 0x51C9, 0x49A9, 0x49A8, 0x49A8, 0x49A8, 0x49A8, 0x4988, 0x4188, 0x4167, 0x4147,
    0x4147, 0x4167, 0x4167, 0x4167, 0x4167, 0x4988, 0x49A8, 0x49A8, 0x49A8, 0x49A8, 0x49A8, 0x4988,
    0x4988, 0x4988, 0x4167, 0x4147, 0x3947, 0x3926, 0x3926, 0x3926, 0x3926, 0x3126, 0x3126, 0x3126,
    0x3126, 0x3946, 0x3946, 0x3946, 0x3946, 0x3946, 0x3947, 0x3967, 0x3967, 0x4167, 0x4167, 0x4167,
    0x4147, 0x4147, 0x4167, 0x4167, 0x4167, 0x4147, 0x3947, 0x3947, 0x3946, 0x3946, 0x3946, 0x3126,
    0x2905, 0x28E5, 0x2905, 0x2905, 0x2905, 0x3125, 0x3946, 0x3946, 0x3926, 0x3946, 0x4147, 0x4167,
    0x4167, 0x4167, 0x4167, 0x4167, 0x4167, 0x4167, 0x3947, 0x4147, 0x4167, 0x3967, 0x3946, 0x3946,
    0x3946, 0x3946, 0x3946, 0x3946, 0x3946, 0x3946, 0x3946, 0x3967, 0x4167, 0x4167, 0x4147, 0x4187,
    0x49A8, 0x4167, 0x4167, 0x4167, 0x4167, 0x4988, 0x4188, 0x4167, 0x4147, 0x4147, 0x3946, 0x3946,
    0x4146, 0x3946, 0x3946, 0x3105, 0x3105, 0x3126, 0x3146, 0x3146, 0x2905, 0x20A4, 0x20C4, 0x28E4,
    0x28E5, 0x28E5, 0x28E4, 0x20E4, 0x20E4, 0x20C4, 0x20C4, 0x18A3, 0x20C4, 0x20E4, 0x20C4, 0x20C4,
    0x20C4, 0x20C4, 0x20C4, 0x28E5, 0x2905, 0x2905, 0x28E4, 0x28E4, 0x2905, 0x28E5, 0x28E5, 0x28E5,
    0x28E5, 0x2905, 0x28E5, 0x28C4, 0x20C4, 0x20E4, 0x20E4, 0x20E4, 0x28E4, 0x20C4, 0x1883, 0x1883,
    0x1883, 0x20E4, 0x2905, 0x2905, 0x2905, 0x28E4, 0x20E4, 0x20A4, 0x1883, 0x1883, 0x18A3, 0x18A3,
    0x18A3, 0x18C4, 0x18C4, 0x18A3, 0x20C4, 0x28E5, 0x20E4, 0x20E4, 0x20E4, 0x20C4, 0x18C3, 0x18A3,
    0x18A3, 0x18C3, 0x18C4, 0x18A4, 0x20C4, 0x28E4, 0x28E5, 0x28E5, 0x28E5, 0x2905, 0x2905, 0x2905,
    0x28E4, 0x28E5, 0x28E5, 0x28E5, 0x28E4, 0x28E4, 0x2905, 0x2905, 0x2905, 0x2905, 0x2905, 0x2905,
    0x2905, 0x2905, 0x2905, 0x2905, 0x2905, 0x2905, 0x2905, 0x2905, 0x3105, 0x28E5, 0x28E5, 0x3126,
    0x3966, 0x3126, 0x2905, 0x28E4, 0x20E4, 0x28E4, 0x28E5, 0x28E4, 0x28E4, 0x20E4, 0x28E4, 0x3105,
    0x4167, 0x51C9, 0x5A0A, 0x51E9, 0x51C9, 0x51A9, 0x4988, 0x4188, 0x4188, 0x4188, 0x4188, 0x4188,
    0x4167, 0x4167, 0x4167, 0x4167, 0x4167, 0x4167, 0x4187, 0x4187, 0x4167, 0x3947, 0x3946, 0x3106,
    0x3105, 0x3105, 0x3106, 0x3126, 0x3126, 0x3125, 0x3125, 0x3125, 0x3126, 0x3105, 0x3105, 0x3125,
    0x3146, 0x3946, 0x3946, 0x3946, 0x3946, 0x3946, 0x3946, 0x3946, 0x3946, 0x3946, 0x3946, 0x3946,
    0x3146, 0x3126, 0x3125, 0x3125, 0x3125, 0x3126, 0x3146, 0x3946, 0x3946, 0x4146, 0x4167, 0x4167,
    0x4167, 0x4167, 0x4167, 0x4167, 0x4147, 0x4147, 0x3947, 0x3947, 0x3947, 0x3947, 0x4167, 0x4167,
    0x4167, 0x3967, 0x3947, 0x4167, 0x4167, 0x3947, 0x3947, 0x3946, 0x3947, 0x3947, 0x3967, 0x4167,
    0x49A8, 0x4187, 0x4187, 0x4167, 0x4167, 0x3967, 0x3126, 0x3106, 0x3946, 0x3946, 0x3126, 0x3926,
    0x3946, 0x4167, 0x4187, 0x4187, 0x4187, 0x4187, 0x3946, 0x3926, 0x3126, 0x3105, 0x3105, 0x3126,
    0x3146, 0x3946, 0x3967, 0x4187, 0x4167, 0x3967, 0x3967, 0x3946, 0x3125, 0x3105, 0x3105, 0x3126,
    0x3146, 0x3946, 0x3947, 0x3967, 0x3967, 0x3967, 0x3967, 0x3967, 0x3947, 0x3946, 0x3126, 0x3106,
    0x3105, 0x3105, 0x2905, 0x28E5, 0x3105, 0x3146, 0x3967, 0x4187, 0x4187, 0x4187, 0x4987, 0x4187,
    0x3967, 0x3946, 0x3947, 0x3947, 0x3946, 0x3946, 0x3947, 0x3967, 0x3946, 0x3967, 0x3967, 0x4187,
    0x4187, 0x4187, 0x4188, 0x49A8, 0x49A8, 0x49A8, 0x4988, 0x4988, 0x49A8, 0x51A9, 0x51C9, 0x51A9,
    0x49A9, 0x49A9, 0x49A9, 0x49A9, 0x49A9, 0x49A9, 0x49C9, 0x49A9, 0x49A8, 0x49A8, 0x49A8, 0x4988,
    0x4988, 0x4167, 0x4147, 0x4147, 0x4147, 0x4167, 0x4988, 0x4988, 0x4988, 0x49A8, 0x49A8, 0x49A8,
    0x49A8, 0x49A8, 0x4988, 0x4187, 0x4188, 0x4167, 0x4147, 0x3926, 0x3926, 0x3926, 0x3926, 0x3926,
    0x3106, 0x3105, 0x28E5, 0x2905, 0x3146, 0x3946, 0x3946, 0x3947, 0x4167, 0x4167, 0x4167, 0x4167,
    0x4167, 0x4167, 0x4167, 0x4147, 0x4147, 0x4167, 0x4187, 0x4167, 0x4167, 0x3947, 0x3946, 0x3946,
    0x3946, 0x3946, 0x3146, 0x2905, 0x20E4, 0x20E4, 0x2905, 0x2905, 0x3105, 0x3126, 0x3946, 0x3946,
    0x3946, 0x4167, 0x4167, 0x4167, 0x4167, 0x4167, 0x4167, 0x4167, 0x4167, 0x4167, 0x3946, 0x4147,
    0x4187, 0x3967, 0x3946, 0x3946, 0x3946, 0x3946, 0x3946, 0x3946, 0x3946, 0x3946, 0x3967, 0x4167,
    0x4167, 0x4167, 0x4147, 0x4988, 0x49A8, 0x4167, 0x4167, 0x4167, 0x4167, 0x4988, 0x4167, 0x4167,
    0x4147, 0x3947, 0x3946, 0x3946, 0x3946, 0x3946, 0x3926, 0x3105, 0x28E5, 0x3126, 0x3967, 0x3967,
    0x3146, 0x28E5, 0x28E4, 0x28E4, 0x28E5, 0x28E5, 0x2905, 0x2905, 0x20E4, 0x18C3, 0x20C4, 0x18C3,
    0x18C3, 0x20C4, 0x20C4, 0x20C4, 0x20A4, 0x20E4, 0x28E4, 0x28E5, 0x2925, 0x2905, 0x20C4, 0x20C4,
    0x2905, 0x2905, 0x28E4, 0x28E4, 0x2905, 0x2905, 0x28E5, 0x20C4, 0x20C4, 0x20C4, 0x20C4, 0x20C3,
    0x20A3, 0x1883, 0x1042, 0x1862, 0x1883, 0x20E5, 0x3125, 0x3125, 0x3125, 0x3126, 0x3125, 0x2905,
    0x20C4, 0x20C4, 0x20A4, 0x20C4, 0x18A3, 0x18A3, 0x18C4, 0x18A3, 0x20E4, 0x28E5, 0x20E4, 0x2105,
    0x20C4, 0x18C3, 0x18C3, 0x18C3, 0x18C3, 0x18C3, 0x18C4, 0x18C3, 0x18A3, 0x20E4, 0x2905, 0x2905,
    0x28E5, 0x28E5, 0x2905, 0x28E5, 0x20E4, 0x28E4, 0x28E4, 0x28E4, 0x20E4, 0x20E4, 0x28E5, 0x2905,
    0x2905, 0x2905, 0x2905, 0x2905, 0x2905, 0x2905, 0x2905, 0x2905, 0x2905, 0x2905, 0x2905, 0x2905,
    0x3105, 0x28E5, 0x28E5, 0x3126, 0x4187, 0x3987, 0x2905, 0x20E4, 0x20E4, 0x28E4, 0x28E4, 0x28E4,
    0x20E4, 0x20E4, 0x20C4, 0x20C4, 0x3126, 0x49C9, 0x51E9, 0x51C9, 0x51C9, 0x51C9, 0x51C9, 0x4988,
    0x4188, 0x4188, 0x4188, 0x4168, 0x4167, 0x4147, 0x4147, 0x4167, 0x4147, 0x4147, 0x4167, 0x4988,
    0x49A8, 0x4187, 0x4167, 0x3947, 0x3947, 0x3947, 0x4167, 0x4187, 0x4188, 0x4187, 0x4187, 0x4187,
    0x4188, 0x4167, 0x4167, 0x4187, 0x4187, 0x4188, 0x4187, 0x4167, 0x4167, 0x3946, 0x3946, 0x3946,
    0x3946, 0x3946, 0x3946, 0x3946, 0x3946, 0x3946, 0x3946, 0x3126, 0x3105, 0x3125, 0x3125, 0x3126,
    0x3946, 0x3946, 0x4167, 0x4167, 0x4167, 0x4167, 0x4167, 0x4167, 0x4167, 0x4167, 0x3947, 0x3947,
    0x3947, 0x3947, 0x4167, 0x4167, 0x4167, 0x3947, 0x3947, 0x4167, 0x4167, 0x4167, 0x4167, 0x3967,
    0x3947, 0x3946, 0x3946, 0x3947, 0x4147, 0x3946, 0x3926, 0x3946, 0x3126, 0x3126, 0x3125, 0x3126,
    0x3947, 0x3967, 0x3947, 0x3967, 0x4167, 0x4167, 0x3967, 0x3946, 0x3146, 0x3126, 0x3105, 0x3105,
    0x3126, 0x3926, 0x3926, 0x3946, 0x3967, 0x3967, 0x3946, 0x3946, 0x3946, 0x3946, 0x3146, 0x3126,
    0x3146, 0x3126, 0x3126, 0x3946, 0x3946, 0x3946, 0x3967, 0x3967, 0x3966, 0x3967, 0x3966, 0x3946,
    0x3926, 0x3106, 0x3105, 0x3105, 0x3125, 0x3126, 0x3126, 0x3126, 0x3946, 0x3967, 0x4187, 0x4187,
    0x3987, 0x3967, 0x4167, 0x4167, 0x3966, 0x3946, 0x3947, 0x3946, 0x3946, 0x3947, 0x3967, 0x3967,
    0x3946, 0x3967, 0x4187, 0x41A8, 0x49A8, 0x4988, 0x49A8, 0x49A9, 0x49C9, 0x49C9, 0x49A9, 0x49A9,
    0x51A9, 0x51A9, 0x51A9, 0x51A9, 0x49A8, 0x49C8, 0x49A8, 0x49A8, 0x49A9, 0x49A9, 0x49A9, 0x49A8,
    0x4988, 0x4188, 0x4167, 0x4167, 0x4167, 0x4167, 0x4167, 0x4167, 0x4167, 0x4188, 0x4988, 0x4988,
    0x49A8, 0x49A8, 0x49A8, 0x49A8, 0x49A8, 0x4988, 0x4167, 0x4167, 0x4167, 0x3947, 0x3946, 0x3946,
    0x3926, 0x3926, 0x3126, 0x3125, 0x3125, 0x3125, 0x3125, 0x3126, 0x3926, 0x3926, 0x3946, 0x3947,
    0x3947, 0x4167, 0x4167, 0x4167, 0x4167, 0x4167, 0x4167, 0x4167, 0x4167, 0x3987, 0x3967, 0x3966,
    0x3946, 0x3946, 0x3946, 0x3946, 0x3946, 0x3946, 0x3105, 0x2905, 0x2905, 0x2905, 0x3125, 0x3126,
    0x3146, 0x3946, 0x3946, 0x3946, 0x3967, 0x4167, 0x4167, 0x4167, 0x4167, 0x4167, 0x4147, 0x4147,
    0x3947, 0x4167, 0x4147, 0x4167, 0x4167, 0x3966, 0x3946, 0x3926, 0x3946, 0x3967, 0x3967, 0x3946,
    0x3946, 0x3966, 0x4167, 0x4167, 0x4167, 0x4167, 0x4167, 0x4988, 0x4188, 0x4167, 0x4167, 0x4167,
    0x4988, 0x4988, 0x4167, 0x4167, 0x4147, 0x4147, 0x4146, 0x3946, 0x3946, 0x3946, 0x3125, 0x3105,
    0x3126, 0x3146, 0x3966, 0x3966, 0x3946, 0x3146, 0x3126, 0x3126, 0x3125, 0x2905, 0x2905, 0x20E4,
    0x20C4, 0x18C3, 0x18C3, 0x20C4, 0x20C4, 0x20C4, 0x20C4, 0x20C4, 0x20C4, 0x2905, 0x2905, 0x20E4,
    0x20C4, 0x20C4, 0x20C4, 0x28E4, 0x2905, 0x2905, 0x20C4, 0x20E4, 0x28E4, 0x20C4, 0x20C4, 0x20C4,
    0x20C4, 0x20C4, 0x18A3, 0x18A3, 0x1883, 0x1882, 0x1062, 0x1883, 0x20A4, 0x28E5, 0x2905, 0x3105,
    0x3125, 0x3126, 0x2925, 0x2905, 0x2905, 0x28E5, 0x28E4, 0x2905, 0x2905, 0x20E4, 0x20C4, 0x20C4,
    0x20C4, 0x20C4, 0x20E4, 0x2104, 0x20C4, 0x18A3, 0x18C3, 0x18C4, 0x18C4, 0x18C4, 0x18C4, 0x18C4,
    0x18C3, 0x20E4, 0x2104, 0x28E5, 0x28E4, 0x28E5, 0x2905, 0x2905, 0x2905, 0x2905, 0x2905, 0x2905,
    0x2905, 0x2905, 0x3106, 0x3126, 0x3946, 0x3947, 0x3967, 0x3967, 0x4167, 0x3967, 0x3946, 0x3126,
    0x2905, 0x2905, 0x2905, 0x2905, 0x2905, 0x2905, 0x2905, 0x3125, 0x3966, 0x3966, 0x3125, 0x28E5,
    0x28E4, 0x20C4, 0x20E4, 0x28E4, 0x28E5, 0x28E4, 0x28E4, 0x28E4, 0x2905, 0x3967, 0x49A8, 0x51C9,
    0x51E9, 0x51C9, 0x51C9, 0x49A9, 0x4988, 0x4988, 0x4188, 0x4188, 0x4188, 0x4167, 0x4167, 0x4167,
    0x4147, 0x4147, 0x4147, 0x4167, 0x4187, 0x4167, 0x3947, 0x3947, 0x3947, 0x3947, 0x3967, 0x4167,
    0x4167, 0x4167, 0x4167, 0x4188, 0x4188, 0x4188, 0x4168, 0x4187, 0x4167, 0x4167, 0x4167, 0x4167,
    0x4167, 0x4167, 0x3967, 0x3946, 0x3946, 0x3946, 0x3966, 0x3946, 0x3946, 0x3946, 0x3946, 0x3946,
    0x3146, 0x3146, 0x3125, 0x3125, 0x3126, 0x3946, 0x3946, 0x3967, 0x4167, 0x4167, 0x4167, 0x4167,
    0x4167, 0x4167, 0x3967, 0x3967, 0x3967, 0x3967, 0x4167, 0x4167, 0x4147, 0x3947, 0x4147, 0x4167,
    0x4167, 0x4167, 0x3967, 0x3967, 0x3967, 0x3947, 0x3967, 0x3967, 0x3105, 0x30E5, 0x2905, 0x3105,
    0x3105, 0x3106, 0x3126, 0x3967, 0x4187, 0x4167, 0x3967, 0x3947, 0x3947, 0x3946, 0x3126, 0x2905,
    0x28E5, 0x2905, 0x3126, 0x3946, 0x3967, 0x4167, 0x3967, 0x3967, 0x3946, 0x3126, 0x3105, 0x3105,
    0x3105, 0x3126, 0x3126, 0x3146, 0x3966, 0x3946, 0x3946, 0x3967, 0x3946, 0x3967, 0x3967, 0x3946,
    0x3966, 0x3946, 0x3946, 0x3126, 0x3105, 0x28E5, 0x28E5, 0x3126, 0x3966, 0x3967, 0x3967, 0x4187,
    0x4188, 0x4187, 0x4187, 0x3967, 0x3946, 0x3946, 0x3946, 0x3946, 0x3946, 0x3946, 0x3146, 0x3946,
    0x3947, 0x3967, 0x4167, 0x4167, 0x4167, 0x3967, 0x4187, 0x49C8, 0x49C8, 0x4188, 0x49A8, 0x49A9,
    0x49A9, 0x49A9, 0x51A9, 0x51C9, 0x51A9, 0x51A9, 0x51A9, 0x51A9, 0x51C9, 0x49C8, 0x49A9, 0x49A8,
    0x49A8, 0x49A8, 0x49A8, 0x49A8, 0x4167, 0x4147, 0x3926, 0x4147, 0x4167, 0x4147, 0x4147, 0x4167,
    0x4988, 0x4988, 0x49A8, 0x49A8, 0x49A8, 0x49A8, 0x4988, 0x4988, 0x4188, 0x4988, 0x4167, 0x3947,
    0x3926, 0x3947, 0x3946, 0x3946, 0x3126, 0x3105, 0x3125, 0x3125, 0x3146, 0x3946, 0x3946, 0x3946,
    0x3926, 0x3926, 0x3947, 0x4147, 0x4147, 0x4167, 0x4167, 0x4167, 0x4167, 0x4167, 0x4167, 0x4167,
    0x4167, 0x3946, 0x3946, 0x3946, 0x3946, 0x3946, 0x3946, 0x3946, 0x3946, 0x3105, 0x28E5, 0x3105,
    0x3146, 0x3146, 0x3126, 0x3946, 0x3946, 0x3946, 0x3946, 0x3946, 0x4167, 0x4167, 0x4167, 0x4167,
    0x4167, 0x4167, 0x3947, 0x3926, 0x3946, 0x4167, 0x4167, 0x4167, 0x3967, 0x3946, 0x3946, 0x3946,
    0x3946, 0x4187, 0x4167, 0x3946, 0x3967, 0x4167, 0x4167, 0x4167, 0x3966, 0x4167, 0x4188, 0x4988,
    0x4167, 0x4167, 0x4167, 0x4988, 0x4988, 0x4167, 0x4167, 0x4167, 0x4167, 0x4167, 0x4167, 0x3946,
    0x3946, 0x3146, 0x28E5, 0x30E5, 0x3946, 0x3946, 0x3946, 0x3946, 0x3946, 0x3967, 0x3967, 0x4187,
    0x3967, 0x3126, 0x3125, 0x20C4, 0x20A3, 0x18C3, 0x18C3, 0x20C4, 0x18A3, 0x20C4, 0x20C4, 0x20E4,
    0x2104, 0x2905, 0x2905, 0x20C4, 0x1062, 0x1883, 0x20C4, 0x2905, 0x28E5, 0x20C4, 0x20E4, 0x28E4,
    0x20C4, 0x1883, 0x18A3, 0x18A3, 0x20C4, 0x18A3, 0x1042, 0x1883, 0x18A3, 0x20A3, 0x20C4, 0x20C4,
    0x28E5, 0x2905, 0x2905, 0x2905, 0x3105, 0x3126, 0x3125, 0x2905, 0x2905, 0x2905, 0x2905, 0x3126,
    0x3146, 0x3125, 0x28E4, 0x20C4, 0x20A3, 0x20A3, 0x20C4, 0x20E4, 0x20C4, 0x18C3, 0x18C4, 0x18C4,
    0x18C4, 0x18C4, 0x20C4, 0x20C4, 0x18C4, 0x18C3, 0x20E4, 0x28E4, 0x28E4, 0x28E5, 0x2905, 0x3125,
    0x3146, 0x3146, 0x3946, 0x3966, 0x3947, 0x3967, 0x3967, 0x3967, 0x4188, 0x49C9, 0x49C9, 0x51E9,
    0x51E9, 0x49A8, 0x41A7, 0x3966, 0x2905, 0x2905, 0x2905, 0x2905, 0x2905, 0x2905, 0x2905, 0x2905,
    0x2905, 0x2905, 0x2905, 0x28E5, 0x28E4, 0x20C4, 0x28E4, 0x28E4, 0x28E5, 0x28E5, 0x28E5, 0x2905,
    0x28E4, 0x28E5, 0x4167, 0x51C9, 0x51C9, 0x51C9, 0x51E9, 0x51EA, 0x49C9, 0x4988, 0x4188, 0x4988,
    0x4988, 0x4167, 0x3947, 0x4167, 0x4167, 0x4147, 0x3947, 0x3947, 0x3947, 0x3947, 0x3946, 0x3967,
    0x3947, 0x3967, 0x3967, 0x3947, 0x3947, 0x3947, 0x4147, 0x4188, 0x4188, 0x4168, 0x4168, 0x4187,
    0x4167, 0x3947, 0x3926, 0x3947, 0x4167, 0x4187, 0x4167, 0x3946, 0x3946, 0x3946, 0x3946, 0x3946,
    0x3946, 0x3946, 0x3946, 0x3966, 0x3966, 0x3946, 0x3126, 0x3125, 0x3126, 0x3126, 0x3146, 0x3146,
    0x3926, 0x3947, 0x3967, 0x4167, 0x4167, 0x4187, 0x4167, 0x4167, 0x4167, 0x4167, 0x4167, 0x4167,
    0x4147, 0x4167, 0x4167, 0x4167, 0x4168, 0x4167, 0x3947, 0x3946, 0x3947, 0x3967, 0x3987, 0x3967,
    0x3105, 0x3105, 0x3106, 0x3126, 0x3946, 0x3947, 0x3967, 0x3967, 0x3967, 0x3967, 0x3126, 0x3126,
    0x3126, 0x3926, 0x3926, 0x3126, 0x3126, 0x3126, 0x3966, 0x3966, 0x3946, 0x3946, 0x3146, 0x3126,
    0x3106, 0x3125, 0x3126, 0x3126, 0x3126, 0x3946, 0x3946, 0x3967, 0x3967, 0x4167, 0x4167, 0x3967,
    0x3946, 0x3946, 0x3946, 0x3146, 0x3126, 0x3126, 0x3126, 0x3105, 0x3105, 0x3105, 0x3105, 0x3967,
    0x4167, 0x3967, 0x3967, 0x4187, 0x4187, 0x3987, 0x3947, 0x3946, 0x3946, 0x3926, 0x3946, 0x3946,
    0x3946, 0x3947, 0x3967, 0x4167, 0x4167, 0x4167, 0x4188, 0x4167, 0x4187, 0x4167, 0x4187, 0x49A8,
    0x49A8, 0x41A8, 0x49A8, 0x51A9, 0x51A9, 0x51A9, 0x51A9, 0x51C9, 0x51C9, 0x51A9, 0x51C9, 0x49A9,
    0x49A8, 0x49A8, 0x49A9, 0x49C9, 0x49A8, 0x4988, 0x4188, 0x4167, 0x4147, 0x4147, 0x3926, 0x4147,
    0x4167, 0x4167, 0x4167, 0x4188, 0x4988, 0x49A8, 0x49A8, 0x49A8, 0x4988, 0x4188, 0x4188, 0x4167,
    0x4167, 0x4167, 0x3947, 0x3926, 0x3926, 0x3926, 0x3126, 0x3126, 0x3125, 0x3105, 0x3126, 0x3126,
    0x3946, 0x3946, 0x3946, 0x3946, 0x3947, 0x4147, 0x4167, 0x4167, 0x4167, 0x4167, 0x4167, 0x4167,
    0x4167, 0x4167, 0x4167, 0x4167, 0x3947, 0x3926, 0x3926, 0x3946, 0x3946, 0x3946, 0x3146, 0x3126,
    0x3105, 0x3105, 0x3105, 0x3126, 0x3946, 0x3146, 0x3126, 0x3946, 0x3946, 0x3946, 0x3946, 0x3946,
    0x4147, 0x4167, 0x4167, 0x4167, 0x4167, 0x4147, 0x3947, 0x3926, 0x4167, 0x4167, 0x4167, 0x4167,
    0x3967, 0x3946, 0x3946, 0x3946, 0x4167, 0x4167, 0x3946, 0x3946, 0x3967, 0x4167, 0x4167, 0x4167,
    0x4167, 0x4187, 0x4167, 0x4167, 0x4147, 0x4167, 0x4968, 0x4988, 0x4987, 0x4167, 0x4167, 0x4167,
    0x4167, 0x4167, 0x4167, 0x3946, 0x3126, 0x3125, 0x2905, 0x3105, 0x3946, 0x3946, 0x3946, 0x3946,
    0x3946, 0x4167, 0x4167, 0x4188, 0x4167, 0x3946, 0x3126, 0x2905, 0x28E5, 0x28E5, 0x20C4, 0x20C4,
    0x18A3, 0x18C4, 0x18C3, 0x20C4, 0x20E4, 0x20C4, 0x18A3, 0x1883, 0x1062, 0x1083, 0x18C4, 0x20E4,
    0x20E4, 0x18A3, 0x18C4, 0x20E4, 0x1883, 0x1082, 0x18A3, 0x18A3, 0x20C4, 0x20C4, 0x1883, 0x18A3,
    0x20C4, 0x2905, 0x2925, 0x2905, 0x2905, 0x2925, 0x2905, 0x2905, 0x3105, 0x3126, 0x3125, 0x2905,
    0x2905, 0x2905, 0x2905, 0x3126, 0x3966, 0x3946, 0x3126, 0x3105, 0x28E5, 0x28C4, 0x28E4, 0x28E4,
    0x20C4, 0x18C3, 0x18C4, 0x18C4, 0x18C4, 0x18C4, 0x20C4, 0x20C4, 0x18C3, 0x18C4, 0x20C4, 0x20E4,
    0x28E5, 0x28E4, 0x28E5, 0x2905, 0x3126, 0x3146, 0x3146, 0x3146, 0x3146, 0x3146, 0x3946, 0x3967,
    0x3947, 0x4167, 0x4167, 0x4167, 0x4167, 0x3946, 0x3946, 0x3146, 0x2905, 0x2905, 0x2905, 0x2905,
    0x2905, 0x2905, 0x2905, 0x2905, 0x2905, 0x2905, 0x2905, 0x28E5, 0x2905, 0x28E5, 0x28E4, 0x20C4,
    0x20C4, 0x20C4, 0x20E4, 0x20E4, 0x20E4, 0x28E4, 0x3946, 0x4988, 0x49A8, 0x49C9, 0x51E9, 0x51EA,
    0x51EA, 0x49A9, 0x49A8, 0x4988, 0x4988, 0x4167, 0x4167, 0x4167, 0x4167, 0x3967, 0x3947, 0x3946,
    0x3126, 0x3126, 0x3946, 0x3946, 0x3946, 0x3946, 0x3967, 0x3967, 0x3946, 0x3946, 0x3947, 0x4167,
    0x4167, 0x4167, 0x4167, 0x4167, 0x4167, 0x4167, 0x3946, 0x3946, 0x4167, 0x4167, 0x4167, 0x4167,
    0x3967, 0x3946, 0x3946, 0x3966, 0x3967, 0x3946, 0x3946, 0x3966, 0x3966, 0x3146, 0x3126, 0x3125,
    0x3126, 0x3126, 0x3126, 0x3126, 0x3126, 0x3946, 0x3947, 0x3967, 0x4167, 0x4167, 0x4167, 0x4167,
    0x4167, 0x4167, 0x4167, 0x4147, 0x4167, 0x4167, 0x4167, 0x4167, 0x4167, 0x4167, 0x3947, 0x3967,
    0x3947, 0x3967, 0x4167, 0x3967, 0x3146, 0x3946, 0x3947, 0x4167, 0x3967, 0x4167, 0x4167, 0x3946,
    0x3126, 0x3126, 0x2905, 0x2905, 0x3106, 0x3947, 0x4167, 0x4167, 0x4147, 0x3967, 0x3966, 0x3146,
    0x2905, 0x28E5, 0x2905, 0x3105, 0x3105, 0x3946, 0x3967, 0x3967, 0x3967, 0x4167, 0x4187, 0x4167,
    0x4167, 0x4167, 0x3967, 0x3946, 0x3946, 0x3946, 0x3146, 0x3106, 0x28E5, 0x2905, 0x3126, 0x3946,
    0x3947, 0x3947, 0x3967, 0x4167, 0x4167, 0x4167, 0x3967, 0x3967, 0x3946, 0x3946, 0x3926, 0x3126,
    0x3126, 0x3126, 0x3946, 0x3967, 0x4167, 0x4188, 0x49A8, 0x4167, 0x4188, 0x4988, 0x49A8, 0x4988,
    0x4167, 0x4168, 0x4188, 0x4188, 0x49A8, 0x49C8, 0x49A9, 0x51A9, 0x51C9, 0x51A9, 0x51A9, 0x51C9,
    0x51C9, 0x51A9, 0x51C9, 0x49A9, 0x49A8, 0x49A8, 0x49A8, 0x49A8, 0x4988, 0x4167, 0x4147, 0x4147,
    0x4147, 0x4147, 0x4167, 0x4167, 0x4188, 0x4988, 0x49A8, 0x49A8, 0x49A8, 0x49C8, 0x49A8, 0x4188,
    0x4187, 0x4167, 0x4167, 0x4167, 0x3947, 0x3126, 0x3105, 0x3126, 0x3946, 0x3126, 0x2905, 0x3105,
    0x3125, 0x3125, 0x3126, 0x3126, 0x3126, 0x3926, 0x3926, 0x3946, 0x4167, 0x4167, 0x4167, 0x4167,
    0x4167, 0x4167, 0x4167, 0x4167, 0x4167, 0x4167, 0x4167, 0x4167, 0x3946, 0x3926, 0x4147, 0x4167,
    0x4167, 0x3946, 0x3125, 0x2905, 0x2905, 0x3126, 0x3926, 0x3126, 0x3126, 0x3126, 0x3926, 0x3946,
    0x3946, 0x3946, 0x3926, 0x3946, 0x3947, 0x4167, 0x4167, 0x4167, 0x4147, 0x3947, 0x3946, 0x3947,
    0x4167, 0x4167, 0x4167, 0x4167, 0x4147, 0x3947, 0x4167, 0x4167, 0x4167, 0x4167, 0x3926, 0x4167,
    0x4167, 0x4167, 0x4167, 0x4167, 0x4187, 0x4187, 0x3967, 0x4167, 0x4167, 0x4167, 0x4988, 0x49A8,
    0x4167, 0x4167, 0x4167, 0x4167, 0x4167, 0x4167, 0x3946, 0x3946, 0x3105, 0x2905, 0x3125, 0x3126,
    0x3946, 0x3946, 0x3946, 0x3946, 0x4167, 0x4167, 0x4167, 0x4167, 0x4167, 0x3947, 0x3946, 0x3946,
    0x3946, 0x3146, 0x2905, 0x20C4, 0x18C3, 0x20C4, 0x18C4, 0x20C4, 0x18A3, 0x18A3, 0x1883, 0x1883,
    0x18A3, 0x18A3, 0x18A3, 0x18A3, 0x18C4, 0x18A3, 0x18A3, 0x18A3, 0x1883, 0x1883, 0x18A3, 0x20C4,
    0x20E4, 0x28E5, 0x28E5, 0x28C4, 0x3105, 0x3126, 0x3967, 0x3946, 0x3125, 0x3125, 0x3125, 0x3105,
    0x3125, 0x3126, 0x3105, 0x2905, 0x2905, 0x2905, 0x28E5, 0x3126, 0x3967, 0x4167, 0x4167, 0x4167,
    0x3967, 0x3926, 0x3105, 0x2905, 0x20E4, 0x20C4, 0x18C3, 0x18C4, 0x18C4, 0x20C4, 0x20C4, 0x18C4,
    0x20C4, 0x20C4, 0x18A3, 0x20C4, 0x28E5, 0x28E4, 0x28E4, 0x28E4, 0x28E5, 0x28E5, 0x28E5, 0x28E5,
    0x28E5, 0x2905, 0x2905, 0x2905, 0x28E5, 0x28E5, 0x28E5, 0x28E5, 0x28E5, 0x28E5, 0x2905, 0x2905,
    0x2905, 0x2905, 0x2905, 0x2905, 0x2905, 0x2905, 0x2905, 0x2905, 0x2905, 0x2905, 0x2905, 0x2905,
    0x2905, 0x2905, 0x28E5, 0x20C4, 0x20A4, 0x20C4, 0x20C4, 0x20C4, 0x20E4, 0x28E5, 0x3106, 0x4167,
    0x4988, 0x49A8, 0x51C9, 0x51C9, 0x51EA, 0x51EA, 0x49C9, 0x49A8, 0x4988, 0x4188, 0x4187, 0x4167,
    0x3947, 0x3967, 0x3967, 0x3946, 0x3126, 0x3126, 0x3106, 0x3126, 0x3126, 0x3126, 0x3946, 0x3967,
    0x3967, 0x3946, 0x3946, 0x3946, 0x3947, 0x4147, 0x4167, 0x4187, 0x4187, 0x4187, 0x4167, 0x4167,
    0x3946, 0x3946, 0x4167, 0x4167, 0x4167, 0x4167, 0x4167, 0x3967, 0x3947, 0x3946, 0x3946, 0x3146,
    0x3946, 0x3946, 0x3126, 0x3126, 0x3126, 0x3126, 0x3126, 0x3125, 0x3126, 0x3126, 0x3926, 0x3946,
    0x3947, 0x3947, 0x3947, 0x4167, 0x4167, 0x4167, 0x4167, 0x4147, 0x4167, 0x4167, 0x4167, 0x4167,
    0x4168, 0x4147, 0x3947, 0x4167, 0x4167, 0x4167, 0x4167, 0x4167, 0x3947, 0x3967, 0x3946, 0x3947,
    0x3126, 0x3126, 0x3926, 0x3926, 0x3105, 0x3106, 0x3126, 0x3126, 0x3946, 0x3967, 0x3967, 0x3967,
    0x3947, 0x3926, 0x3125, 0x3126, 0x3105, 0x3105, 0x3126, 0x3126, 0x3946, 0x4187, 0x4187, 0x4167,
    0x4187, 0x4187, 0x4167, 0x4167, 0x3946, 0x3946, 0x3126, 0x3126, 0x3126, 0x3126, 0x3946, 0x3126,
    0x3106, 0x3926, 0x3947, 0x4167, 0x4167, 0x4187, 0x4167, 0x4167, 0x4167, 0x4167, 0x3967, 0x3947,
    0x3926, 0x3926, 0x3946, 0x3946, 0x3946, 0x3947, 0x3946, 0x4167, 0x4167, 0x49A8, 0x49A8, 0x4188,
    0x4188, 0x4988, 0x49A8, 0x4988, 0x4988, 0x4988, 0x4988, 0x4988, 0x49A8, 0x49C9, 0x51A9, 0x51A9,
    0x51C9, 0x51A9, 0x51A9, 0x51C9, 0x51A9, 0x49A9, 0x49A9, 0x49A9, 0x49A8, 0x4188, 0x4188, 0x4988,
    0x4167, 0x4167, 0x4147, 0x4147, 0x4147, 0x4167, 0x4167, 0x4167, 0x4988, 0x49A8, 0x49A8, 0x49A8,
    0x49C8, 0x49C8, 0x49A8, 0x4187, 0x4167, 0x4167, 0x4167, 0x3947, 0x3946, 0x3126, 0x3126, 0x3146,
    0x3146, 0x3105, 0x2905, 0x2905, 0x3125, 0x3125, 0x3126, 0x3126, 0x3126, 0x3926, 0x3946, 0x4167,
    0x4187, 0x4167, 0x4167, 0x4167, 0x4167, 0x4167, 0x4167, 0x4167, 0x4167, 0x4167, 0x4167, 0x4147,
    0x4147, 0x4147, 0x4167, 0x3946, 0x3946, 0x3146, 0x3125, 0x3105, 0x3105, 0x3146, 0x3946, 0x3126,
    0x3126, 0x3946, 0x3947, 0x3947, 0x3947, 0x3947, 0x3947, 0x3947, 0x4167, 0x4167, 0x4167, 0x4167,
    0x3947, 0x3946, 0x3946, 0x4147, 0x4167, 0x4167, 0x4167, 0x4167, 0x4147, 0x4147, 0x4167, 0x3947,
    0x4167, 0x4167, 0x4147, 0x4167, 0x4167, 0x4167, 0x4167, 0x4187, 0x4187, 0x4167, 0x4147, 0x4167,
    0x4188, 0x4988, 0x49A8, 0x4988, 0x4167, 0x4147, 0x4167, 0x4167, 0x4167, 0x4147, 0x3946, 0x3946,
    0x2905, 0x2905, 0x3146, 0x3146, 0x3946, 0x3946, 0x3946, 0x3966, 0x4187, 0x4167, 0x4167, 0x4167,
    0x4167, 0x3947, 0x3946, 0x3946, 0x3966, 0x3946, 0x3125, 0x28E4, 0x20E4, 0x28E5, 0x2905, 0x28E5,
    0x20E4, 0x20C4, 0x18A4, 0x20A3, 0x20A4, 0x20C4, 0x20A4, 0x20A4, 0x20A3, 0x20C4, 0x18A3, 0x20A4,
    0x20C4, 0x20C4, 0x20E4, 0x28E5, 0x3105, 0x3126, 0x3126, 0x3105, 0x3146, 0x3966, 0x4167, 0x3967,
    0x3125, 0x3126, 0x3125, 0x3105, 0x3126, 0x3146, 0x3126, 0x3105, 0x2925, 0x2925, 0x2905, 0x3125,
    0x3947, 0x4168, 0x4188, 0x4988, 0x4188, 0x4167, 0x3946, 0x3926, 0x3105, 0x28E5, 0x20E4, 0x20E4,
    0x20E4, 0x20C4, 0x20C4, 0x18A3, 0x18C3, 0x18C3, 0x18A3, 0x20C4, 0x20E4, 0x20E4, 0x28E4, 0x20C4,
    0x20C4, 0x28C4, 0x28E4, 0x20C4, 0x28C4, 0x28E4, 0x28E5, 0x28E5, 0x28E5, 0x28E5, 0x2905, 0x2905,
    0x2904, 0x2905, 0x28E5, 0x28E5, 0x2905, 0x2905, 0x2905, 0x2905, 0x2905, 0x2905, 0x2905, 0x2905,
    0x2905, 0x2905, 0x2905, 0x2905, 0x2905, 0x2905, 0x2905, 0x28E5, 0x20C4, 0x20C4, 0x20C4, 0x20E4,
    0x28E4, 0x2905, 0x3126, 0x4167, 0x4988, 0x49A8, 0x49A8, 0x49A9, 0x51C9, 0x51EA, 0x51C9, 0x49A9,
    0x49A8, 0x4188, 0x4188, 0x4167, 0x4147, 0x4167, 0x3967, 0x3947, 0x3946, 0x3126, 0x3126, 0x3126,
    0x3126, 0x3126, 0x3126, 0x3946, 0x3946, 0x3946, 0x3926, 0x3926, 0x3926, 0x3947, 0x4167, 0x4167,
    0x4167, 0x4167, 0x4167, 0x4167, 0x4167, 0x3947, 0x4147, 0x4167, 0x4167, 0x4167, 0x4167, 0x4167,
    0x3967, 0x3967, 0x3947, 0x3946, 0x3966, 0x3946, 0x3946, 0x3946, 0x3946, 0x3146, 0x3126, 0x3125,
    0x3105, 0x3106, 0x3126, 0x3126, 0x3946, 0x3946, 0x3947, 0x3947, 0x4167, 0x4167, 0x4147, 0x4167,
    0x4167, 0x4167, 0x4167, 0x4167, 0x4168, 0x4147, 0x4147, 0x4167, 0x4168, 0x4168, 0x4168, 0x4167,
    0x3947, 0x3946, 0x3126, 0x3105, 0x2905, 0x28E5, 0x3126, 0x3946, 0x3946, 0x3947, 0x4167, 0x4167,
    0x3967, 0x3946, 0x3106, 0x3106, 0x2905, 0x28E5, 0x3105, 0x3126, 0x3946, 0x3967, 0x4167, 0x4187,
    0x4187, 0x4187, 0x4167, 0x4167, 0x4167, 0x3966, 0x3946, 0x3926, 0x3926, 0x3105, 0x28E5, 0x2905,
    0x3105, 0x3926, 0x4167, 0x4167, 0x4167, 0x4187, 0x4167, 0x4167, 0x4167, 0x4167, 0x4167, 0x4147,
    0x4167, 0x4167, 0x3947, 0x3947, 0x3946, 0x3946, 0x3947, 0x4167, 0x4167, 0x4187, 0x4187, 0x4167,
    0x4188, 0x4988, 0x4988, 0x4988, 0x4167, 0x4187, 0x41A8, 0x4188, 0x49A8, 0x49A9, 0x49A9, 0x49A9,
    0x51A9, 0x51A9, 0x51A9, 0x51A9, 0x51A9, 0x51A9, 0x51A9, 0x49A9, 0x49A9, 0x49A9, 0x49A9, 0x49A8,
    0x4188, 0x4167, 0x4147, 0x4167, 0x4147, 0x4147, 0x4147, 0x4147, 0x4147, 0x4147, 0x4167, 0x4988,
    0x49C9, 0x49A8, 0x4988, 0x4188, 0x49A7, 0x49A8, 0x4187, 0x3967, 0x3946, 0x3946, 0x3926, 0x3926,
    0x3926, 0x3146, 0x3126, 0x3126, 0x3125, 0x2905, 0x3125, 0x3126, 0x3125, 0x2925, 0x3125, 0x3126,
    0x3926, 0x3946, 0x4187, 0x4187, 0x4167, 0x4167, 0x4167, 0x4167, 0x4167, 0x4167, 0x4167, 0x4167,
    0x4167, 0x4167, 0x4167, 0x4167, 0x4167, 0x4167, 0x4167, 0x3126, 0x3105, 0x3105, 0x3125, 0x3126,
    0x3126, 0x3126, 0x3146, 0x3125, 0x3126, 0x3946, 0x4167, 0x4167, 0x4167, 0x4167, 0x4167, 0x4147,
    0x4167, 0x4167, 0x4167, 0x4147, 0x4147, 0x3946, 0x4167, 0x4167, 0x4167, 0x4167, 0x4167, 0x4167,
    0x4167, 0x4167, 0x4167, 0x3926, 0x3947, 0x4167, 0x4187, 0x4167, 0x4167, 0x4167, 0x4167, 0x4987,
    0x4167, 0x4147, 0x4147, 0x4988, 0x49A8, 0x49A8, 0x49A8, 0x4188, 0x4167, 0x3947, 0x4167, 0x4167,
    0x4147, 0x3946, 0x3946, 0x3926, 0x2905, 0x3125, 0x3146, 0x3146, 0x3946, 0x3946, 0x3946, 0x3966,
    0x4187, 0x4167, 0x4167, 0x4167, 0x4167, 0x3946, 0x3946, 0x3946, 0x3146, 0x3126, 0x2905, 0x28E4,
    0x2905, 0x3125, 0x3126, 0x3946, 0x3146, 0x2925, 0x2905, 0x28E5, 0x28E4, 0x20C4, 0x20C4, 0x28E4,
    0x20C4, 0x28E4, 0x28E5, 0x2905, 0x2905, 0x2905, 0x2925, 0x3126, 0x3946, 0x3946, 0x3126, 0x3926,
    0x3946, 0x4167, 0x4167, 0x4167, 0x3126, 0x3125, 0x3126, 0x3125, 0x3946, 0x3946, 0x3946, 0x3126,
    0x3125, 0x2925, 0x2905, 0x3125, 0x3947, 0x4167, 0x4167, 0x4168, 0x4168, 0x4188, 0x4187, 0x4167,
    0x3946, 0x3126, 0x3125, 0x2905, 0x28E5, 0x28E4, 0x20C4, 0x18A3, 0x18A3, 0x18A3, 0x18A3, 0x18A3,
    0x20C4, 0x20C4, 0x28E4, 0x28E4, 0x28E4, 0x28C4, 0x28E4, 0x20E4, 0x28E4, 0x2905, 0x2905, 0x2905,
    0x2905, 0x2905, 0x2905, 0x2905, 0x2905, 0x2905, 0x2905, 0x28E5, 0x2905, 0x2905, 0x28E5, 0x28E5,
    0x28E5, 0x28E5, 0x28E5, 0x2905, 0x2905, 0x2905, 0x2905, 0x2905, 0x2905, 0x2905, 0x2905, 0x2905,
    0x28E5, 0x28E5, 0x28E5, 0x2904, 0x2905, 0x3966, 0x4187, 0x4988, 0x4988, 0x4988, 0x4988, 0x49A8,
    0x49A9, 0x51C9, 0x51E9, 0x49A9, 0x49A8, 0x4188, 0x4168, 0x4167, 0x4167, 0x4147, 0x3947, 0x3947,
    0x3946, 0x3946, 0x3946, 0x3967, 0x3946, 0x3126, 0x3126, 0x3126, 0x3126, 0x3946, 0x3946, 0x3946,
    0x3926, 0x3947, 0x3947, 0x4167, 0x4147, 0x3947, 0x4167, 0x4168, 0x4167, 0x4168, 0x4168, 0x4167,
    0x4167, 0x4147, 0x4168, 0x4168, 0x4168, 0x4167, 0x4167, 0x4167, 0x3946, 0x3946, 0x3946, 0x3966,
    0x3967, 0x3946, 0x3146, 0x3126, 0x2905, 0x2905, 0x3105, 0x3106, 0x3126, 0x3946, 0x3947, 0x3947,
    0x3946, 0x3947, 0x3946, 0x3947, 0x4167, 0x4167, 0x4167, 0x4167, 0x4167, 0x4167, 0x4167, 0x4167,
    0x4168, 0x4168, 0x4188, 0x4168, 0x3926, 0x3926, 0x3126, 0x3105, 0x3106, 0x3126, 0x3946, 0x3967,
    0x3967, 0x3967, 0x3967, 0x3946, 0x3946, 0x3126, 0x3105, 0x2905, 0x2905, 0x3106, 0x3946, 0x4167,
    0x4167, 0x4187, 0x4187, 0x4187, 0x4187, 0x4167, 0x3946, 0x3966, 0x3946, 0x3926, 0x3125, 0x3126,
    0x3126, 0x3126, 0x3105, 0x3126, 0x3946, 0x4147, 0x4167, 0x4988, 0x4988, 0x4187, 0x4167, 0x4167,
    0x4167, 0x4167, 0x4167, 0x3947, 0x4147, 0x3947, 0x3947, 0x3967, 0x3947, 0x3967, 0x3967, 0x4187,
    0x4188, 0x4188, 0x4188, 0x4187, 0x4988, 0x4988, 0x4988, 0x4988, 0x4188, 0x4188, 0x41A8, 0x4188,
    0x49A9, 0x49A9, 0x49A9, 0x51C9, 0x51C9, 0x51C9, 0x51C9, 0x49A9, 0x49A9, 0x49A9, 0x49A8, 0x49A8,
    0x4988, 0x49A8, 0x4988, 0x4168, 0x4167, 0x3947, 0x3947, 0x4147, 0x4147, 0x4167, 0x4167, 0x4167,
    0x4167, 0x4188, 0x4988, 0x49A8, 0x49C9, 0x49A8, 0x4188, 0x4167, 0x4167, 0x4187, 0x3967, 0x3926,
    0x3126, 0x3126, 0x3126, 0x3126, 0x3126, 0x3126, 0x3126, 0x3125, 0x2905, 0x2905, 0x3126, 0x3146,
    0x3126, 0x3125, 0x3126, 0x3946, 0x3947, 0x4167, 0x4188, 0x4988, 0x4167, 0x4167, 0x4167, 0x4167,
    0x4188, 0x4167, 0x4167, 0x4167, 0x4167, 0x4167, 0x4167, 0x4167, 0x4147, 0x3946, 0x3126, 0x3105,
    0x28E5, 0x2905, 0x3126, 0x3125, 0x3125, 0x3126, 0x3106, 0x3126, 0x3926, 0x4167, 0x4167, 0x4167,
    0x4168, 0x4167, 0x4167, 0x4167, 0x4167, 0x4167, 0x3947, 0x3947, 0x4167, 0x3947, 0x4167, 0x4167,
    0x4167, 0x4167, 0x4167, 0x4167, 0x4167, 0x4167, 0x3947, 0x3946, 0x3946, 0x4167, 0x4187, 0x4187,
    0x4187, 0x4187, 0x4187, 0x4187, 0x4167, 0x4167, 0x4167, 0x4988, 0x49C9, 0x49A8, 0x49A8, 0x4187,
    0x4167, 0x3947, 0x4167, 0x4167, 0x4147, 0x3926, 0x3946, 0x3126, 0x2905, 0x3126, 0x3126, 0x3146,
    0x3146, 0x3946, 0x3946, 0x3947, 0x4167, 0x4167, 0x4167, 0x4167, 0x4167, 0x3946, 0x3946, 0x3946,
    0x3126, 0x2905, 0x28E5, 0x28E4, 0x2905, 0x3125, 0x3146, 0x3967, 0x4167, 0x3946, 0x3126, 0x3125,
    0x3105, 0x3106, 0x3106, 0x3105, 0x2905, 0x3105, 0x3126, 0x3126, 0x3146, 0x3146, 0x3946, 0x3946,
    0x4146, 0x4146, 0x3946, 0x3946, 0x3946, 0x4167, 0x4167, 0x4147, 0x3126, 0x3126, 0x3126, 0x3126,
    0x3946, 0x3946, 0x3946, 0x3946, 0x3125, 0x2925, 0x2905, 0x3126, 0x3947, 0x4168, 0x4168, 0x4168,
    0x4168, 0x4188, 0x4188, 0x4987, 0x4167, 0x3946, 0x3946, 0x3126, 0x3125, 0x3125, 0x2905, 0x28E4,
    0x20E4, 0x20C4, 0x20A3, 0x20A3, 0x20A4, 0x20E4, 0x28E5, 0x28E5, 0x28E5, 0x28E4, 0x28E4, 0x28E4,
    0x2905, 0x2905, 0x3105, 0x3105, 0x3105, 0x3105, 0x3105, 0x3105, 0x3125, 0x3125, 0x3105, 0x3105,
    0x3126, 0x3126, 0x3126, 0x3126, 0x3126, 0x3126, 0x3126, 0x3146, 0x3146, 0x3126, 0x3126, 0x3126,
    0x3126, 0x3126, 0x3126, 0x3126, 0x3126, 0x3126, 0x3146, 0x3126, 0x3126, 0x4187, 0x4988, 0x4988,
    0x4988, 0x4188, 0x4188, 0x4988, 0x49A9, 0x51C9, 0x51C9, 0x49A9, 0x49A8, 0x4988, 0x4188, 0x4188,
    0x4167, 0x4167, 0x4147, 0x4167, 0x3947, 0x3946, 0x3967, 0x3967, 0x3946, 0x3946, 0x3126, 0x3126,
    0x3105, 0x3126, 0x3926, 0x3946, 0x3946, 0x3947, 0x3947, 0x3946, 0x3946, 0x3946, 0x3947, 0x4167,
    0x4167, 0x4188, 0x4188, 0x4167, 0x4167, 0x4167, 0x4168, 0x4168, 0x4168, 0x4168, 0x4167, 0x4167,
    0x4167, 0x3947, 0x3946, 0x3947, 0x3946, 0x3966, 0x3946, 0x3146, 0x3126, 0x3105, 0x2905, 0x2905,
    0x3106, 0x3126, 0x3126, 0x3146, 0x3126, 0x3946, 0x3146, 0x3946, 0x3967, 0x4167, 0x4167, 0x4167,
    0x4167, 0x4168, 0x4168, 0x4167, 0x4168, 0x4168, 0x4188, 0x4168, 0x3926, 0x3947, 0x4147, 0x3947,
    0x3947, 0x4167, 0x3967, 0x3947, 0x3126, 0x3946, 0x3126, 0x3106, 0x3126, 0x3926, 0x3946, 0x3947,
    0x3967, 0x4167, 0x4187, 0x4988, 0x4187, 0x4167, 0x3967, 0x3967, 0x3967, 0x3946, 0x3126, 0x3126,
    0x3105, 0x3105, 0x3105, 0x3946, 0x3967, 0x4167, 0x4167, 0x4167, 0x4167, 0x4167, 0x4167, 0x4187,
    0x4187, 0x4167, 0x4167, 0x3967, 0x3947, 0x3947, 0x3947, 0x3946, 0x3926, 0x3946, 0x3947, 0x3967,
    0x4167, 0x4187, 0x4187, 0x4188, 0x4988, 0x4988, 0x4988, 0x4988, 0x4988, 0x49A8, 0x4988, 0x4988,
    0x4988, 0x49A9, 0x49A9, 0x49A9, 0x49A9, 0x49A9, 0x49A9, 0x49A9, 0x51C9, 0x51C9, 0x49C9, 0x49C8,
    0x49C8, 0x49A8, 0x49A8, 0x4187, 0x4167, 0x4167, 0x4167, 0x3947, 0x3947, 0x4147, 0x4167, 0x4167,
    0x4167, 0x4167, 0x4188, 0x4988, 0x49A8, 0x49A8, 0x49A8, 0x4988, 0x4988, 0x4988, 0x4167, 0x3947,
    0x4167, 0x3946, 0x3126, 0x3125, 0x3126, 0x3146, 0x3146, 0x3126, 0x2905, 0x2905, 0x2905, 0x2925,
    0x2905, 0x3125, 0x3126, 0x3126, 0x3126, 0x3146, 0x3946, 0x4167, 0x4167, 0x4167, 0x4167, 0x4168,
    0x4168, 0x4188, 0x4988, 0x4988, 0x4188, 0x4167, 0x4167, 0x4167, 0x4167, 0x4167, 0x4167, 0x3967,
    0x3106, 0x2905, 0x2905, 0x2905, 0x3125, 0x2905, 0x2905, 0x2905, 0x2905, 0x2905, 0x3106, 0x3946,
    0x3946, 0x4167, 0x4168, 0x4167, 0x4168, 0x4167, 0x4167, 0x4167, 0x4147, 0x3947, 0x3946, 0x4147,
    0x4167, 0x4167, 0x4167, 0x4167, 0x4167, 0x4167, 0x4167, 0x4167, 0x4168, 0x4147, 0x3926, 0x4147,
    0x3946, 0x3947, 0x4167, 0x4187, 0x4187, 0x4187, 0x49A8, 0x4167, 0x3966, 0x4187, 0x49A8, 0x49A9,
    0x49C9, 0x49A8, 0x4187, 0x4167, 0x4167, 0x4167, 0x4167, 0x4167, 0x4147, 0x3946, 0x3126, 0x28E5,
    0x2905, 0x3126, 0x3106, 0x3126, 0x3146, 0x3146, 0x3946, 0x3947, 0x4167, 0x4167, 0x4167, 0x4167,
    0x4167, 0x3946, 0x3946, 0x3946, 0x3105, 0x2905, 0x28E5, 0x28E4, 0x28E5, 0x3105, 0x3926, 0x4167,
    0x4167, 0x4167, 0x3946, 0x3946, 0x3926, 0x3947, 0x3947, 0x3946, 0x3126, 0x3126, 0x3126, 0x3146,
    0x3946, 0x3946, 0x3946, 0x3946, 0x3946, 0x3946, 0x3926, 0x3946, 0x3946, 0x4167, 0x4167, 0x3946,
    0x3946, 0x3946, 0x3926, 0x3126, 0x3946, 0x4167, 0x3947, 0x3946, 0x3125, 0x2925, 0x2905, 0x3126,
    0x3967, 0x4167, 0x4168, 0x4167, 0x4167, 0x4168, 0x4168, 0x4167, 0x4167, 0x3947, 0x3946, 0x3946,
    0x3946, 0x3146, 0x3146, 0x3146, 0x3146, 0x3105, 0x28E5, 0x28E4, 0x28E5, 0x2905, 0x2905, 0x3125,
    0x2905, 0x2905, 0x3105, 0x3126, 0x3126, 0x3947, 0x3967, 0x3967, 0x4167, 0x4167, 0x4167, 0x4167,
    0x4187, 0x4187, 0x4167, 0x4167, 0x4187, 0x4187, 0x4187, 0x4167, 0x4187, 0x49A8, 0x49A8, 0x49A8,
    0x49A8, 0x49A8, 0x4988, 0x4188, 0x4188, 0x4168, 0x4168, 0x4168, 0x4168, 0x4187, 0x4187, 0x4167,
    0x3947, 0x3946, 0x3947, 0x4188, 0x4988, 0x4188, 0x4188, 0x4988, 0x49A8, 0x49A9, 0x49A9, 0x49A9,
    0x49A8, 0x49A8, 0x49A8, 0x4188, 0x4167, 0x4167, 0x4168, 0x4168, 0x4147, 0x3946, 0x3946, 0x3946,
    0x3946, 0x3966, 0x3946, 0x3926, 0x3126, 0x3126, 0x3105, 0x3126, 0x3946, 0x3967, 0x3947, 0x3946,
    0x3946, 0x3946, 0x3946, 0x4167, 0x4167, 0x4188, 0x4188, 0x4168, 0x4188, 0x4168, 0x4167, 0x4168,
    0x4168, 0x4168, 0x4168, 0x4168, 0x4188, 0x4167, 0x4167, 0x3967, 0x3946, 0x3946, 0x3966, 0x3966,
    0x3946, 0x3926, 0x3106, 0x3105, 0x3106, 0x2905, 0x3105, 0x3126, 0x3946, 0x3946, 0x3946, 0x3946,
    0x3946, 0x3947, 0x3967, 0x4167, 0x4167, 0x4167, 0x4168, 0x4168, 0x4168, 0x4168, 0x4168, 0x4168,
};
